header,title,titleUrl,subtitles,time,products,activityControls,description,details,channel_name
YouTube,ぱんちどらいくどうーまん2話 を視聴しました,https://www.youtube.com/watch?v=z95G5woMo_Y,"[{""name"": ""K"", ""url"": ""https://www.youtube.com/channel/UCTGbg-vP0vLXr6A4fbTdPrg""}]",2026-01-31 21:55:33.224000,"[""YouTube""]","[""YouTube \u306e\u518d\u751f\u5c65\u6b74""]",,,error
YouTube,【神回】バイトやらかし2022【やらかしすぎ注意】 を視聴しました,https://www.youtube.com/watch?v=pSWkhDtZp30,"[{""name"": ""\u4e38\u5c71\u793c\u30c1\u30e3\u30f3\u30cd\u30eb"", ""url"": ""https://www.youtube.com/channel/UC0wwyS5MbDCdbLjbtOt0yew""}]",2026-01-31 20:57:40.893000,"[""YouTube""]","[""YouTube \u306e\u518d\u751f\u5c65\u6b74""]",,,丸山礼チャンネル
YouTube,【バイトやらかし】みんなのやらかしが止まらないので2回目やっちゃいますSP を視聴しました,https://www.youtube.com/watch?v=d7sRBjivaqs,"[{""name"": ""\u4e38\u5c71\u793c\u30c1\u30e3\u30f3\u30cd\u30eb"", ""url"": ""https://www.youtube.com/channel/UC0wwyS5MbDCdbLjbtOt0yew""}]",2026-01-31 20:45:29.880000,"[""YouTube""]","[""YouTube \u306e\u518d\u751f\u5c65\u6b74""]",,,丸山礼チャンネル
YouTube,【神回】みんなのバイトやらかし話が面白すぎて全国民必見だと思う【丸山礼】 を視聴しました,https://www.youtube.com/watch?v=H8rHrGSLSOQ,"[{""name"": ""\u4e38\u5c71\u793c\u30c1\u30e3\u30f3\u30cd\u30eb"", ""url"": ""https://www.youtube.com/channel/UC0wwyS5MbDCdbLjbtOt0yew""}]",2026-01-31 20:30:07.201000,"[""YouTube""]","[""YouTube \u306e\u518d\u751f\u5c65\u6b74""]",,,丸山礼チャンネル
YouTube,【カラオケ】人生いろいろ / 島倉千代子 を視聴しました,https://www.youtube.com/watch?v=CqQCWD2MDT8,"[{""name"": ""\u30ab\u30e9\u30aa\u30b1\u6b4c\u3063\u3061\u3083\u738b"", ""url"": ""https://www.youtube.com/channel/UC1tk9F5-MGXEq4LWnjmrtpA""}]",2026-01-31 20:24:26.885000,"[""YouTube""]","[""YouTube \u306e\u518d\u751f\u5c65\u6b74""]",,,カラオケ歌っちゃ王
YouTube,【おうちカラオケ】津軽海峡・冬景色／石川さゆり【期間限定】 を視聴しました,https://www.youtube.com/watch?v=9-m6j_XOf2I,"[{""name"": ""\u30ab\u30e9\u30aa\u30b1DAM\u516c\u5f0f\u30c1\u30e3\u30f3\u30cd\u30eb"", ""url"": ""https://www.youtube.com/channel/UCCq0LTOLQi6oaeWHylP0qBA""}]",2026-01-31 20:22:01.228000,"[""YouTube""]","[""YouTube \u306e\u518d\u751f\u5c65\u6b74""]",,,カラオケDAM公式チャンネル
YouTube,【カラオケ】襟裳岬/森 進一 を視聴しました,https://www.youtube.com/watch?v=ypS99wRj_aY,"[{""name"": ""\u30ab\u30e9\u30aa\u30b1\u6b4c\u3063\u3061\u3083\u738b"", ""url"": ""https://www.youtube.com/channel/UC1tk9F5-MGXEq4LWnjmrtpA""}]",2026-01-31 20:17:33.946000,"[""YouTube""]","[""YouTube \u306e\u518d\u751f\u5c65\u6b74""]",,,カラオケ歌っちゃ王
YouTube,【カラオケ】空も飛べるはず / スピッツ を視聴しました,https://www.youtube.com/watch?v=MpJ3e-Gqeec,"[{""name"": ""\u30ab\u30e9\u30aa\u30b1\u6b4c\u3063\u3061\u3083\u738b"", ""url"": ""https://www.youtube.com/channel/UC1tk9F5-MGXEq4LWnjmrtpA""}]",2026-01-31 20:15:38.250000,"[""YouTube""]","[""YouTube \u306e\u518d\u751f\u5c65\u6b74""]",,,カラオケ歌っちゃ王
YouTube,"練習用カラオケ♬ 雪の華 - 中島美嘉 【ガイドメロディ付】 インスト, BGM, 歌詞 を視聴しました",https://www.youtube.com/watch?v=bNyhOZttSdQ,"[{""name"": ""EdKara"", ""url"": ""https://www.youtube.com/channel/UCRrNOLvQ1LztDKbXtxvDAEQ""}]",2026-01-31 20:13:23.154000,"[""YouTube""]","[""YouTube \u306e\u518d\u751f\u5c65\u6b74""]",,,EdKara
YouTube,【カラオケ】白い恋人達 / 桑田佳祐 を視聴しました,https://www.youtube.com/watch?v=oUoUEsUwDPE,"[{""name"": ""\u30ab\u30e9\u30aa\u30b1\u6b4c\u3063\u3061\u3083\u738b"", ""url"": ""https://www.youtube.com/channel/UC1tk9F5-MGXEq4LWnjmrtpA""}]",2026-01-31 20:10:43.305000,"[""YouTube""]","[""YouTube \u306e\u518d\u751f\u5c65\u6b74""]",,,カラオケ歌っちゃ王
YouTube,NL-NL | D7636 | Blank Again | Mix | Seller | 16x9 | 15s | .mp4 を視聴しました,https://www.youtube.com/watch?v=HJ-ZJEI1f-A,,2026-01-31 20:10:29.840000,"[""YouTube""]","[""\u30a6\u30a7\u30d6\u3068\u30a2\u30d7\u30ea\u306e\u30a2\u30af\u30c6\u30a3\u30d3\u30c6\u30a3"", ""YouTube \u306e\u518d\u751f\u5c65\u6b74"", ""YouTube \u306e\u691c\u7d22\u5c65\u6b74""]",21:10 で再生済み,"[{""name"": ""Google \u5e83\u544a\u304b\u3089""}]",Vinted
YouTube,【カラオケ】どんなときも。/ 槇原敬之 を視聴しました,https://www.youtube.com/watch?v=P3GoNnp2j-4,"[{""name"": ""\u30ab\u30e9\u30aa\u30b1\u6b4c\u3063\u3061\u3083\u738b"", ""url"": ""https://www.youtube.com/channel/UC1tk9F5-MGXEq4LWnjmrtpA""}]",2026-01-31 20:10:21.093000,"[""YouTube""]","[""YouTube \u306e\u518d\u751f\u5c65\u6b74""]",,,カラオケ歌っちゃ王
YouTube,【カラオケ】もう恋なんてしない / 槇原敬之 を視聴しました,https://www.youtube.com/watch?v=nAdOIMNMC7E,"[{""name"": ""\u30ab\u30e9\u30aa\u30b1\u6b4c\u3063\u3061\u3083\u738b"", ""url"": ""https://www.youtube.com/channel/UC1tk9F5-MGXEq4LWnjmrtpA""}]",2026-01-31 20:06:00.808000,"[""YouTube""]","[""YouTube \u306e\u518d\u751f\u5c65\u6b74""]",,,カラオケ歌っちゃ王
YouTube,×(修正版あり)【カラオケ】波乗りジョニー / 桑田佳祐 を視聴しました,https://www.youtube.com/watch?v=KUAQhOv4kGM,"[{""name"": ""\u30ab\u30e9\u30aa\u30b1\u6b4c\u3063\u3061\u3083\u738b"", ""url"": ""https://www.youtube.com/channel/UC1tk9F5-MGXEq4LWnjmrtpA""}]",2026-01-31 20:01:36.036000,"[""YouTube""]","[""YouTube \u306e\u518d\u751f\u5c65\u6b74""]",,,カラオケ歌っちゃ王
YouTube,Gymshark - Lift Seamless を視聴しました,https://www.youtube.com/watch?v=_YqoxaVI8kQ,,2026-01-31 20:01:27.399000,"[""YouTube""]","[""\u30a6\u30a7\u30d6\u3068\u30a2\u30d7\u30ea\u306e\u30a2\u30af\u30c6\u30a3\u30d3\u30c6\u30a3"", ""YouTube \u306e\u518d\u751f\u5c65\u6b74"", ""YouTube \u306e\u691c\u7d22\u5c65\u6b74""]",21:01 で再生済み,"[{""name"": ""Google \u5e83\u544a\u304b\u3089""}]",Gymshark
YouTube,BLUE OF LIBERTY Zepp羽田公演 を視聴しました,https://www.youtube.com/watch?v=gWn2g_U7chc,"[{""name"": ""K"", ""url"": ""https://www.youtube.com/channel/UCTGbg-vP0vLXr6A4fbTdPrg""}]",2026-01-31 19:16:45.154000,"[""YouTube""]","[""YouTube \u306e\u518d\u751f\u5c65\u6b74""]",,,error
YouTube,ショート動画作成ツールを使用しました,,,2026-01-31 16:22:55.953000,"[""YouTube""]","[""YouTube \u306e\u518d\u751f\u5c65\u6b74""]",,,error
YouTube,SixTONES - ST [YouTube Ver.] (from Album “1ST”) を視聴しました,https://www.youtube.com/watch?v=aOoJKTSn_cY,"[{""name"": ""SixTONES"", ""url"": ""https://www.youtube.com/channel/UCwjAKjycHHT1QzHrQN5Stww""}]",2026-01-31 15:36:39.333000,"[""YouTube""]","[""YouTube \u306e\u518d\u751f\u5c65\u6b74""]",,,SixTONES
YouTube,Altijd een goede deal. Wat je ook verbruikt. を視聴しました,https://www.youtube.com/watch?v=s2oe81_bE1c,,2026-01-31 15:36:36.628000,"[""YouTube""]","[""\u30a6\u30a7\u30d6\u3068\u30a2\u30d7\u30ea\u306e\u30a2\u30af\u30c6\u30a3\u30d3\u30c6\u30a3"", ""YouTube \u306e\u518d\u751f\u5c65\u6b74"", ""YouTube \u306e\u691c\u7d22\u5c65\u6b74""]",16:36 で再生済み,"[{""name"": ""Google \u5e83\u544a\u304b\u3089""}]",Energiedirect
YouTube,SixTONESのオールナイトニッポンサタデースペシャル  2026.01.31 を視聴しました,https://www.youtube.com/watch?v=i86W-ryszfg,"[{""name"": ""Sun Radio"", ""url"": ""https://www.youtube.com/channel/UCq88duEk46tPjlkDIIq4A3g""}]",2026-01-31 14:32:38.422000,"[""YouTube""]","[""YouTube \u306e\u518d\u751f\u5c65\u6b74""]",,,Sun Radio
YouTube,【櫻井翔×SixTONES】「声ちっちゃ！」翔くんへ総ツッコミの理由は？｜アスリートへ送る「一秒」へ込めた思い激白｜日本テレビ系2026アスリート応援ソング を視聴しました,https://www.youtube.com/watch?v=g80mbpo-IS4,"[{""name"": ""\u65e5\u30c6\u30ec\u30b9\u30dd\u30fc\u30c4\u3010\u516c\u5f0f\u3011"", ""url"": ""https://www.youtube.com/channel/UCWt0yfrBaUk148rxaOp4b4w""}]",2026-01-31 09:45:30.618000,"[""YouTube""]","[""YouTube \u306e\u518d\u751f\u5c65\u6b74""]",,,日テレスポーツ【公式】
YouTube,1月31日CUTIE STREETオンライン特典会 を視聴しました,https://www.youtube.com/watch?v=pgiL112z1W0,"[{""name"": ""CUTIE STREET"", ""url"": ""https://www.youtube.com/channel/UCEz-AFAg3EUKsxraad1puQA""}]",2026-01-31 07:33:47.889000,"[""YouTube""]","[""YouTube \u306e\u518d\u751f\u5c65\u6b74""]",,,CUTIE STREET
YouTube,桑田佳祐 – 波乗りジョニー（Full ver.） を視聴しました,https://www.youtube.com/watch?v=K0-Dm4wMJpQ,"[{""name"": ""\u6851\u7530\u4f73\u7950"", ""url"": ""https://www.youtube.com/channel/UCaZ17KNeiVkQkeG7i2WDOnQ""}]",2026-01-30 22:48:23.486000,"[""YouTube""]","[""YouTube \u306e\u518d\u751f\u5c65\u6b74""]",,,桑田佳祐
YouTube,Mr.Children「Sign」 TOUR POPSAURUS 2012 Live を視聴しました,https://www.youtube.com/watch?v=7aJmUeLMZi4,"[{""name"": ""Mr.Children Official Channel"", ""url"": ""https://www.youtube.com/channel/UCXteDRy5qB0IjA8WPusCJ7w""}]",2026-01-30 22:43:11.762000,"[""YouTube""]","[""YouTube \u306e\u518d\u751f\u5c65\u6b74""]",,,Mr.Children Official Channel
YouTube,"Mr.Children 「あんまり覚えてないや」 ""HOME"" TOUR 2007 を視聴しました",https://www.youtube.com/watch?v=WIDFCpVb6Fg,"[{""name"": ""\u30df\u30b9\u30c1\u30eb\u30e9\u30d6"", ""url"": ""https://www.youtube.com/channel/UC2CBiDBK_msf-f11RHLjSJw""}]",2026-01-30 22:36:06.670000,"[""YouTube""]","[""YouTube \u306e\u518d\u751f\u5c65\u6b74""]",,,ミスチルラブ
YouTube,犬生初のお肉のケーキに興奮が止まらない犬【10歳】 を視聴しました,https://www.youtube.com/watch?v=KMizNLyLa1U,"[{""name"": ""\u3059\u3057\u3089\u30fc\u3081\u3093\u300a\u306b\u304f\u300b\u21902nd"", ""url"": ""https://www.youtube.com/channel/UC78zfX-wGho3o6MrrnzLzMw""}]",2026-01-30 22:31:09.843000,"[""YouTube""]","[""YouTube \u306e\u518d\u751f\u5c65\u6b74""]",,,すしらーめん《にく》←2nd
YouTube,global 04 star star nas permission to dance vid6 16x9 olv en 049cd7 を視聴しました,https://www.youtube.com/watch?v=ucCkB3QUjHs,,2026-01-30 22:30:39.576000,"[""YouTube""]","[""\u30a6\u30a7\u30d6\u3068\u30a2\u30d7\u30ea\u306e\u30a2\u30af\u30c6\u30a3\u30d3\u30c6\u30a3"", ""YouTube \u306e\u518d\u751f\u5c65\u6b74"", ""YouTube \u306e\u691c\u7d22\u5c65\u6b74""]",23:30 で再生済み,"[{""name"": ""Google \u5e83\u544a\u304b\u3089""}]",Starbucks RTD
YouTube,BASIC FIT 2026 Q1 NL YT AWARENESS FLIGHT2 15S FINAL 20260126 を視聴しました,https://www.youtube.com/watch?v=BmZ-WU7T24Y,,2026-01-30 22:30:24.151000,"[""YouTube""]","[""\u30a6\u30a7\u30d6\u3068\u30a2\u30d7\u30ea\u306e\u30a2\u30af\u30c6\u30a3\u30d3\u30c6\u30a3"", ""YouTube \u306e\u518d\u751f\u5c65\u6b74"", ""YouTube \u306e\u691c\u7d22\u5c65\u6b74""]",23:30 で再生済み,"[{""name"": ""Google \u5e83\u544a\u304b\u3089""}]",Basic-Fit Nederland
YouTube,INH DAILYBANKING COMPARATIVE 388481 NLComparativeAdUpdate MIX 16x9 6s A 1 NL NL Feb2025 を視聴しました,https://www.youtube.com/watch?v=4Yb2x7d85VI,,2026-01-30 22:19:35.245000,"[""YouTube""]","[""\u30a6\u30a7\u30d6\u3068\u30a2\u30d7\u30ea\u306e\u30a2\u30af\u30c6\u30a3\u30d3\u30c6\u30a3"", ""YouTube \u306e\u518d\u751f\u5c65\u6b74"", ""YouTube \u306e\u691c\u7d22\u5c65\u6b74""]",23:19 で再生済み,"[{""name"": ""Google \u5e83\u544a\u304b\u3089""}]",Revolut
YouTube,SixTONES【明日も来たい!!】絶品朝メシinシンガポール を視聴しました,https://www.youtube.com/watch?v=BK4o1X5khKU,"[{""name"": ""SixTONES"", ""url"": ""https://www.youtube.com/channel/UCwjAKjycHHT1QzHrQN5Stww""}]",2026-01-30 22:11:11.333000,"[""YouTube""]","[""YouTube \u306e\u518d\u751f\u5c65\u6b74""]",,,SixTONES
YouTube,Japro 2026 - NL - dagdeal 8 を視聴しました,https://www.youtube.com/watch?v=VUiR-tyzjh4,,2026-01-30 22:11:03.469000,"[""YouTube""]","[""\u30a6\u30a7\u30d6\u3068\u30a2\u30d7\u30ea\u306e\u30a2\u30af\u30c6\u30a3\u30d3\u30c6\u30a3"", ""YouTube \u306e\u518d\u751f\u5c65\u6b74"", ""YouTube \u306e\u691c\u7d22\u5c65\u6b74""]","23:11 で再生済み
19:07 で再生済み","[{""name"": ""Google \u5e83\u544a\u304b\u3089""}]",bol
YouTube,Mr.Children 「Sign」 MUSIC VIDEO を視聴しました,https://www.youtube.com/watch?v=4wuWJ7GAc2s,"[{""name"": ""Mr.Children Official Channel"", ""url"": ""https://www.youtube.com/channel/UCXteDRy5qB0IjA8WPusCJ7w""}]",2026-01-30 18:28:57.432000,"[""YouTube""]","[""YouTube \u306e\u518d\u751f\u5c65\u6b74""]",,,Mr.Children Official Channel
YouTube,Zorgwijs | Lesmateriaal Zorgprofessionals を視聴しました,https://www.youtube.com/watch?v=xlbvEtazUvk,,2026-01-30 18:28:42.455000,"[""YouTube""]","[""\u30a6\u30a7\u30d6\u3068\u30a2\u30d7\u30ea\u306e\u30a2\u30af\u30c6\u30a3\u30d3\u30c6\u30a3"", ""YouTube \u306e\u518d\u751f\u5c65\u6b74"", ""YouTube \u306e\u691c\u7d22\u5c65\u6b74""]",19:28 で再生済み,"[{""name"": ""Google \u5e83\u544a\u304b\u3089""}]",Video ad upload channel for 328-813-6968
YouTube,Altijd een goede deal. Wat je ook verbruikt. を視聴しました,https://www.youtube.com/watch?v=s2oe81_bE1c,,2026-01-30 18:28:21.705000,"[""YouTube""]","[""\u30a6\u30a7\u30d6\u3068\u30a2\u30d7\u30ea\u306e\u30a2\u30af\u30c6\u30a3\u30d3\u30c6\u30a3"", ""YouTube \u306e\u518d\u751f\u5c65\u6b74"", ""YouTube \u306e\u691c\u7d22\u5c65\u6b74""]",19:28 で再生済み,"[{""name"": ""Google \u5e83\u544a\u304b\u3089""}]",Energiedirect
YouTube,Mr.Children 「しるし」 MUSIC VIDEO を視聴しました,https://www.youtube.com/watch?v=xXA5StMti8c,"[{""name"": ""Mr.Children Official Channel"", ""url"": ""https://www.youtube.com/channel/UCXteDRy5qB0IjA8WPusCJ7w""}]",2026-01-30 18:20:33.525000,"[""YouTube""]","[""YouTube \u306e\u518d\u751f\u5c65\u6b74""]",,,Mr.Children Official Channel
YouTube,Zuyd Hogeschool - Open Dag 7 februari 2026 - Repeat - grappig を視聴しました,https://www.youtube.com/watch?v=g38Vm0JQRaM,,2026-01-30 18:20:20.228000,"[""YouTube""]","[""\u30a6\u30a7\u30d6\u3068\u30a2\u30d7\u30ea\u306e\u30a2\u30af\u30c6\u30a3\u30d3\u30c6\u30a3"", ""YouTube \u306e\u518d\u751f\u5c65\u6b74"", ""YouTube \u306e\u691c\u7d22\u5c65\u6b74""]",19:20 で再生済み,"[{""name"": ""Google \u5e83\u544a\u304b\u3089""}]",Zuyd Hogeschool
YouTube,Studiomoda を視聴しました,https://www.youtube.com/watch?v=ET3-bMt08tY,,2026-01-30 18:14:47.598000,"[""YouTube""]","[""\u30a6\u30a7\u30d6\u3068\u30a2\u30d7\u30ea\u306e\u30a2\u30af\u30c6\u30a3\u30d3\u30c6\u30a3"", ""YouTube \u306e\u518d\u751f\u5c65\u6b74"", ""YouTube \u306e\u691c\u7d22\u5c65\u6b74""]",19:14 で再生済み,"[{""name"": ""Google \u5e83\u544a\u304b\u3089""}]",Video ad upload channel
YouTube,Mr.Children、大切な人と聴いてほしい名曲特集 を視聴しました,https://www.youtube.com/watch?v=dCEr1vIEBlU,"[{""name"": ""\u30df\u30b9\u30c1\u30eb\u30ce\u30b8\u30ab\u30f3"", ""url"": ""https://www.youtube.com/channel/UCpErEt0URl6fp_Qsig4-UdA""}]",2026-01-30 18:07:44.865000,"[""YouTube""]","[""YouTube \u306e\u518d\u751f\u5c65\u6b74""]",,,ミスチルノジカン
YouTube,Nestera - Bescherming Tegen Roofdieren を視聴しました,https://www.youtube.com/watch?v=jY1zia5y8z4,,2026-01-30 18:06:51.679000,"[""YouTube""]","[""\u30a6\u30a7\u30d6\u3068\u30a2\u30d7\u30ea\u306e\u30a2\u30af\u30c6\u30a3\u30d3\u30c6\u30a3"", ""YouTube \u306e\u518d\u751f\u5c65\u6b74"", ""YouTube \u306e\u691c\u7d22\u5c65\u6b74""]",19:06 で再生済み,"[{""name"": ""Google \u5e83\u544a\u304b\u3089""}]",Video ad upload channel for 860-328-1866
YouTube,THO を視聴しました,https://www.youtube.com/watch?v=AqSqWuvHEzQ,,2026-01-30 17:59:25.423000,"[""YouTube""]","[""\u30a6\u30a7\u30d6\u3068\u30a2\u30d7\u30ea\u306e\u30a2\u30af\u30c6\u30a3\u30d3\u30c6\u30a3"", ""YouTube \u306e\u518d\u751f\u5c65\u6b74"", ""YouTube \u306e\u691c\u7d22\u5c65\u6b74""]",18:59 で再生済み,"[{""name"": ""Google \u5e83\u544a\u304b\u3089""}]",Video ad upload channel
YouTube,"Mr.Children 「Sign」""HOME"" TOUR 2007 -in the field- を視聴しました",https://www.youtube.com/watch?v=Mj_N696G8r4,"[{""name"": ""\u30df\u30b9\u30c1\u30eb\u30e9\u30d6"", ""url"": ""https://www.youtube.com/channel/UC2CBiDBK_msf-f11RHLjSJw""}]",2026-01-30 17:53:15.861000,"[""YouTube""]","[""YouTube \u306e\u518d\u751f\u5c65\u6b74""]",,,ミスチルラブ
YouTube,Zuyd Hogeschool - Open Dag 7 februari 2026 - Waarom je niet naar een open dag moet gaan を視聴しました,https://www.youtube.com/watch?v=59Ywow9qvaQ,,2026-01-30 17:52:48.821000,"[""YouTube""]","[""\u30a6\u30a7\u30d6\u3068\u30a2\u30d7\u30ea\u306e\u30a2\u30af\u30c6\u30a3\u30d3\u30c6\u30a3"", ""YouTube \u306e\u518d\u751f\u5c65\u6b74"", ""YouTube \u306e\u691c\u7d22\u5c65\u6b74""]",18:52 で再生済み,"[{""name"": ""Google \u5e83\u544a\u304b\u3089""}]",Zuyd Hogeschool
YouTube,SixTONES official【明日も来たい!!】絶品朝メシinシンガポール を視聴しました,https://www.youtube.com/watch?v=SPyZFKs5XXQ,"[{""name"": ""SixTONES"", ""url"": ""https://www.youtube.com/channel/UCwjAKjycHHT1QzHrQN5Stww""}]",2026-01-30 05:18:51.426000,"[""YouTube""]","[""YouTube \u306e\u518d\u751f\u5c65\u6b74""]",,,SixTONES
YouTube,Ziggo LocalRadio Wifigarantie RC 20s Algemeen 20250506  23LUFS 2 を視聴しました,https://www.youtube.com/watch?v=2mHZusPwCK8,,2026-01-29 23:19:51.256000,"[""YouTube""]","[""\u30a6\u30a7\u30d6\u3068\u30a2\u30d7\u30ea\u306e\u30a2\u30af\u30c6\u30a3\u30d3\u30c6\u30a3"", ""YouTube \u306e\u518d\u751f\u5c65\u6b74"", ""YouTube \u306e\u691c\u7d22\u5c65\u6b74""]",0:19 で再生済み,"[{""name"": ""Google \u5e83\u544a\u304b\u3089""}]",Ziggo
YouTube,仲里依紗の悪口募集したらアンチコメントたくさんきて噛み付いてるバトル動画です🌊🔥おぼえとけ？👌 を視聴しました,https://www.youtube.com/watch?v=XPkupluYAUQ,"[{""name"": ""\u4ef2\u91cc\u4f9d\u7d17\u3067\u3059\u3002"", ""url"": ""https://www.youtube.com/channel/UCJyGoLz_sLHHHI1uEPg6UhA""}]",2026-01-29 23:17:33.006000,"[""YouTube""]","[""YouTube \u306e\u518d\u751f\u5c65\u6b74""]",,,仲里依紗です。
YouTube,【公開後に観ると解像度が上がります】映画『ファーストキス　1ST KISS』公開記念！一生の思い出に残るラブストーリー誕生スペシャル！ を視聴しました,https://www.youtube.com/watch?v=8LxlFsYAlco,"[{""name"": ""\u6771\u5b9dMOVIE\u30c1\u30e3\u30f3\u30cd\u30eb"", ""url"": ""https://www.youtube.com/channel/UCTDMT3aL30noTVFgNPA9XtQ""}]",2026-01-29 23:03:28.368000,"[""YouTube""]","[""YouTube \u306e\u518d\u751f\u5c65\u6b74""]",,,東宝MOVIEチャンネル
YouTube,前田拳太郎×柏木悠(超特急)SPインタビュー ｢TBSドラマ初出演にして初主演でビックリ!!｣『君には届かない。』【TBS】 を視聴しました,https://www.youtube.com/watch?v=k5hjJMUswj4,"[{""name"": ""TBS\u516c\u5f0f YouTuboo"", ""url"": ""https://www.youtube.com/channel/UCxpIo6FFB7gMQz2Fy2X8XdQ""}]",2026-01-29 22:55:57.566000,"[""YouTube""]","[""YouTube \u306e\u518d\u751f\u5c65\u6b74""]",,,TBS公式 YouTuboo
YouTube,【夫が寝たあとに】ママ友に職業 聞く？聞かない？ #夫が寝たあとに #藤本美貴 #ミキティ #横澤夏子#shorts を視聴しました,https://www.youtube.com/watch?v=8m54ZerUe-s,"[{""name"": ""\u592b\u304c\u5bdd\u305f\u3042\u3068\u306b\u3010\u516c\u5f0f\u3011"", ""url"": ""https://www.youtube.com/channel/UC09hthLsb6suAwttk_YK5Eg""}]",2026-01-29 22:54:27.326000,"[""YouTube""]","[""YouTube \u306e\u518d\u751f\u5c65\u6b74""]",,,夫が寝たあとに【公式】
YouTube,こちらアイドルのラジオで合ってますか？#sixtones #shorts を視聴しました,https://www.youtube.com/watch?v=hXGeNf7dVXU,"[{""name"": ""\u30a2\u30a4\u30c9\u30eb\u5927\u597d\u304d\u56f3\u9451"", ""url"": ""https://www.youtube.com/channel/UCAtoeb-wP2lEP7XQcrcICow""}]",2026-01-29 20:37:09.291000,"[""YouTube""]","[""YouTube \u306e\u518d\u751f\u5c65\u6b74""]",,,アイドル大好き図鑑
YouTube,【小野田紀美】自民党公式で発揮するオタクぶり_30秒で詰め込む愛_語りだしたら止まらない小野田紀美_2023/12/01 を視聴しました,https://www.youtube.com/watch?v=hadeUlYG5mA,"[{""name"": ""\u653f\u6cbbch\u306f\u3058\u3081\u307e\u3057\u305f"", ""url"": ""https://www.youtube.com/channel/UCMzRD7_vTEcDDxzICO3PBLA""}]",2026-01-29 20:36:24.609000,"[""YouTube""]","[""YouTube \u306e\u518d\u751f\u5c65\u6b74""]",,,政治chはじめました
YouTube,「ブラッシュアップライフ第5話」ノーベル賞も取らず、大勢も救わない…これが“普通の人”の人生二周目という現実 を視聴しました,https://www.youtube.com/watch?v=now9t2slyO4,"[{""name"": ""N\u00e1ng T\u1ea1"", ""url"": ""https://www.youtube.com/channel/UC4sej9STiiFzxM4sHsUS1qg""}]",2026-01-29 20:33:38.190000,"[""YouTube""]","[""YouTube \u306e\u518d\u751f\u5c65\u6b74""]",,,Náng Tạ
YouTube,よにのちゃんねる【誕プレ!!】とにかく買った日 を視聴しました,https://www.youtube.com/watch?v=QMzaUa9EtH0,"[{""name"": ""\u3088\u306b\u306e\u3061\u3083\u3093\u306d\u308b"", ""url"": ""https://www.youtube.com/channel/UC2alHD2WkakOiTxCxF-uMAg""}]",2026-01-29 20:31:24.968000,"[""YouTube""]","[""YouTube \u306e\u518d\u751f\u5c65\u6b74""]",,,よにのちゃんねる
YouTube,【竹田恒泰】日本人なら米を食え💢自身の体験を熱弁する恒泰ｗ #shorts #short #ショート #竹田恒泰 #米政策 #新米 #新嘗祭 #天皇陛下 #パン #ラーメン #ブチギレ #日本人 を視聴しました,https://www.youtube.com/watch?v=mdP6dtMhES4,"[{""name"": ""\u65e5\u672c\u306e\u653f\u6cbb\u5bb6"", ""url"": ""https://www.youtube.com/channel/UC43ekYDmSbZglc2ndwDNtAQ""}]",2026-01-29 20:30:22.307000,"[""YouTube""]","[""YouTube \u306e\u518d\u751f\u5c65\u6b74""]",,,error
YouTube,「ブラッシュアップライフ」電車まであと12分/その間に、先生を救い、友人の結婚生活に介入するという離れ業 を視聴しました,https://www.youtube.com/watch?v=QfFU6CLPAlc,"[{""name"": ""Th\u1ee7y\u9593\u306e\u7f8e\u5b66 "", ""url"": ""https://www.youtube.com/channel/UC8LVL7ZycduEIMwuI1RqC2A""}]",2026-01-29 20:26:53.851000,"[""YouTube""]","[""YouTube \u306e\u518d\u751f\u5c65\u6b74""]",,,Thủy間の美学 
YouTube,壮太、血圧低下＋両側瞳孔散大の絶望危機！心嚢穿刺失敗から MER 総出、並行手術で奇跡の救命 を視聴しました,https://www.youtube.com/watch?v=ipWeP4l7h2c,"[{""name"": ""Jim Kitsiopoulos"", ""url"": ""https://www.youtube.com/channel/UC67ciGB3rUMbOHAEga3TBKA""}]",2026-01-29 20:19:47.371000,"[""YouTube""]","[""YouTube \u306e\u518d\u751f\u5c65\u6b74""]",,,error
YouTube,「ブラッシュアップライフ第3話」「マジ時間、返してほしい」…親友の無駄にした恋愛時間に対する、私たちの正当な怒り を視聴しました,https://www.youtube.com/watch?v=PEs4C2rsMCA,"[{""name"": ""Quan Ho"", ""url"": ""https://www.youtube.com/channel/UCh3Vik2foyo0QFOrZYiK5GQ""}]",2026-01-29 20:18:21.902000,"[""YouTube""]","[""YouTube \u306e\u518d\u751f\u5c65\u6b74""]",,,Quan Ho
YouTube,丈くんは令和のワクワクさん#shorts を視聴しました,https://www.youtube.com/watch?v=xhT6mRSk430,"[{""name"": ""\u30a2\u30a4\u30c9\u30eb\u5927\u597d\u304d\u56f3\u9451"", ""url"": ""https://www.youtube.com/channel/UCAtoeb-wP2lEP7XQcrcICow""}]",2026-01-29 20:17:26.708000,"[""YouTube""]","[""YouTube \u306e\u518d\u751f\u5c65\u6b74""]",,,アイドル大好き図鑑
YouTube,PEPSICO TFM Flavours ZS NL 006 9x16 を視聴しました,https://www.youtube.com/watch?v=kkmmDBgGC7c,,2026-01-29 20:17:09.778000,"[""YouTube""]","[""\u30a6\u30a7\u30d6\u3068\u30a2\u30d7\u30ea\u306e\u30a2\u30af\u30c6\u30a3\u30d3\u30c6\u30a3"", ""YouTube \u306e\u518d\u751f\u5c65\u6b74""]",,"[{""name"": ""Google \u5e83\u544a\u304b\u3089""}]",Pepsi Nederland
YouTube,初出産の感想 #ちゃんみな #chanmina #出産 #おすすめ を視聴しました,https://www.youtube.com/watch?v=PMw7XDvl_gw,"[{""name"": ""moe\u3010\u3061\u3083\u3093\u307f\u306a\u5207\u308a\u629c\u304d\u3011"", ""url"": ""https://www.youtube.com/channel/UC3oy2pQL4R1T-GnCChH5uKg""}]",2026-01-29 20:16:40.609000,"[""YouTube""]","[""YouTube \u306e\u518d\u751f\u5c65\u6b74""]",,,moe【ちゃんみな切り抜き】
YouTube,【夫が寝たあとに】杉浦パパが変わった瞬間 #夫が寝たあとに #藤本美貴 #ミキティ #横澤夏子＃杉浦太陽＃霜降り明星#せいや #shorts を視聴しました,https://www.youtube.com/watch?v=SpnNt_wWjlY,"[{""name"": ""\u592b\u304c\u5bdd\u305f\u3042\u3068\u306b\u3010\u516c\u5f0f\u3011"", ""url"": ""https://www.youtube.com/channel/UC09hthLsb6suAwttk_YK5Eg""}]",2026-01-29 20:15:19.629000,"[""YouTube""]","[""YouTube \u306e\u518d\u751f\u5c65\u6b74""]",,,夫が寝たあとに【公式】
YouTube,1225 4 を視聴しました,https://www.youtube.com/watch?v=ISUz_N6QVjY,,2026-01-29 20:15:13.013000,"[""YouTube""]","[""\u30a6\u30a7\u30d6\u3068\u30a2\u30d7\u30ea\u306e\u30a2\u30af\u30c6\u30a3\u30d3\u30c6\u30a3"", ""YouTube \u306e\u518d\u751f\u5c65\u6b74""]",,"[{""name"": ""Google \u5e83\u544a\u304b\u3089""}]",linsheng
YouTube,新人女性警察官はこの不安定で過酷な仕事に絶望し、研修期間中にすでに辞めるかどうか考えていた。#ドラマ #映画 #viralvideo #shorts を視聴しました,https://www.youtube.com/watch?v=xF6RtZ6HHEM,"[{""name"": ""Cunmuyi"", ""url"": ""https://www.youtube.com/channel/UCl_mvt4viVuf1mB_5qkthhQ""}]",2026-01-29 20:12:04.562000,"[""YouTube""]","[""YouTube \u306e\u518d\u751f\u5c65\u6b74""]",,,Cunmuyi
YouTube,【夫が寝たあとに】ちゃんみなママ小芝居作戦 #夫が寝たあとに #藤本美貴 #ミキティ #横澤夏子#ちゃんみな #shorts を視聴しました,https://www.youtube.com/watch?v=8ETv5LqExGk,"[{""name"": ""\u592b\u304c\u5bdd\u305f\u3042\u3068\u306b\u3010\u516c\u5f0f\u3011"", ""url"": ""https://www.youtube.com/channel/UC09hthLsb6suAwttk_YK5Eg""}]",2026-01-29 20:11:09.353000,"[""YouTube""]","[""YouTube \u306e\u518d\u751f\u5c65\u6b74""]",,,夫が寝たあとに【公式】
YouTube,"【SHORT DOCUMENTARY #6】

#6『梅田カジャ！』

▼フルは𝒀𝒐𝒖𝑻𝒖𝒃𝒆
https://youtu.be/K3GzWRPz9u0

▼JTBツアー
https://cutiestreet.asobisystem.com/news/detail/67477

#CUTIESTREET #きゅーすと
#KAWAIIMAKER #きゅーてすと を表示しました",https://www.youtube.com/post/Ugkxkdu9vdqUA5xUvifAeRCODpT-MlpR_Bvo,"[{""name"": ""CUTIE STREET"", ""url"": ""https://www.youtube.com/channel/UCEz-AFAg3EUKsxraad1puQA""}]",2026-01-29 20:11:08.789000,"[""YouTube""]","[""YouTube \u306e\u518d\u751f\u5c65\u6b74""]",,,error
YouTube,【嵐】自部屋に帰らないリーダー集#嵐 #大野智 #shorts を視聴しました,https://www.youtube.com/watch?v=bWhCYVJEjms,"[{""name"": ""\u3044\u3044\u306d\u304c\u597d\u7269\u3055\u3093"", ""url"": ""https://www.youtube.com/channel/UCNro-n_AlHg3TEYMbzWr-yA""}]",2026-01-29 20:10:54.472000,"[""YouTube""]","[""YouTube \u306e\u518d\u751f\u5c65\u6b74""]",,,いいねが好物さん
YouTube,桜井翔、爆笑！ポスターに自分がいないことを激白 #面白い #バラエティー #スター #shorts を視聴しました,https://www.youtube.com/watch?v=keewQMnUVYo,"[{""name"": ""\u548c\u98a8\u30ec\u30b8\u30e3\u30fc\u90e8"", ""url"": ""https://www.youtube.com/channel/UCV_0JJdS19Eaz4Ocz1KSoHg""}]",2026-01-29 20:10:52.995000,"[""YouTube""]","[""YouTube \u306e\u518d\u751f\u5c65\u6b74""]",,,和風レジャー部
YouTube,メンバー内のフィンガープリンセスがあぶり出されるwww  #shorts #pkach を視聴しました,https://www.youtube.com/watch?v=XJ4vuWKvmoY,"[{""name"": ""PKA channel"", ""url"": ""https://www.youtube.com/channel/UCFWOTgjYbVwV5ZYd-WRtpLA""}]",2026-01-29 20:09:23.714000,"[""YouTube""]","[""YouTube \u306e\u518d\u751f\u5c65\u6b74""]",,,PKA channel
YouTube,「YOU、成人式来ちゃいなよ」システムじゃないからww#sixtones #shorts を視聴しました,https://www.youtube.com/watch?v=mHJx1x_1FGQ,"[{""name"": ""\u30a2\u30a4\u30c9\u30eb\u5927\u597d\u304d\u56f3\u9451"", ""url"": ""https://www.youtube.com/channel/UCAtoeb-wP2lEP7XQcrcICow""}]",2026-01-29 20:08:10.734000,"[""YouTube""]","[""YouTube \u306e\u518d\u751f\u5c65\u6b74""]",,,アイドル大好き図鑑
YouTube,「ブラッシュアップライフ第6話」「多分、何もない」。名刺を渡しながら、幼なじみの“俳優デビュー”に内心でつぶやいた本音 を視聴しました,https://www.youtube.com/watch?v=apYG23oVlHQ,"[{""name"": ""N\u00e1ng T\u1ea1"", ""url"": ""https://www.youtube.com/channel/UC4sej9STiiFzxM4sHsUS1qg""}]",2026-01-29 20:05:59.469000,"[""YouTube""]","[""YouTube \u306e\u518d\u751f\u5c65\u6b74""]",,,Náng Tạ
YouTube,261225 5 を視聴しました,https://www.youtube.com/watch?v=Q7d9_P2aX-Y,,2026-01-29 20:05:58.234000,"[""YouTube""]","[""\u30a6\u30a7\u30d6\u3068\u30a2\u30d7\u30ea\u306e\u30a2\u30af\u30c6\u30a3\u30d3\u30c6\u30a3"", ""YouTube \u306e\u518d\u751f\u5c65\u6b74""]",,"[{""name"": ""Google \u5e83\u544a\u304b\u3089""}]",Themie: Wallpapers & Theme
YouTube,ツンデレ透🐶 #松村北斗 #sixtones を視聴しました,https://www.youtube.com/watch?v=2kA9B8Ol13Q,"[{""name"": ""\u2661 hokutodakenofan \u2661"", ""url"": ""https://www.youtube.com/channel/UCqopENU3IqExXG6t-9SCy0w""}]",2026-01-29 20:04:52.452000,"[""YouTube""]","[""YouTube \u306e\u518d\u751f\u5c65\u6b74""]",,,error
YouTube,【竹田恒泰】日本のとある入試問題に困惑する竹田恒泰が面白すぎるｗ #shorts #竹田恒泰 #入試問題 #入試 #そこまで言って委員会 を視聴しました,https://www.youtube.com/watch?v=etUljtsXPro,"[{""name"": ""\u653f\u6cbb\u306e\u6249\u3010\u6642\u4e8b\u554f\u984c\u3011"", ""url"": ""https://www.youtube.com/channel/UCbuqRfk-6oNeWrp_4GYEZfQ""}]",2026-01-29 20:03:24.894000,"[""YouTube""]","[""YouTube \u306e\u518d\u751f\u5c65\u6b74""]",,,政治の扉【時事問題】
YouTube,櫻井翔：後輩への年玉のためにわざわざ銀行へ？！ #バラエティー #面白集 #スター #shorts を視聴しました,https://www.youtube.com/watch?v=_WMczv_olOs,"[{""name"": ""\u548c\u98a8\u30ec\u30b8\u30e3\u30fc\u90e8"", ""url"": ""https://www.youtube.com/channel/UCV_0JJdS19Eaz4Ocz1KSoHg""}]",2026-01-29 20:02:30.788000,"[""YouTube""]","[""YouTube \u306e\u518d\u751f\u5c65\u6b74""]",,,和風レジャー部
YouTube,途中でミスってあきらめた🤗 #ウマ娘 #umamusume #dance #funny #shorts を視聴しました,https://www.youtube.com/watch?v=-Xx18WOHNx4,"[{""name"": ""\u2606\u306f\u308b\u306b\u3083\u3093\u2606 feat.\u6625\u6b4c\u307e\u308a\u3093(Marin Haruka)"", ""url"": ""https://www.youtube.com/channel/UCu8NTDeCwHsRD7n3fqheqhg""}]",2026-01-29 20:02:29.052000,"[""YouTube""]","[""YouTube \u306e\u518d\u751f\u5c65\u6b74""]",,,☆はるにゃん☆ feat.春歌まりん(Marin Haruka)
YouTube,【夫が寝たあとに】ちゃんみなつわりで◯kg増 #夫が寝たあとに #藤本美貴 #ミキティ #横澤夏子#ちゃんみな #shorts を視聴しました,https://www.youtube.com/watch?v=hF54gDfZNDM,"[{""name"": ""\u592b\u304c\u5bdd\u305f\u3042\u3068\u306b\u3010\u516c\u5f0f\u3011"", ""url"": ""https://www.youtube.com/channel/UC09hthLsb6suAwttk_YK5Eg""}]",2026-01-29 20:01:25.474000,"[""YouTube""]","[""YouTube \u306e\u518d\u751f\u5c65\u6b74""]",,,夫が寝たあとに【公式】
YouTube,フ。-ファミコンのソフトについて- を視聴しました,https://www.youtube.com/watch?v=a82lOumjI_M,"[{""name"": ""\u7d20\u632f\u308a\u3092\u3059\u308b\u7d20\u632f\u308a"", ""url"": ""https://www.youtube.com/channel/UC4tV_C3vM7hRQEXXPc-4kiA""}]",2026-01-29 20:00:22.195000,"[""YouTube""]","[""YouTube \u306e\u518d\u751f\u5c65\u6b74""]",,,素振りをする素振り
YouTube,クソ忙しいのに、偉いよあんた#sixtones #shorts を視聴しました,https://www.youtube.com/watch?v=bWFhxwjtaN4,"[{""name"": ""\u30a2\u30a4\u30c9\u30eb\u5927\u597d\u304d\u56f3\u9451"", ""url"": ""https://www.youtube.com/channel/UCAtoeb-wP2lEP7XQcrcICow""}]",2026-01-29 19:59:07.192000,"[""YouTube""]","[""YouTube \u306e\u518d\u751f\u5c65\u6b74""]",,,アイドル大好き図鑑
YouTube,「ブラッシュアップライフ第3話」「また33歳で死んだみたいです」…私だけ“事故確率”が30代に偏ってる人生の不条理 を視聴しました,https://www.youtube.com/watch?v=7mOYGJ7x69Y,"[{""name"": ""N\u00e1ng T\u1ea1"", ""url"": ""https://www.youtube.com/channel/UC4sej9STiiFzxM4sHsUS1qg""}]",2026-01-29 19:57:33.956000,"[""YouTube""]","[""YouTube \u306e\u518d\u751f\u5c65\u6b74""]",,,Náng Tạ
YouTube,私の夫と結婚してください「“もう結婚やめよう”と泣く花嫁を、“協力する”と優しく支える親友。その心のうちにあった、冷たい計算」 を視聴しました,https://www.youtube.com/watch?v=oE5nfcZQXdg,"[{""name"": ""Quan Ho"", ""url"": ""https://www.youtube.com/channel/UCh3Vik2foyo0QFOrZYiK5GQ""}]",2026-01-29 19:57:22.737000,"[""YouTube""]","[""YouTube \u306e\u518d\u751f\u5c65\u6b74""]",,,Quan Ho
YouTube,ハンコください 二重契約 #神回 #お笑い #芸人 #お笑い芸人 #コント #懐かしい映像 #ウッチャンナンチャン #ネプチューン #遠山景織子 #中島知子 #内村光良 #南原清隆 #笑う犬 を視聴しました,https://www.youtube.com/watch?v=p50-UK9Qap8,"[{""name"": ""\u30a6\u30c3\u30c1\u30e3\u30f3\u306d\u308b"", ""url"": ""https://www.youtube.com/channel/UCLoewbhB-IiegOZu4h7zw8w""}]",2026-01-29 19:55:35.310000,"[""YouTube""]","[""YouTube \u306e\u518d\u751f\u5c65\u6b74""]",,,ウッチャンねる
YouTube,「子宮口が開いてきてるので」⚠️ 一つの診療指示は、妊娠中の穏やかな日常を打ち砕いた！27 週の早産の警報、「険しい顔の夫」のオカルトな誤解、隣のベッドから届いた心温まるプリン を視聴しました,https://www.youtube.com/watch?v=vHGvv8wSPvA,"[{""name"": ""\u533b\u7642\u306e\u5fae\u5149"", ""url"": ""https://www.youtube.com/channel/UCXqrtkLF2q1mMjtnSrHLhHg""}]",2026-01-29 19:55:17.190000,"[""YouTube""]","[""YouTube \u306e\u518d\u751f\u5c65\u6b74""]",,,医療の微光
YouTube,こういう雑学ほんと好き#マツコ #月曜から夜ふかし #村上信五 #雑学 を視聴しました,https://www.youtube.com/watch?v=KKMsAVytje4,"[{""name"": ""\u91d1\u66dc\u304b\u3089\u3086\u3063\u304f\u308a"", ""url"": ""https://www.youtube.com/channel/UCjreCGTeP2dT3h13hQK5_3A""}]",2026-01-29 19:54:46.490000,"[""YouTube""]","[""YouTube \u306e\u518d\u751f\u5c65\u6b74""]",,,error
YouTube,【夫が寝たあとに】ちゃんみな号泣事件 #夫が寝たあとに #ちゃんみな #藤本美貴 #ミキティ #横澤夏子#shorts を視聴しました,https://www.youtube.com/watch?v=E-U1Onk82yQ,"[{""name"": ""\u592b\u304c\u5bdd\u305f\u3042\u3068\u306b\u3010\u516c\u5f0f\u3011"", ""url"": ""https://www.youtube.com/channel/UC09hthLsb6suAwttk_YK5Eg""}]",2026-01-29 19:52:55.473000,"[""YouTube""]","[""YouTube \u306e\u518d\u751f\u5c65\u6b74""]",,,夫が寝たあとに【公式】
YouTube,Happy meal でしょ? ww を視聴しました,https://www.youtube.com/watch?v=l8PVAvIoFKY,"[{""name"": ""\u3078\u3047\u30de\u30b8?"", ""url"": ""https://www.youtube.com/channel/UCNvHI2dsy16CznDr5yRGGOg""}]",2026-01-29 19:51:02.750000,"[""YouTube""]","[""YouTube \u306e\u518d\u751f\u5c65\u6b74""]",,,へぇマジ?
YouTube,「ブラッシュアップライフ第3話」「お茶で薬を飲んだでしょ？」たった一言が、祖父の寿命を伸ばすきっかけになった を視聴しました,https://www.youtube.com/watch?v=H44FMU24gFo,"[{""name"": ""N\u00e1ng T\u1ea1"", ""url"": ""https://www.youtube.com/channel/UC4sej9STiiFzxM4sHsUS1qg""}]",2026-01-29 19:47:19.767000,"[""YouTube""]","[""YouTube \u306e\u518d\u751f\u5c65\u6b74""]",,,Náng Tạ
YouTube,いうて嵐兄さんもその昔の映像見るとなかなかでしたよ😂笑#KATTUN#亀梨和也 #赤西仁 #田中聖 #田口淳之介 #上田竜也 #中丸雄一 #芸能人#バラエティ#嵐 を視聴しました,https://www.youtube.com/watch?v=2192_0d4VEU,"[{""name"": ""\u5168\u76db\u671f\u306e6\u4eba\u306eKAT-TUN"", ""url"": ""https://www.youtube.com/channel/UC8xq5E5Sk_b-3gPq1QOhL_A""}]",2026-01-29 19:46:34.671000,"[""YouTube""]","[""YouTube \u306e\u518d\u751f\u5c65\u6b74""]",,,全盛期の6人のKAT-TUN
YouTube,手術室、敗北の空気｜“まさか ここまでとは…” 医者たちの嘆息が、絶望的な病巣の広がりを物語る を視聴しました,https://www.youtube.com/watch?v=ejK88C_Audk,"[{""name"": ""Mustafa Can"", ""url"": ""https://www.youtube.com/channel/UCzwz2lYokj6i34tVP2pQv7g""}]",2026-01-29 19:45:22.494000,"[""YouTube""]","[""YouTube \u306e\u518d\u751f\u5c65\u6b74""]",,,Mustafa Can
YouTube,私はずっと泡の城に住んでいる #映画紹介#shorts を視聴しました,https://www.youtube.com/watch?v=eJfikv1zCxw,"[{""name"": ""tt"", ""url"": ""https://www.youtube.com/channel/UCf0DPidkgyUWf9Q-2qxTdkA""}]",2026-01-29 19:45:19.906000,"[""YouTube""]","[""YouTube \u306e\u518d\u751f\u5c65\u6b74""]",,,tt
YouTube,猫の賢さがわかる方法があるらしい#shorts を視聴しました,https://www.youtube.com/watch?v=Coy1D1iAMl4,"[{""name"": ""\u3059\u3057\u3089\u30fc\u3081\u3093\u300a\u306b\u304f\u300b\u21902nd"", ""url"": ""https://www.youtube.com/channel/UC78zfX-wGho3o6MrrnzLzMw""}]",2026-01-29 19:45:05.470000,"[""YouTube""]","[""YouTube \u306e\u518d\u751f\u5c65\u6b74""]",,,すしらーめん《にく》←2nd
YouTube,「手術してまで助けてほしくなかった」💔 重たい選択の一言は、生命倫理の最も鋭い亀裂を引き裂いた！24 週の早産児、動脈管開存症の確定診断、両親による手術拒否のジレンマ を視聴しました,https://www.youtube.com/watch?v=FRMwCicXIsA,"[{""name"": ""\u533b\u7642\u306e\u5fae\u5149"", ""url"": ""https://www.youtube.com/channel/UCXqrtkLF2q1mMjtnSrHLhHg""}]",2026-01-29 19:43:38.325000,"[""YouTube""]","[""YouTube \u306e\u518d\u751f\u5c65\u6b74""]",,,医療の微光
YouTube,【誕生日記念】完全に1本取られました #桜庭遥花 #CUTIESTREET を視聴しました,https://www.youtube.com/watch?v=E0iZMb7BwTU,"[{""name"": ""CUTIE STREET"", ""url"": ""https://www.youtube.com/channel/UCEz-AFAg3EUKsxraad1puQA""}]",2026-01-29 19:43:36.895000,"[""YouTube""]","[""YouTube \u306e\u518d\u751f\u5c65\u6b74""]",,,CUTIE STREET
YouTube,普段から仲良いんだろうなww#v6 #shorts を視聴しました,https://www.youtube.com/watch?v=sriOCHCJOiU,"[{""name"": ""\u30a2\u30a4\u30c9\u30eb\u5927\u597d\u304d\u56f3\u9451"", ""url"": ""https://www.youtube.com/channel/UCAtoeb-wP2lEP7XQcrcICow""}]",2026-01-29 19:42:20.611000,"[""YouTube""]","[""YouTube \u306e\u518d\u751f\u5c65\u6b74""]",,,アイドル大好き図鑑
YouTube,おもろすぎwwクラッシュの面白動画まとめww#タートルトーク #おもしろ動画 #バズれ #おすすめ を視聴しました,https://www.youtube.com/watch?v=y9ttUpezHBQ,"[{""name"": ""\u30c8\u30ec\u30f3\u30c9Japan"", ""url"": ""https://www.youtube.com/channel/UCNM1bv4dUZJHw5wUM0y6KJw""}]",2026-01-29 19:42:06.813000,"[""YouTube""]","[""YouTube \u306e\u518d\u751f\u5c65\u6b74""]",,,ナミン
YouTube,「ブラッシュアップライフ第2話」生まれ変わって戻る！10年ぶりの『逆転裁判』。冤罪を晴らしたあの日から、教師と交わした約束 を視聴しました,https://www.youtube.com/watch?v=pEZqjAfEfcw,"[{""name"": ""N\u00e1ng T\u1ea1"", ""url"": ""https://www.youtube.com/channel/UC4sej9STiiFzxM4sHsUS1qg""}]",2026-01-29 19:38:42.368000,"[""YouTube""]","[""YouTube \u306e\u518d\u751f\u5c65\u6b74""]",,,Náng Tạ
YouTube,「私 この子のこと 全然かわいいって思えない」💔 震えるような告白は、「母愛は生まれつき」という完璧な神話を引き裂いた！ を視聴しました,https://www.youtube.com/watch?v=EL8CElmXfNc,"[{""name"": ""\u533b\u7642\u306e\u5fae\u5149"", ""url"": ""https://www.youtube.com/channel/UCXqrtkLF2q1mMjtnSrHLhHg""}]",2026-01-29 19:38:38.017000,"[""YouTube""]","[""YouTube \u306e\u518d\u751f\u5c65\u6b74""]",,,医療の微光
YouTube,"セーラー衣装も好きですか🌙

💛古澤里紗❤️佐野愛花 
💚板倉可奈💙増田彩乃 
🧡川本笑瑠🩵梅田みゆ 
💜真鍋凪咲🩷桜庭遥花

#CUTIESTREET #きゅーすと を表示しました",https://www.youtube.com/post/UgkxAYYpB5fAzbvcis6IITJlSwQh5SturogW,"[{""name"": ""CUTIE STREET"", ""url"": ""https://www.youtube.com/channel/UCEz-AFAg3EUKsxraad1puQA""}]",2026-01-29 19:38:37.480000,"[""YouTube""]","[""YouTube \u306e\u518d\u751f\u5c65\u6b74""]",,,error
YouTube,PEPSICO TFM Flavours ZS NL 015 9x16 を視聴しました,https://www.youtube.com/watch?v=NJ3GgL9JxNo,,2026-01-29 19:38:36.303000,"[""YouTube""]","[""\u30a6\u30a7\u30d6\u3068\u30a2\u30d7\u30ea\u306e\u30a2\u30af\u30c6\u30a3\u30d3\u30c6\u30a3"", ""YouTube \u306e\u518d\u751f\u5c65\u6b74""]",,"[{""name"": ""Google \u5e83\u544a\u304b\u3089""}]",Pepsi Nederland
YouTube,「病院のせいでも助産院のせいでもない、ただ赤ちゃんが亡くなった事実だけ」💔 咽び泣きの独白は、25 年間癒えない傷痛を尽くしている！ を視聴しました,https://www.youtube.com/watch?v=pT7UH3Sm7yw,"[{""name"": ""\u533b\u7642\u306e\u5fae\u5149"", ""url"": ""https://www.youtube.com/channel/UCXqrtkLF2q1mMjtnSrHLhHg""}]",2026-01-29 19:37:12.989000,"[""YouTube""]","[""YouTube \u306e\u518d\u751f\u5c65\u6b74""]",,,医療の微光
YouTube,みやぞんの優しさが分かる瞬間#お笑い芸人 #感動 #shorts を視聴しました,https://www.youtube.com/watch?v=T3_KSFzJc5k,"[{""name"": ""\u30bd\u30af\u306e\u30e9\u30c6\u30b9"", ""url"": ""https://www.youtube.com/channel/UCHNUOLYucUndvgTy38xYjeg""}]",2026-01-29 19:36:28.079000,"[""YouTube""]","[""YouTube \u306e\u518d\u751f\u5c65\u6b74""]",,,ソクのラテス
YouTube,菅田将暉「山崎賢人、中身 0 点」 #おもしろい#菅田将暉 #山崎賢人 #バラエティー #面白い を視聴しました,https://www.youtube.com/watch?v=mXPKqZJgiec,"[{""name"": ""\u548c\u98a8\u30ec\u30b8\u30e3\u30fc\u90e8"", ""url"": ""https://www.youtube.com/channel/UCV_0JJdS19Eaz4Ocz1KSoHg""}]",2026-01-29 19:34:58.275000,"[""YouTube""]","[""YouTube \u306e\u518d\u751f\u5c65\u6b74""]",,,和風レジャー部
YouTube,耳の手術を依頼に来た女性から、未知子が“脳腫瘍”を見抜く！「右耳も聞こえなくなる」「命を落とす」…見過ごされていた致命リスク を視聴しました,https://www.youtube.com/watch?v=5vUkxu9Wfq0,"[{""name"": ""Mustafa Can"", ""url"": ""https://www.youtube.com/channel/UCzwz2lYokj6i34tVP2pQv7g""}]",2026-01-29 19:33:57.298000,"[""YouTube""]","[""YouTube \u306e\u518d\u751f\u5c65\u6b74""]",,,Mustafa Can
YouTube,忘れられない。与えられた命を大切に。#政治 #感動 #みんなに伝えたい を視聴しました,https://www.youtube.com/watch?v=9FW-Ja1xpag,"[{""name"": ""\u653f\u754c\u30c7\u30a3\u30fc\u30d7\u30c0\u30a4\u30d6"", ""url"": ""https://www.youtube.com/channel/UCzKWoIc4U6KlaPmGhaB64Bg""}]",2026-01-29 19:33:54.898000,"[""YouTube""]","[""YouTube \u306e\u518d\u751f\u5c65\u6b74""]",,,政界ディープダイブ
YouTube,こんな漫画みたいなことあるんだww#sixtones #shorts を視聴しました,https://www.youtube.com/watch?v=MHWl0xRgr3U,"[{""name"": ""\u30a2\u30a4\u30c9\u30eb\u5927\u597d\u304d\u56f3\u9451"", ""url"": ""https://www.youtube.com/channel/UCAtoeb-wP2lEP7XQcrcICow""}]",2026-01-29 19:33:47.516000,"[""YouTube""]","[""YouTube \u306e\u518d\u751f\u5c65\u6b74""]",,,アイドル大好き図鑑
YouTube,「ブラッシュアップライフ第4話」「絶対擦れ違ってる」業界で生きる幼なじみが、同じヒット作の現場でようやく再会した瞬間 を視聴しました,https://www.youtube.com/watch?v=gqAvOhQZlrc,"[{""name"": ""N\u00e1ng T\u1ea1"", ""url"": ""https://www.youtube.com/channel/UC4sej9STiiFzxM4sHsUS1qg""}]",2026-01-29 19:31:49.515000,"[""YouTube""]","[""YouTube \u306e\u518d\u751f\u5c65\u6b74""]",,,Náng Tạ
YouTube,【CUITEE STREET】予告！きゅーすとの誰と同じクラスになりたい？#shorts #s#cutiestreet #カワラボ を視聴しました,https://www.youtube.com/watch?v=RceRGwdzjDg,"[{""name"": ""\u304a\u3060\u3093\u3054ch"", ""url"": ""https://www.youtube.com/channel/UC_03LiBRITZUKPUfJP1ydVg""}]",2026-01-29 19:31:47.826000,"[""YouTube""]","[""YouTube \u306e\u518d\u751f\u5c65\u6b74""]",,,おだんごch
YouTube,「お母さんも赤ちゃんも 助けるよ」🩺 力強い約束の一言は、生死を賭けた救急室に響き渡った！肺水腫による呼吸不全、救急車の中での心停止、花嫁が叶えられなかったウェディングドレスの約束 を視聴しました,https://www.youtube.com/watch?v=JH1MS-TKNf8,"[{""name"": ""\u533b\u7642\u306e\u5fae\u5149"", ""url"": ""https://www.youtube.com/channel/UCXqrtkLF2q1mMjtnSrHLhHg""}]",2026-01-29 19:28:34.507000,"[""YouTube""]","[""YouTube \u306e\u518d\u751f\u5c65\u6b74""]",,,医療の微光
YouTube,［3］このバスジャック、3時までには終わりますか…？映画『#ミステリと言う勿れ』【9月15日(金)公開】ドラマハイライトムービーepisode.2（第2・3話）#shorts を視聴しました,https://www.youtube.com/watch?v=RoMYcuwTH-8,"[{""name"": ""\u6771\u5b9dMOVIE\u30c1\u30e3\u30f3\u30cd\u30eb"", ""url"": ""https://www.youtube.com/channel/UCTDMT3aL30noTVFgNPA9XtQ""}]",2026-01-29 19:25:56.831000,"[""YouTube""]","[""YouTube \u306e\u518d\u751f\u5c65\u6b74""]",,,東宝MOVIEチャンネル
YouTube,友達の恋バナじゃないんだよww#sixtones #shorts を視聴しました,https://www.youtube.com/watch?v=rJupN8XyP-o,"[{""name"": ""\u30a2\u30a4\u30c9\u30eb\u5927\u597d\u304d\u56f3\u9451"", ""url"": ""https://www.youtube.com/channel/UCAtoeb-wP2lEP7XQcrcICow""}]",2026-01-29 19:24:35.489000,"[""YouTube""]","[""YouTube \u306e\u518d\u751f\u5c65\u6b74""]",,,アイドル大好き図鑑
YouTube,「ブラッシュアップライフ」「合計で130年以上生きてる」４周目の私が、妹の結婚と誕生日に感じる、とてつもない時間の流れ を視聴しました,https://www.youtube.com/watch?v=xS7KLZzsWQM,"[{""name"": ""Th\u1ee7y\u9593\u306e\u7f8e\u5b66 "", ""url"": ""https://www.youtube.com/channel/UC8LVL7ZycduEIMwuI1RqC2A""}]",2026-01-29 19:23:24.591000,"[""YouTube""]","[""YouTube \u306e\u518d\u751f\u5c65\u6b74""]",,,Thủy間の美学 
YouTube,「来たー！　来た！」「私 赤ちゃんできました」🎉 二つの奇跡が重なる瞬間、命の強さと生きる意志の輝きが鮮やかに描かれる！飯塚さんの意識回復と美雪さんの妊娠発表 を視聴しました,https://www.youtube.com/watch?v=-aE7ATEyb7I,"[{""name"": ""\u533b\u7642\u306e\u5fae\u5149"", ""url"": ""https://www.youtube.com/channel/UCXqrtkLF2q1mMjtnSrHLhHg""}]",2026-01-29 19:23:05.029000,"[""YouTube""]","[""YouTube \u306e\u518d\u751f\u5c65\u6b74""]",,,医療の微光
YouTube,衣装が、フワフワです #ぷりきゅきゅ #CUTIESTREET #きゅーすと を視聴しました,https://www.youtube.com/watch?v=gobpCvlHI-A,"[{""name"": ""CUTIE STREET"", ""url"": ""https://www.youtube.com/channel/UCEz-AFAg3EUKsxraad1puQA""}]",2026-01-29 19:23:01.888000,"[""YouTube""]","[""YouTube \u306e\u518d\u751f\u5c65\u6b74""]",,,CUTIE STREET
YouTube,間違えた。でも、誰も間違っていなかった。 を視聴しました,https://www.youtube.com/watch?v=EkJaZDh9aFs,"[{""name"": ""\u304a\u3044\u3057\u3044\u97f3\u697d"", ""url"": ""https://www.youtube.com/channel/UCF5s85EYbaic4FOhIxeIfhw""}]",2026-01-29 19:21:28.992000,"[""YouTube""]","[""YouTube \u306e\u518d\u751f\u5c65\u6b74""]",,,おいしい音楽
YouTube,「ブラッシュアップライフ第3話」二度目の人生を生き、再び友人の店を訪れるとき、彼は同じ選択をするだろうか を視聴しました,https://www.youtube.com/watch?v=lvK5gGozXbw,"[{""name"": ""N\u00e1ng T\u1ea1"", ""url"": ""https://www.youtube.com/channel/UC4sej9STiiFzxM4sHsUS1qg""}]",2026-01-29 19:19:47.430000,"[""YouTube""]","[""YouTube \u306e\u518d\u751f\u5c65\u6b74""]",,,Náng Tạ
YouTube,「ブラッシュアップライフ」顕微鏡をのぞきながら、たまに思う。「この微生物の前世も、人間だったのだろうか」 を視聴しました,https://www.youtube.com/watch?v=xfreyCWjLco,"[{""name"": ""Th\u1ee7y\u9593\u306e\u7f8e\u5b66 "", ""url"": ""https://www.youtube.com/channel/UC8LVL7ZycduEIMwuI1RqC2A""}]",2026-01-29 19:18:33.790000,"[""YouTube""]","[""YouTube \u306e\u518d\u751f\u5c65\u6b74""]",,,Thủy間の美学 
YouTube,転校したい学校ランキング〇位 #ぷりきゅきゅ #古澤里紗 #増田彩乃 #梅田みゆ #真鍋凪咲 を視聴しました,https://www.youtube.com/watch?v=oCUVbYftFLA,"[{""name"": ""CUTIE STREET"", ""url"": ""https://www.youtube.com/channel/UCEz-AFAg3EUKsxraad1puQA""}]",2026-01-29 19:18:30.157000,"[""YouTube""]","[""YouTube \u306e\u518d\u751f\u5c65\u6b74""]",,,CUTIE STREET
YouTube,"Blurry: McSmart Menu voor maar 5,95! を視聴しました",https://www.youtube.com/watch?v=Gbg6exPDNd4,,2026-01-29 19:18:26.506000,"[""YouTube""]","[""\u30a6\u30a7\u30d6\u3068\u30a2\u30d7\u30ea\u306e\u30a2\u30af\u30c6\u30a3\u30d3\u30c6\u30a3"", ""YouTube \u306e\u518d\u751f\u5c65\u6b74""]",,"[{""name"": ""Google \u5e83\u544a\u304b\u3089""}]",Video ad upload channel for 883-309-0035
YouTube,【#髙地優吾 & #森本慎太郎】8th Single「Good Luck!」  #SixTONES_GoodLuck  #SixTONES_MILESixTONES #Shorts を視聴しました,https://www.youtube.com/watch?v=KfK_rXN7yFY,"[{""name"": ""SixTONES"", ""url"": ""https://www.youtube.com/channel/UCwjAKjycHHT1QzHrQN5Stww""}]",2026-01-29 19:18:26.199000,"[""YouTube""]","[""YouTube \u306e\u518d\u751f\u5c65\u6b74""]",,,SixTONES
YouTube,「悲劇のヒロイン気取り…おめでたい人間ですよ！」“チョロい人間”を自覚する部下に、「あなたの幸せを望まない人間は必要ない」 を視聴しました,https://www.youtube.com/watch?v=BseC60TXwNA,"[{""name"": ""Th\u1ee7y\u9593\u306e\u7f8e\u5b66 "", ""url"": ""https://www.youtube.com/channel/UC8LVL7ZycduEIMwuI1RqC2A""}]",2026-01-29 19:18:14.713000,"[""YouTube""]","[""YouTube \u306e\u518d\u751f\u5c65\u6b74""]",,,Thủy間の美学 
YouTube,自分のこと忘れちゃうの相葉くんぽい#嵐 #shorts を視聴しました,https://www.youtube.com/watch?v=r1MYg5a3rxY,"[{""name"": ""\u30a2\u30a4\u30c9\u30eb\u5927\u597d\u304d\u56f3\u9451"", ""url"": ""https://www.youtube.com/channel/UCAtoeb-wP2lEP7XQcrcICow""}]",2026-01-29 19:16:56.200000,"[""YouTube""]","[""YouTube \u306e\u518d\u751f\u5c65\u6b74""]",,,アイドル大好き図鑑
YouTube,「いつも帝王切開ばかり、手術をしすぎだ！」🔥 助産師の憤慨に満ちた訴えは、自然分娩の理念と現代周産期医療の激しい論戦に火をつける！ を視聴しました,https://www.youtube.com/watch?v=TaNav6NTmCk,"[{""name"": ""\u533b\u7642\u306e\u5fae\u5149"", ""url"": ""https://www.youtube.com/channel/UCXqrtkLF2q1mMjtnSrHLhHg""}]",2026-01-29 19:15:17.122000,"[""YouTube""]","[""YouTube \u306e\u518d\u751f\u5c65\u6b74""]",,,医療の微光
YouTube,「ブラッシュアップライフ」「私が初めて企画したドラマ…今日、初回放送です」死後の世界で交渉する、プロデューサーの執念 を視聴しました,https://www.youtube.com/watch?v=0DG3NWEyF1I,"[{""name"": ""Th\u1ee7y\u9593\u306e\u7f8e\u5b66 "", ""url"": ""https://www.youtube.com/channel/UC8LVL7ZycduEIMwuI1RqC2A""}]",2026-01-29 19:13:57.760000,"[""YouTube""]","[""YouTube \u306e\u518d\u751f\u5c65\u6b74""]",,,Thủy間の美学 
YouTube,#超ときめき宣伝部 #普田愛貴 #アイドル を視聴しました,https://www.youtube.com/watch?v=15Or1MCTe7A,"[{""name"": ""\ud558\ub098\u306f\u306a"", ""url"": ""https://www.youtube.com/channel/UCxGSJ-aTM5Aw5v8i4UhLsSQ""}]",2026-01-29 19:13:56.637000,"[""YouTube""]","[""YouTube \u306e\u518d\u751f\u5c65\u6b74""]",,,하나はな
YouTube,「ブラッシュアップライフ」まりりんの隠された一周目！中学から20代まで、ずっと４人でいた を視聴しました,https://www.youtube.com/watch?v=WrOl5R4RDEE,"[{""name"": ""Th\u1ee7y\u9593\u306e\u7f8e\u5b66 "", ""url"": ""https://www.youtube.com/channel/UC8LVL7ZycduEIMwuI1RqC2A""}]",2026-01-29 19:12:35.094000,"[""YouTube""]","[""YouTube \u306e\u518d\u751f\u5c65\u6b74""]",,,Thủy間の美学 
YouTube,70年前の映画なのになぜ目を離せないのか を視聴しました,https://www.youtube.com/watch?v=0prqCIaV-UY,"[{""name"": ""\u5fc3\u306e\u307e\u307e\u306b"", ""url"": ""https://www.youtube.com/channel/UC8fEAu2aVeVZRxkwREeZUyQ""}]",2026-01-29 19:12:33.214000,"[""YouTube""]","[""YouTube \u306e\u518d\u751f\u5c65\u6b74""]",,,心のままに
YouTube,【命の砦】たくさんの人の命を救うスペシャリスト を視聴しました,https://www.youtube.com/watch?v=_vYXUptrHDc,"[{""name"": ""Ricky II"", ""url"": ""https://www.youtube.com/channel/UCu4C2P-krhn_izF3126NRPw""}]",2026-01-29 19:12:31.780000,"[""YouTube""]","[""YouTube \u306e\u518d\u751f\u5c65\u6b74""]",,,Ricky II
YouTube,ふぉ〜ゆ〜 official【TAMIYAさんでお買い物🚗♪】〜越岡・松崎編〜 を視聴しました,https://www.youtube.com/watch?v=4_VPBUELXWU,"[{""name"": ""\u3075\u3049\u301c\u3086\u301c\u3061\u3085\u301c\u3076"", ""url"": ""https://www.youtube.com/channel/UC5RTxV4rjfj8uXfn-2I4oRQ""}]",2026-01-29 19:12:30.600000,"[""YouTube""]","[""YouTube \u306e\u518d\u751f\u5c65\u6b74""]",,,ふぉ〜ゆ〜ちゅ〜ぶ
YouTube,大好きな彼氏に子供がいたら... #ドラマ #心に刺さる #恋愛 #いい言葉 #乃木坂46 #恋のはじまり #silent #愛され #名言 #櫻坂46 を視聴しました,https://www.youtube.com/watch?v=QIDHpWHviqQ,"[{""name"": ""\u30cf\u30e4\u30c6@\u604b\u611b\u76f8\u8ac7"", ""url"": ""https://www.youtube.com/channel/UCh0hB3NlOG0v7bjL-TfauNw""}]",2026-01-29 19:12:27.379000,"[""YouTube""]","[""YouTube \u306e\u518d\u751f\u5c65\u6b74""]",,,ハヤテ@恋愛相談
YouTube,コードブルー発生！看護師たちのリアルな緊急対応 を視聴しました,https://www.youtube.com/watch?v=wx0OaZID-nE,"[{""name"": ""Kyogoku Film Works"", ""url"": ""https://www.youtube.com/channel/UCoDbij8Ow9l99aVLGp1PEDA""}]",2026-01-29 19:12:24.734000,"[""YouTube""]","[""YouTube \u306e\u518d\u751f\u5c65\u6b74""]",,,Kyogoku Film Works
YouTube,Snow Man宮舘涼太、連ドラ初主演！岩本照も主演の土曜11時枠で今春放送決定 を視聴しました,https://www.youtube.com/watch?v=qBcCJLqdoRc,"[{""name"": ""\u771f\u5b9f\u306e\u7a93"", ""url"": ""https://www.youtube.com/channel/UCrfZHsBdmxU8iJF_i84r9rA""}]",2026-01-29 19:12:23.725000,"[""YouTube""]","[""YouTube \u306e\u518d\u751f\u5c65\u6b74""]",,,真実の窓
YouTube,https://www.youtube.com/watch?v=DszVfwQiz_E を視聴しました,https://www.youtube.com/watch?v=DszVfwQiz_E,,2026-01-29 19:12:21.976000,"[""YouTube""]","[""YouTube \u306e\u518d\u751f\u5c65\u6b74""]",,,error
YouTube,「ブラッシュアップライフ」「娘さんを僕に下さい的なやつ？」と期待したら、彼氏の目的はただの“棚作り”だった件 を視聴しました,https://www.youtube.com/watch?v=wSKGXkATOGY,"[{""name"": ""Th\u1ee7y\u9593\u306e\u7f8e\u5b66 "", ""url"": ""https://www.youtube.com/channel/UC8LVL7ZycduEIMwuI1RqC2A""}]",2026-01-29 19:10:09.751000,"[""YouTube""]","[""YouTube \u306e\u518d\u751f\u5c65\u6b74""]",,,Thủy間の美学 
YouTube,丈くんは元々距離近めだからなww#なにわ男子 #sixtones #shorts を視聴しました,https://www.youtube.com/watch?v=atdgC2z22TI,"[{""name"": ""\u30a2\u30a4\u30c9\u30eb\u5927\u597d\u304d\u56f3\u9451"", ""url"": ""https://www.youtube.com/channel/UCAtoeb-wP2lEP7XQcrcICow""}]",2026-01-29 19:08:45.640000,"[""YouTube""]","[""YouTube \u306e\u518d\u751f\u5c65\u6b74""]",,,アイドル大好き図鑑
YouTube,#君と目があったとき Music Video Out Now👓 #ふるっぱー #FRUITSZIPPER #フルーツジッパー を視聴しました,https://www.youtube.com/watch?v=t9SrVSQ_kg0,"[{""name"": ""KAWAII LAB."", ""url"": ""https://www.youtube.com/channel/UCW8Q9LBGGBgK6a-u0C0h95A""}]",2026-01-29 19:08:42.138000,"[""YouTube""]","[""YouTube \u306e\u518d\u751f\u5c65\u6b74""]",,,KAWAII LAB.
YouTube,「２人で お風呂 入れてやってもいいですか？」💧 細やかな気遣いの問いかけは、子供を亡くした両親の優しい執念を尽きせている！ を視聴しました,https://www.youtube.com/watch?v=D7ViNlJwO20,"[{""name"": ""\u533b\u7642\u306e\u5fae\u5149"", ""url"": ""https://www.youtube.com/channel/UCXqrtkLF2q1mMjtnSrHLhHg""}]",2026-01-29 19:06:48.979000,"[""YouTube""]","[""YouTube \u306e\u518d\u751f\u5c65\u6b74""]",,,医療の微光
YouTube,「ブラッシュアップライフ」４周目でも変われない“親友の死”。４人で過ごした楽しい時間は、私だけの記憶になってしまった を視聴しました,https://www.youtube.com/watch?v=gJ_Vl-vKiCc,"[{""name"": ""Th\u1ee7y\u9593\u306e\u7f8e\u5b66 "", ""url"": ""https://www.youtube.com/channel/UC8LVL7ZycduEIMwuI1RqC2A""}]",2026-01-29 19:05:34.639000,"[""YouTube""]","[""YouTube \u306e\u518d\u751f\u5c65\u6b74""]",,,Thủy間の美学 
YouTube,ジャルジャルが天才だと分かる瞬間w#すごい #面白集 #shorts を視聴しました,https://www.youtube.com/watch?v=_x0Bgcrs8S8,"[{""name"": ""\u7dd1\u304a\u3058\u3043\u306e\u30b7\u30e7\u30fc\u30c8"", ""url"": ""https://www.youtube.com/channel/UC-yOfEFvIc48ouq4jMCz4YA""}]",2026-01-29 19:05:31.115000,"[""YouTube""]","[""YouTube \u306e\u518d\u751f\u5c65\u6b74""]",,,緑おじぃのショート
YouTube,猫の手かりて編集してます！ を表示しました,https://www.youtube.com/post/Ugkxh7AaxGFx7UQOFC0aq99QWH0-C781ZUUF,"[{""name"": ""\u3059\u3057\u3089\u30fc\u3081\u3093\u300a\u306b\u304f\u300b\u21902nd"", ""url"": ""https://www.youtube.com/channel/UC78zfX-wGho3o6MrrnzLzMw""}]",2026-01-29 19:05:30.542000,"[""YouTube""]","[""YouTube \u306e\u518d\u751f\u5c65\u6b74""]",,,error
YouTube,鈴木愛理 (from Buono!) - 初恋サイダー / THE FIRST TAKE を視聴しました,https://www.youtube.com/watch?v=wunTpM2_r44,"[{""name"": ""THE FIRST TAKE"", ""url"": ""https://www.youtube.com/channel/UC9zY_E8mcAo_Oq772LEZq8Q""}]",2026-01-29 19:05:29.795000,"[""YouTube""]","[""YouTube \u306e\u518d\u751f\u5c65\u6b74""]",,,THE FIRST TAKE
YouTube,「ブラッシュアップライフ第3話」玲奈ちゃん役を練習していたら、本物の既婚者から電話が…。30分で友情が爆発した瞬間 を視聴しました,https://www.youtube.com/watch?v=CnOl85ymTso,"[{""name"": ""N\u00e1ng T\u1ea1"", ""url"": ""https://www.youtube.com/channel/UC4sej9STiiFzxM4sHsUS1qg""}]",2026-01-29 19:02:46.080000,"[""YouTube""]","[""YouTube \u306e\u518d\u751f\u5c65\u6b74""]",,,Náng Tạ
YouTube,学力不足の生徒のための究極の試験攻略法. を視聴しました,https://www.youtube.com/watch?v=SKmrQfqRlmY,"[{""name"": ""Prism Flow"", ""url"": ""https://www.youtube.com/channel/UCgBI_mov8IWLCNF-zzlns4g""}]",2026-01-29 19:02:41.153000,"[""YouTube""]","[""YouTube \u306e\u518d\u751f\u5c65\u6b74""]",,,Prism Flow
YouTube,今年のお正月何してた？【きゃんちゅー切り抜き】 #きゃんちゅー #村川緋杏 #推し活 を視聴しました,https://www.youtube.com/watch?v=-N1kT8Lxrq4,"[{""name"": ""Kenta\u2600\ufe0f\ud83c\udf4a"", ""url"": ""https://www.youtube.com/channel/UCmiPVjJbyExOQ_U81jnraEg""}]",2026-01-29 19:02:39.143000,"[""YouTube""]","[""YouTube \u306e\u518d\u751f\u5c65\u6b74""]",,,Kenta☀️🍊
YouTube,誰もカメラをつけなかった理由が泣ける を視聴しました,https://www.youtube.com/watch?v=4PzMP5QGlPg,"[{""name"": ""\u307d\u3093\u305a\u308b"", ""url"": ""https://www.youtube.com/channel/UCfl2mev4GORNr0UYbaQdQyA""}]",2026-01-29 19:02:38.113000,"[""YouTube""]","[""YouTube \u306e\u518d\u751f\u5c65\u6b74""]",,,ぽんずる
YouTube,「自分の力で生きるのよ」…“本当の母”が残した最後の言葉。 を視聴しました,https://www.youtube.com/watch?v=InueGW1JWnY,"[{""name"": ""Cassian"", ""url"": ""https://www.youtube.com/channel/UCWzL8QGIMi9829GV4Y8PvAw""}]",2026-01-29 19:02:36.936000,"[""YouTube""]","[""YouTube \u306e\u518d\u751f\u5c65\u6b74""]",,,Cassian
YouTube,【#ライブ映像 公開中】Kiss！Kiss！Kiss！ / #Buono! (#嗣永桃子 #夏焼雅 #鈴木愛理) Buono!ライブ2017 〜Pienezza！〜 を視聴しました,https://www.youtube.com/watch?v=mMdn4dkhufc,"[{""name"": ""Buono!"", ""url"": ""https://www.youtube.com/channel/UCQuNrURlzPsbJZD17icx7Gw""}]",2026-01-29 19:02:34.135000,"[""YouTube""]","[""YouTube \u306e\u518d\u751f\u5c65\u6b74""]",,,Buono!
YouTube,「ブラッシュアップライフ」「私、５周目」「私、４周目」成人式の再会で、ついに“人生をやり直す仲間”を見つけた日 を視聴しました,https://www.youtube.com/watch?v=FkvnGnVCSSE,"[{""name"": ""Th\u1ee7y\u9593\u306e\u7f8e\u5b66 "", ""url"": ""https://www.youtube.com/channel/UC8LVL7ZycduEIMwuI1RqC2A""}]",2026-01-29 19:01:13.217000,"[""YouTube""]","[""YouTube \u306e\u518d\u751f\u5c65\u6b74""]",,,Thủy間の美学 
YouTube,いつもの100倍ご飯が出てきたら...#shorts を視聴しました,https://www.youtube.com/watch?v=TXxR6FvFk94,"[{""name"": ""\u3059\u3057\u3089\u30fc\u3081\u3093\u300a\u308a\u304f\u300b"", ""url"": ""https://www.youtube.com/channel/UCljYHFazflmGaDr5Lo90KmA""}]",2026-01-29 19:01:12.351000,"[""YouTube""]","[""YouTube \u306e\u518d\u751f\u5c65\u6b74""]",,,すしらーめん《りく》
YouTube,ちゃんみなの凄さが分かる瞬間#すごい #感動 #shorts を視聴しました,https://www.youtube.com/watch?v=9GBhSFXaC1Y,"[{""name"": ""\u3053\u308c\u30a8\u30a8\u3084\u3093"", ""url"": ""https://www.youtube.com/channel/UC3FqX2adoxzuOwrbRt_c_Gw""}]",2026-01-29 19:01:10.731000,"[""YouTube""]","[""YouTube \u306e\u518d\u751f\u5c65\u6b74""]",,,これエエやん
YouTube,29 janvier 2026 を視聴しました,https://www.youtube.com/watch?v=7_RhHcgv7bY,"[{""name"": ""Fan d'anime "", ""url"": ""https://www.youtube.com/channel/UCt41Js328ySs6TvkRBY083A""}]",2026-01-29 19:01:09.111000,"[""YouTube""]","[""YouTube \u306e\u518d\u751f\u5c65\u6b74""]",,,error
YouTube,井口理が伝説を作った瞬間#最高のシーン #すごい #歌ってみた #shorts を視聴しました,https://www.youtube.com/watch?v=E_wSyF4OjZM,"[{""name"": ""\u30de\u30b9\u30af\u30e1\u30f3"", ""url"": ""https://www.youtube.com/channel/UCvPNRJFYKRMl7tQ4JWg7Pww""}]",2026-01-29 19:01:05.074000,"[""YouTube""]","[""YouTube \u306e\u518d\u751f\u5c65\u6b74""]",,,マスクメン
YouTube,「ブラッシュアップライフ」「４周目までは、ほとんど喋ったこともなかった」親友だと思っていた彼女との“真実の記憶”の違い を視聴しました,https://www.youtube.com/watch?v=j2hDF0NCgj4,"[{""name"": ""Th\u1ee7y\u9593\u306e\u7f8e\u5b66 "", ""url"": ""https://www.youtube.com/channel/UC8LVL7ZycduEIMwuI1RqC2A""}]",2026-01-29 18:59:29.331000,"[""YouTube""]","[""YouTube \u306e\u518d\u751f\u5c65\u6b74""]",,,Thủy間の美学 
YouTube,アシドシキリ！運転手がレーサーに変身？ #バラエティー #面白集 #スター#shorts を視聴しました,https://www.youtube.com/watch?v=m-cXFwgEJR0,"[{""name"": ""\u548c\u98a8\u30ec\u30b8\u30e3\u30fc\u90e8"", ""url"": ""https://www.youtube.com/channel/UCV_0JJdS19Eaz4Ocz1KSoHg""}]",2026-01-29 18:59:26.413000,"[""YouTube""]","[""YouTube \u306e\u518d\u751f\u5c65\u6b74""]",,,和風レジャー部
YouTube,2026年1月25日 を視聴しました,https://www.youtube.com/watch?v=GOGOJ6sqfJE,"[{""name"": ""MORE STAR"", ""url"": ""https://www.youtube.com/channel/UCBkLxz038AbxBA8CMw6o9oA""}]",2026-01-29 18:59:25.150000,"[""YouTube""]","[""YouTube \u306e\u518d\u751f\u5c65\u6b74""]",,,MORE STAR
YouTube,💎SixTONESが6人でお片付け代行ロケに出動💨 を視聴しました,https://www.youtube.com/watch?v=Pw_waLo0UBs,"[{""name"": ""\u3010\u516c\u5f0f\u3011TBS\u591c\u4f1a\u30c1\u30e3\u30f3\u30cd\u30eb"", ""url"": ""https://www.youtube.com/channel/UC1_FZLauVGh08u0eMKCte1g""}]",2026-01-29 18:59:23.753000,"[""YouTube""]","[""YouTube \u306e\u518d\u751f\u5c65\u6b74""]",,,【公式】TBS夜会チャンネル
YouTube,野田洋次郎が天才だと分かる瞬間#すごい #バズれ #歌うま #shorts を視聴しました,https://www.youtube.com/watch?v=lu5TRUIWPmM,"[{""name"": ""\u7dd1\u304a\u3058\u3043\u306e\u30b7\u30e7\u30fc\u30c8"", ""url"": ""https://www.youtube.com/channel/UC-yOfEFvIc48ouq4jMCz4YA""}]",2026-01-29 18:56:31.302000,"[""YouTube""]","[""YouTube \u306e\u518d\u751f\u5c65\u6b74""]",,,緑おじぃのショート
YouTube,石原里美がスタッフに靴下を買ってくれるなんて、とても細やかです。 #funny を視聴しました,https://www.youtube.com/watch?v=MN-BFDY3ncQ,"[{""name"": ""\u304a\u3082\u3057\u308d\u3044\u3053\u3068\u63a2\u3057"", ""url"": ""https://www.youtube.com/channel/UCdygdilIr03uZ2yTNqFjydg""}]",2026-01-29 18:56:29.323000,"[""YouTube""]","[""YouTube \u306e\u518d\u751f\u5c65\u6b74""]",,,おもしろいこと探し
YouTube,こういう時ちゃんと止める堀健ってやっぱ大人よねww #しゃべくり007 #しゃべくりセブン #しゃべくり #ネプチューン を視聴しました,https://www.youtube.com/watch?v=XlARF-kTXfM,"[{""name"": ""Sweet Cake\ud83c\udf69"", ""url"": ""https://www.youtube.com/channel/UCo4XVUAu78IcAE1o2bggF7Q""}]",2026-01-29 18:56:27.755000,"[""YouTube""]","[""YouTube \u306e\u518d\u751f\u5c65\u6b74""]",,,Sweet Cake🍩
YouTube,まなちゃんの仕返しかわいいwwwww #sixtones #京本大我 #goスト #ゴールデンストーンズ #松村北斗 を視聴しました,https://www.youtube.com/watch?v=QXXnY7ltYsc,"[{""name"": ""Th\u1ebf \u0110\u1ee9c Pvzz"", ""url"": ""https://www.youtube.com/channel/UCN8NjcXOwhZRU5DY7u7zyfw""}]",2026-01-29 18:56:22.993000,"[""YouTube""]","[""YouTube \u306e\u518d\u751f\u5c65\u6b74""]",,,Thế Đức Pvzz
YouTube,【#ライブ映像 公開中】#初恋サイダー (Album version) / #Buono! (#嗣永桃子 #夏焼雅 #鈴木愛理) Buono!ライブ2017 〜Pienezza！〜 を視聴しました,https://www.youtube.com/watch?v=_2cEYGGx2W4,"[{""name"": ""Buono!"", ""url"": ""https://www.youtube.com/channel/UCQuNrURlzPsbJZD17icx7Gw""}]",2026-01-29 18:56:18.191000,"[""YouTube""]","[""YouTube \u306e\u518d\u751f\u5c65\u6b74""]",,,Buono!
YouTube,なにこの関係性www #山田涼介 #heysayjump #恋愛テクニック #恋愛 #結婚 #恋愛相談 #波瑠 #男女 #相性 を視聴しました,https://www.youtube.com/watch?v=A3TPk4G-V10,"[{""name"": ""\u3086\u304b@\u604b\u611b"", ""url"": ""https://www.youtube.com/channel/UC0rzSu7DMrsRkEMAl84ey6Q""}]",2026-01-29 18:56:16.973000,"[""YouTube""]","[""YouTube \u306e\u518d\u751f\u5c65\u6b74""]",,,ゆか@恋愛
YouTube,https://www.youtube.com/watch?v=1Qif2ggHOWM を視聴しました,https://www.youtube.com/watch?v=1Qif2ggHOWM,,2026-01-29 18:56:15.534000,"[""YouTube""]","[""YouTube \u306e\u518d\u751f\u5c65\u6b74""]",,,error
YouTube,この曲のせいで筋肉痛になった人がいるらしいです #ぷりきゅきゅ #FRUITSZIPPER #CUTIESTREET を視聴しました,https://www.youtube.com/watch?v=_53nYJFZ-Tk,"[{""name"": ""CUTIE STREET"", ""url"": ""https://www.youtube.com/channel/UCEz-AFAg3EUKsxraad1puQA""}]",2026-01-29 18:56:14.233000,"[""YouTube""]","[""YouTube \u306e\u518d\u751f\u5c65\u6b74""]",,,CUTIE STREET
YouTube,🧊 ルービックキューブ / SixTONES ジェシー #shorts #切り抜き #ストーンズ #ジェシー 🧊 #sixtones を視聴しました,https://www.youtube.com/watch?v=hSyg1PCdiTM,"[{""name"": ""\u30ea\u3043!!!!!!"", ""url"": ""https://www.youtube.com/channel/UCWnPegwBpmTLZ-5Jbgh409Q""}]",2026-01-29 18:56:11.342000,"[""YouTube""]","[""YouTube \u306e\u518d\u751f\u5c65\u6b74""]",,,リぃ!!!!!!
YouTube,【裏話】サナ活で大人気になったグッズと嬉しかった事 #高市早苗 を視聴しました,https://www.youtube.com/watch?v=6KQYCVKD_f8,"[{""name"": ""\u653f\u6cbb\u3092\u898b\u5b88\u308b\u30c1\u30e3\u30f3\u30cd\u30eb"", ""url"": ""https://www.youtube.com/channel/UCJXg37W8cmtXWxnIlfaKCLw""}]",2026-01-29 18:56:10.589000,"[""YouTube""]","[""YouTube \u306e\u518d\u751f\u5c65\u6b74""]",,,政治を見守るチャンネル
YouTube,これが桜井和寿の本気。 を視聴しました,https://www.youtube.com/watch?v=hBsqzwf-A2s,"[{""name"": ""\u30df\u30b9\u30c1\u30eb\u30d5\u30a1\u30f3\u306e\u30c1\u30e3\u30f3\u30cd\u30eb"", ""url"": ""https://www.youtube.com/channel/UC4IKemnNICAdMK3Ye_K7YFQ""}]",2026-01-29 18:56:08.031000,"[""YouTube""]","[""YouTube \u306e\u518d\u751f\u5c65\u6b74""]",,,ミスチルファンのチャンネル
YouTube,【ミスチル】Mr.Children結成秘話！#shorts s を視聴しました,https://www.youtube.com/watch?v=KVTz6PToBP4,"[{""name"": ""\u306a\u304b\u3057\u3083\u3093\u30c1\u30e3\u30f3\u30cd\u30eb"", ""url"": ""https://www.youtube.com/channel/UCUXhR6zeDNKIbOLG8Ca88sw""}]",2026-01-29 18:55:16.013000,"[""YouTube""]","[""YouTube \u306e\u518d\u751f\u5c65\u6b74""]",,,なかしゃんチャンネル
YouTube,https://www.youtube.com/watch?v=r9BIb93Ordo を視聴しました,https://www.youtube.com/watch?v=r9BIb93Ordo,,2026-01-29 18:55:14.302000,"[""YouTube""]","[""YouTube \u306e\u518d\u751f\u5c65\u6b74""]",,,error
YouTube,アカペラで歌うSixTONESのこっからに鳥肌がやばい…！！【THE FIRST TAKE】 を視聴しました,https://www.youtube.com/watch?v=T8h2_G2pSOo,"[{""name"": ""sasoribi1341"", ""url"": ""https://www.youtube.com/channel/UCF5bmQK7Ev8zoeyp-90U1og""}]",2026-01-29 18:55:05.910000,"[""YouTube""]","[""YouTube \u306e\u518d\u751f\u5c65\u6b74""]",,,sasoribi1341
YouTube,マイク抜き選手権世界一の桜井和寿#Mr.children#かっこいい#世界一#面白い#歌上手 を視聴しました,https://www.youtube.com/watch?v=OgH1r4Fu-Jw,"[{""name"": ""\u30c6\u30b1\u30c6\u30b1\u3055\u3093"", ""url"": ""https://www.youtube.com/channel/UC3W2eVcT1puAAhUX8zuFHIw""}]",2026-01-29 18:55:04.371000,"[""YouTube""]","[""YouTube \u306e\u518d\u751f\u5c65\u6b74""]",,,テケテケさん
YouTube,ミスチル、贅沢な悩み「代表曲ありすぎ問題」代表曲からの「代表曲」、まだあるの？「Mr.Children 30th Anniversary Tour半世紀へのエントランス」(LIVE) #shorts を視聴しました,https://www.youtube.com/watch?v=8OKGv3qSixo,"[{""name"": ""teltelats"", ""url"": ""https://www.youtube.com/channel/UC4vO1iW88yxW7GDvqTkKNaw""}]",2026-01-29 18:54:02.405000,"[""YouTube""]","[""YouTube \u306e\u518d\u751f\u5c65\u6b74""]",,,teltelats
YouTube,【ミスチル】桜井さんの歌詞の考え方がヤバすぎる！#shorts を視聴しました,https://www.youtube.com/watch?v=F-Ph_-rmfJk,"[{""name"": ""\u306a\u304b\u3057\u3083\u3093\u30c1\u30e3\u30f3\u30cd\u30eb"", ""url"": ""https://www.youtube.com/channel/UCUXhR6zeDNKIbOLG8Ca88sw""}]",2026-01-29 18:53:09.478000,"[""YouTube""]","[""YouTube \u306e\u518d\u751f\u5c65\u6b74""]",,,なかしゃんチャンネル
YouTube,桑田佳祐 – 白い恋人達（Full ver.） を視聴しました,https://www.youtube.com/watch?v=pvqvBAA-0AE,"[{""name"": ""\u6851\u7530\u4f73\u7950"", ""url"": ""https://www.youtube.com/channel/UCaZ17KNeiVkQkeG7i2WDOnQ""}]",2026-01-29 12:31:36.437000,"[""YouTube""]","[""YouTube \u306e\u518d\u751f\u5c65\u6b74""]",,,桑田佳祐
YouTube,Ziggo LocalRadio Wifigarantie RC 20s Algemeen 20250506  23LUFS 2 を視聴しました,https://www.youtube.com/watch?v=2mHZusPwCK8,,2026-01-29 12:31:15.865000,"[""YouTube""]","[""\u30a6\u30a7\u30d6\u3068\u30a2\u30d7\u30ea\u306e\u30a2\u30af\u30c6\u30a3\u30d3\u30c6\u30a3"", ""YouTube \u306e\u518d\u751f\u5c65\u6b74"", ""YouTube \u306e\u691c\u7d22\u5c65\u6b74""]",13:31 で再生済み,"[{""name"": ""Google \u5e83\u544a\u304b\u3089""}]",Ziggo
YouTube,桑田佳祐 – 明日晴れるかな（Full ver.） を視聴しました,https://www.youtube.com/watch?v=vjj16qog4vQ,"[{""name"": ""\u6851\u7530\u4f73\u7950"", ""url"": ""https://www.youtube.com/channel/UCaZ17KNeiVkQkeG7i2WDOnQ""}]",2026-01-29 12:24:38.941000,"[""YouTube""]","[""YouTube \u306e\u518d\u751f\u5c65\u6b74""]",,,桑田佳祐
YouTube,FY26 - TRO Besta - YT audio を視聴しました,https://www.youtube.com/watch?v=CA0Fi19ISro,,2026-01-29 12:24:23.213000,"[""YouTube""]","[""\u30a6\u30a7\u30d6\u3068\u30a2\u30d7\u30ea\u306e\u30a2\u30af\u30c6\u30a3\u30d3\u30c6\u30a3"", ""YouTube \u306e\u518d\u751f\u5c65\u6b74"", ""YouTube \u306e\u691c\u7d22\u5c65\u6b74""]",13:24 で再生済み,"[{""name"": ""Google \u5e83\u544a\u304b\u3089""}]",IKEA Nederland
YouTube,"MCID40453 - CM - Snelpakkers MOB - Iphone | OLR - SELL - 16x9 - 15"" を視聴しました",https://www.youtube.com/watch?v=dTaTVYbyrnM,,2026-01-29 12:24:07.892000,"[""YouTube""]","[""\u30a6\u30a7\u30d6\u3068\u30a2\u30d7\u30ea\u306e\u30a2\u30af\u30c6\u30a3\u30d3\u30c6\u30a3"", ""YouTube \u306e\u518d\u751f\u5c65\u6b74"", ""YouTube \u306e\u691c\u7d22\u5c65\u6b74""]",13:24 で再生済み,"[{""name"": ""Google \u5e83\u544a\u304b\u3089""}]",KPN
YouTube,Mr.Children 「Sign」 MUSIC VIDEO を視聴しました,https://www.youtube.com/watch?v=4wuWJ7GAc2s,"[{""name"": ""Mr.Children Official Channel"", ""url"": ""https://www.youtube.com/channel/UCXteDRy5qB0IjA8WPusCJ7w""}]",2026-01-29 12:18:39.281000,"[""YouTube""]","[""YouTube \u306e\u518d\u751f\u5c65\u6b74""]",,,Mr.Children Official Channel
YouTube,Adviseur bij de Jong & Laan - Werk i.c.m. fietsen を視聴しました,https://www.youtube.com/watch?v=NzezfCqQ4vA,,2026-01-29 12:18:25.294000,"[""YouTube""]","[""\u30a6\u30a7\u30d6\u3068\u30a2\u30d7\u30ea\u306e\u30a2\u30af\u30c6\u30a3\u30d3\u30c6\u30a3"", ""YouTube \u306e\u518d\u751f\u5c65\u6b74"", ""YouTube \u306e\u691c\u7d22\u5c65\u6b74""]",13:18 で再生済み,"[{""name"": ""Google \u5e83\u544a\u304b\u3089""}]",De Jong & Laan
YouTube,Conimex | Varieer eens met nasi! を視聴しました,https://www.youtube.com/watch?v=QNUfWGMUv0Q,,2026-01-29 12:18:09.632000,"[""YouTube""]","[""\u30a6\u30a7\u30d6\u3068\u30a2\u30d7\u30ea\u306e\u30a2\u30af\u30c6\u30a3\u30d3\u30c6\u30a3"", ""YouTube \u306e\u518d\u751f\u5c65\u6b74"", ""YouTube \u306e\u691c\u7d22\u5c65\u6b74""]","13:18 で再生済み
8:05 で再生済み","[{""name"": ""Google \u5e83\u544a\u304b\u3089""}]",Conimex
YouTube,"Mr.Children 「あんまり覚えてないや」 ""HOME"" TOUR 2007 を視聴しました",https://www.youtube.com/watch?v=WIDFCpVb6Fg,"[{""name"": ""\u30df\u30b9\u30c1\u30eb\u30e9\u30d6"", ""url"": ""https://www.youtube.com/channel/UC2CBiDBK_msf-f11RHLjSJw""}]",2026-01-29 12:13:08.996000,"[""YouTube""]","[""YouTube \u306e\u518d\u751f\u5c65\u6b74""]",,,ミスチルラブ
YouTube,Women_ThemeC_16x9_DenimCC_10s_Video.mp4 2 を視聴しました,https://www.youtube.com/watch?v=41QJ7NfYcEI,,2026-01-29 12:12:58.304000,"[""YouTube""]","[""\u30a6\u30a7\u30d6\u3068\u30a2\u30d7\u30ea\u306e\u30a2\u30af\u30c6\u30a3\u30d3\u30c6\u30a3"", ""YouTube \u306e\u518d\u751f\u5c65\u6b74"", ""YouTube \u306e\u691c\u7d22\u5c65\u6b74""]",13:12 で再生済み,"[{""name"": ""Google \u5e83\u544a\u304b\u3089""}]",H&M
YouTube,"Ierland, het eiland dat telkens verrast 15s を視聴しました",https://www.youtube.com/watch?v=Os6ssBhicNo,,2026-01-29 12:12:42.690000,"[""YouTube""]","[""\u30a6\u30a7\u30d6\u3068\u30a2\u30d7\u30ea\u306e\u30a2\u30af\u30c6\u30a3\u30d3\u30c6\u30a3"", ""YouTube \u306e\u518d\u751f\u5c65\u6b74"", ""YouTube \u306e\u691c\u7d22\u5c65\u6b74""]",13:12 で再生済み,"[{""name"": ""Google \u5e83\u544a\u304b\u3089""}]",Ierland Toerisme
YouTube,Is this thing on? - 5 februari in de bioscoop を視聴しました,https://www.youtube.com/watch?v=gJSZJw_tXEY,,2026-01-29 07:05:53.780000,"[""YouTube""]","[""\u30a6\u30a7\u30d6\u3068\u30a2\u30d7\u30ea\u306e\u30a2\u30af\u30c6\u30a3\u30d3\u30c6\u30a3"", ""YouTube \u306e\u518d\u751f\u5c65\u6b74"", ""YouTube \u306e\u691c\u7d22\u5c65\u6b74""]",8:05 で再生済み,"[{""name"": ""Google \u5e83\u544a\u304b\u3089""}]",20th Century Studios NL
YouTube,桑田佳祐 – 波乗りジョニー（Full ver.） を視聴しました,https://www.youtube.com/watch?v=K0-Dm4wMJpQ,"[{""name"": ""\u6851\u7530\u4f73\u7950"", ""url"": ""https://www.youtube.com/channel/UCaZ17KNeiVkQkeG7i2WDOnQ""}]",2026-01-29 06:54:25.698000,"[""YouTube""]","[""YouTube \u306e\u518d\u751f\u5c65\u6b74""]",,,桑田佳祐
YouTube,BLEDDERS - SPOT 1 - 5 FEB を視聴しました,https://www.youtube.com/watch?v=VYqHN6bimaE,,2026-01-29 06:54:10.160000,"[""YouTube""]","[""\u30a6\u30a7\u30d6\u3068\u30a2\u30d7\u30ea\u306e\u30a2\u30af\u30c6\u30a3\u30d3\u30c6\u30a3"", ""YouTube \u306e\u518d\u751f\u5c65\u6b74"", ""YouTube \u306e\u691c\u7d22\u5c65\u6b74""]","7:54 で再生済み
6:41 で再生済み","[{""name"": ""Google \u5e83\u544a\u304b\u3089""}]",Splendid Film
YouTube,"Corona Cero - Figure Skating #MiCo2026 - 6"" NL を視聴しました",https://www.youtube.com/watch?v=mrP0BmwTpqw,,2026-01-29 06:54:03.616000,"[""YouTube""]","[""\u30a6\u30a7\u30d6\u3068\u30a2\u30d7\u30ea\u306e\u30a2\u30af\u30c6\u30a3\u30d3\u30c6\u30a3"", ""YouTube \u306e\u518d\u751f\u5c65\u6b74"", ""YouTube \u306e\u691c\u7d22\u5c65\u6b74""]","7:54 で再生済み
6:41 で再生済み","[{""name"": ""Google \u5e83\u544a\u304b\u3089""}]",CoronaFrance
YouTube,Marktplaats Reclame | Supersnel adverteren met onze AI-tool を視聴しました,https://www.youtube.com/watch?v=GyUCnI4KAOU,,2026-01-29 06:46:44.502000,"[""YouTube""]","[""\u30a6\u30a7\u30d6\u3068\u30a2\u30d7\u30ea\u306e\u30a2\u30af\u30c6\u30a3\u30d3\u30c6\u30a3"", ""YouTube \u306e\u518d\u751f\u5c65\u6b74"", ""YouTube \u306e\u691c\u7d22\u5c65\u6b74""]",7:46 で再生済み,"[{""name"": ""Google \u5e83\u544a\u304b\u3089""}]",Marktplaats
YouTube,Revolut NL ATL25 BrandAV Product SendMoney Global 15 Digital 16x9 を視聴しました,https://www.youtube.com/watch?v=MZYVuMGcdGs,,2026-01-29 06:43:02.677000,"[""YouTube""]","[""\u30a6\u30a7\u30d6\u3068\u30a2\u30d7\u30ea\u306e\u30a2\u30af\u30c6\u30a3\u30d3\u30c6\u30a3"", ""YouTube \u306e\u518d\u751f\u5c65\u6b74"", ""YouTube \u306e\u691c\u7d22\u5c65\u6b74""]",7:43 で再生済み,"[{""name"": ""Google \u5e83\u544a\u304b\u3089""}]",Revolut
YouTube,Ontdek de technologie achter Metal Detox. を視聴しました,https://www.youtube.com/watch?v=oy0J9OLgTgw,,2026-01-29 06:42:46.319000,"[""YouTube""]","[""\u30a6\u30a7\u30d6\u3068\u30a2\u30d7\u30ea\u306e\u30a2\u30af\u30c6\u30a3\u30d3\u30c6\u30a3"", ""YouTube \u306e\u518d\u751f\u5c65\u6b74"", ""YouTube \u306e\u691c\u7d22\u5c65\u6b74""]",7:42 で再生済み,"[{""name"": ""Google \u5e83\u544a\u304b\u3089""}]",L’Oréal Professionnel Paris - Benelux
YouTube,熟成しまくったハワイ爆買い動画をみなさんにお届けするけど急に寒くなったからハワイ欲増してるのは私だけじゃなはずだよね？とりまハワイ次いついける？芸能人みたいに月一ハワイとかやっちゃいたい を視聴しました,https://www.youtube.com/watch?v=b51pdq00REE,"[{""name"": ""\u4ef2\u91cc\u4f9d\u7d17\u3067\u3059\u3002"", ""url"": ""https://www.youtube.com/channel/UCJyGoLz_sLHHHI1uEPg6UhA""}]",2026-01-29 06:36:27.474000,"[""YouTube""]","[""YouTube \u306e\u518d\u751f\u5c65\u6b74""]",,,仲里依紗です。
YouTube,OLV25 Vaas Glas&TV 24euro 12mnd 16 9 v2 を視聴しました,https://www.youtube.com/watch?v=GzIfqqT1f1Y,,2026-01-29 06:35:53.861000,"[""YouTube""]","[""\u30a6\u30a7\u30d6\u3068\u30a2\u30d7\u30ea\u306e\u30a2\u30af\u30c6\u30a3\u30d3\u30c6\u30a3"", ""YouTube \u306e\u518d\u751f\u5c65\u6b74"", ""YouTube \u306e\u691c\u7d22\u5c65\u6b74""]",7:35 で再生済み,"[{""name"": ""Google \u5e83\u544a\u304b\u3089""}]",Youfone
YouTube,ASSET 02 LAMINATED 6s 16x9 v3 を視聴しました,https://www.youtube.com/watch?v=n_nsO7IlYiA,,2026-01-29 06:35:47.222000,"[""YouTube""]","[""\u30a6\u30a7\u30d6\u3068\u30a2\u30d7\u30ea\u306e\u30a2\u30af\u30c6\u30a3\u30d3\u30c6\u30a3"", ""YouTube \u306e\u518d\u751f\u5c65\u6b74"", ""YouTube \u306e\u691c\u7d22\u5c65\u6b74""]",7:35 で再生済み,"[{""name"": ""Google \u5e83\u544a\u304b\u3089""}]",NYX Professional Make Up NL
YouTube,Marktplaats Reclame | Supersnel adverteren met onze AI-tool を視聴しました,https://www.youtube.com/watch?v=wuOdp4HeYrQ,,2026-01-29 06:29:15.812000,"[""YouTube""]","[""\u30a6\u30a7\u30d6\u3068\u30a2\u30d7\u30ea\u306e\u30a2\u30af\u30c6\u30a3\u30d3\u30c6\u30a3"", ""YouTube \u306e\u518d\u751f\u5c65\u6b74"", ""YouTube \u306e\u691c\u7d22\u5c65\u6b74""]",7:29 で再生済み,"[{""name"": ""Google \u5e83\u544a\u304b\u3089""}]",Marktplaats
YouTube,NL - Mixa - Bumpers - 06 - Promo January 2026 を視聴しました,https://www.youtube.com/watch?v=bCRNSqG1kwg,,2026-01-29 06:29:09.392000,"[""YouTube""]","[""\u30a6\u30a7\u30d6\u3068\u30a2\u30d7\u30ea\u306e\u30a2\u30af\u30c6\u30a3\u30d3\u30c6\u30a3"", ""YouTube \u306e\u518d\u751f\u5c65\u6b74"", ""YouTube \u306e\u691c\u7d22\u5c65\u6b74""]",7:29 で再生済み,"[{""name"": ""Google \u5e83\u544a\u304b\u3089""}]",Mixa NL
YouTube,久々にパッキング動画撮ったけど3泊4日なのに引っ越しレベルのおかしい量になってて相変わらずで草とりまヘイリーに憧れた結果がカンガルーに間違えられそうなオーストラリア旅だから張り切りみみちゃん を視聴しました,https://www.youtube.com/watch?v=BeMp4Gfjy6M,"[{""name"": ""\u4ef2\u91cc\u4f9d\u7d17\u3067\u3059\u3002"", ""url"": ""https://www.youtube.com/channel/UCJyGoLz_sLHHHI1uEPg6UhA""}]",2026-01-29 06:17:41.277000,"[""YouTube""]","[""YouTube \u306e\u518d\u751f\u5c65\u6b74""]",,,仲里依紗です。
YouTube,Mr.Children「Tomorrow never knows」 Tour2015 未完 Live を視聴しました,https://www.youtube.com/watch?v=AfjteCMzYUo,"[{""name"": ""Mr.Children Official Channel"", ""url"": ""https://www.youtube.com/channel/UCXteDRy5qB0IjA8WPusCJ7w""}]",2026-01-29 06:12:11.059000,"[""YouTube""]","[""YouTube \u306e\u518d\u751f\u5c65\u6b74""]",,,Mr.Children Official Channel
YouTube,MAT GLB 2406777 YouTube Ad - Rediscover MS を視聴しました,https://www.youtube.com/watch?v=hn9SX0nBS-o,,2026-01-29 06:11:52.463000,"[""YouTube""]","[""\u30a6\u30a7\u30d6\u3068\u30a2\u30d7\u30ea\u306e\u30a2\u30af\u30c6\u30a3\u30d3\u30c6\u30a3"", ""YouTube \u306e\u518d\u751f\u5c65\u6b74"", ""YouTube \u306e\u691c\u7d22\u5c65\u6b74""]",7:11 で再生済み,"[{""name"": ""Google \u5e83\u544a\u304b\u3089""}]",RediscoverMS
YouTube,20198763 を視聴しました,https://www.youtube.com/watch?v=U_lYF6BIHCE,,2026-01-29 06:11:37.007000,"[""YouTube""]","[""\u30a6\u30a7\u30d6\u3068\u30a2\u30d7\u30ea\u306e\u30a2\u30af\u30c6\u30a3\u30d3\u30c6\u30a3"", ""YouTube \u306e\u518d\u751f\u5c65\u6b74"", ""YouTube \u306e\u691c\u7d22\u5c65\u6b74""]",7:11 で再生済み,"[{""name"": ""Google \u5e83\u544a\u304b\u3089""}]",Coolblue Advertising
YouTube,Mr.Children「HANABI」 Tour2015 REFLECTION Live を視聴しました,https://www.youtube.com/watch?v=2MNL2mU8pBE,"[{""name"": ""Mr.Children Official Channel"", ""url"": ""https://www.youtube.com/channel/UCXteDRy5qB0IjA8WPusCJ7w""}]",2026-01-29 06:05:47.467000,"[""YouTube""]","[""YouTube \u306e\u518d\u751f\u5c65\u6b74""]",,,Mr.Children Official Channel
YouTube,Is this thing on? - 5 februari in de bioscoop を視聴しました,https://www.youtube.com/watch?v=2-9JPrACEMs,,2026-01-29 06:05:31.443000,"[""YouTube""]","[""\u30a6\u30a7\u30d6\u3068\u30a2\u30d7\u30ea\u306e\u30a2\u30af\u30c6\u30a3\u30d3\u30c6\u30a3"", ""YouTube \u306e\u518d\u751f\u5c65\u6b74"", ""YouTube \u306e\u691c\u7d22\u5c65\u6b74""]",7:05 で再生済み,"[{""name"": ""Google \u5e83\u544a\u304b\u3089""}]",20th Century Studios NL
YouTube,Woonsquare Inruildagen を視聴しました,https://www.youtube.com/watch?v=e58qWMW6v_w,,2026-01-29 06:05:04.128000,"[""YouTube""]","[""\u30a6\u30a7\u30d6\u3068\u30a2\u30d7\u30ea\u306e\u30a2\u30af\u30c6\u30a3\u30d3\u30c6\u30a3"", ""YouTube \u306e\u518d\u751f\u5c65\u6b74"", ""YouTube \u306e\u691c\u7d22\u5c65\u6b74""]",7:05 で再生済み,"[{""name"": ""Google \u5e83\u544a\u304b\u3089""}]",Woonsquare
YouTube,WRC | Race Beyond Limits | HankookTire を視聴しました,https://www.youtube.com/watch?v=fXGGMMU_L_o,,2026-01-29 05:59:59.065000,"[""YouTube""]","[""\u30a6\u30a7\u30d6\u3068\u30a2\u30d7\u30ea\u306e\u30a2\u30af\u30c6\u30a3\u30d3\u30c6\u30a3"", ""YouTube \u306e\u518d\u751f\u5c65\u6b74"", ""YouTube \u306e\u691c\u7d22\u5c65\u6b74""]",6:59 で再生済み,"[{""name"": ""Google \u5e83\u544a\u304b\u3089""}]",Hankook Tire Global
YouTube,Revolut NL ATL25 BrandAV Product FX Global 15 Digital 16x9 を視聴しました,https://www.youtube.com/watch?v=1Abo0Rowco8,,2026-01-29 05:59:43.174000,"[""YouTube""]","[""\u30a6\u30a7\u30d6\u3068\u30a2\u30d7\u30ea\u306e\u30a2\u30af\u30c6\u30a3\u30d3\u30c6\u30a3"", ""YouTube \u306e\u518d\u751f\u5c65\u6b74"", ""YouTube \u306e\u691c\u7d22\u5c65\u6b74""]",6:59 で再生済み,"[{""name"": ""Google \u5e83\u544a\u304b\u3089""}]",Revolut
YouTube,Conimex | Varieer eens met nasi! を視聴しました,https://www.youtube.com/watch?v=_QrG5f6_1b0,,2026-01-29 05:54:19.571000,"[""YouTube""]","[""\u30a6\u30a7\u30d6\u3068\u30a2\u30d7\u30ea\u306e\u30a2\u30af\u30c6\u30a3\u30d3\u30c6\u30a3"", ""YouTube \u306e\u518d\u751f\u5c65\u6b74"", ""YouTube \u306e\u691c\u7d22\u5c65\u6b74""]",6:54 で再生済み,"[{""name"": ""Google \u5e83\u544a\u304b\u3089""}]",Conimex
YouTube,NL-NL | D7636 | Blank Again | Mix | Seller | 16x9 | 10s | .mp4 を視聴しました,https://www.youtube.com/watch?v=6DGnC_kzIuo,,2026-01-29 05:54:09.075000,"[""YouTube""]","[""\u30a6\u30a7\u30d6\u3068\u30a2\u30d7\u30ea\u306e\u30a2\u30af\u30c6\u30a3\u30d3\u30c6\u30a3"", ""YouTube \u306e\u518d\u751f\u5c65\u6b74"", ""YouTube \u306e\u691c\u7d22\u5c65\u6b74""]",6:54 で再生済み,"[{""name"": ""Google \u5e83\u544a\u304b\u3089""}]",Vinted
YouTube,Mr.Children「Sign」 TOUR POPSAURUS 2012 Live を視聴しました,https://www.youtube.com/watch?v=7aJmUeLMZi4,"[{""name"": ""Mr.Children Official Channel"", ""url"": ""https://www.youtube.com/channel/UCXteDRy5qB0IjA8WPusCJ7w""}]",2026-01-29 05:48:42.671000,"[""YouTube""]","[""YouTube \u306e\u518d\u751f\u5c65\u6b74""]",,,Mr.Children Official Channel
YouTube,OLV 6s 40GB 5euro 16 9 を視聴しました,https://www.youtube.com/watch?v=uq9ASUwMGZo,,2026-01-29 05:48:36.230000,"[""YouTube""]","[""\u30a6\u30a7\u30d6\u3068\u30a2\u30d7\u30ea\u306e\u30a2\u30af\u30c6\u30a3\u30d3\u30c6\u30a3"", ""YouTube \u306e\u518d\u751f\u5c65\u6b74"", ""YouTube \u306e\u691c\u7d22\u5c65\u6b74""]",6:48 で再生済み,"[{""name"": ""Google \u5e83\u544a\u304b\u3089""}]",Youfone
YouTube,Animal Crossing: New Horizons | Gratis update nu beschikbaar! (Nintendo Switch en Nintendo Switch 2) を視聴しました,https://www.youtube.com/watch?v=UODOdY0FZfg,,2026-01-29 05:48:15.836000,"[""YouTube""]","[""\u30a6\u30a7\u30d6\u3068\u30a2\u30d7\u30ea\u306e\u30a2\u30af\u30c6\u30a3\u30d3\u30c6\u30a3"", ""YouTube \u306e\u518d\u751f\u5c65\u6b74"", ""YouTube \u306e\u691c\u7d22\u5c65\u6b74""]",6:48 で再生済み,"[{""name"": ""Google \u5e83\u544a\u304b\u3089""}]",Nintendo Nederland
YouTube,NL-NL | D7637 | Blank Again | Mix | Buyer | 16x9 | 6s | .mp4 を視聴しました,https://www.youtube.com/watch?v=80pZROy-SVU,,2026-01-29 05:34:37.529000,"[""YouTube""]","[""\u30a6\u30a7\u30d6\u3068\u30a2\u30d7\u30ea\u306e\u30a2\u30af\u30c6\u30a3\u30d3\u30c6\u30a3"", ""YouTube \u306e\u518d\u751f\u5c65\u6b74"", ""YouTube \u306e\u691c\u7d22\u5c65\u6b74""]",6:34 で再生済み,"[{""name"": ""Google \u5e83\u544a\u304b\u3089""}]",Vinted
YouTube,Revolut NL ATL25 BrandAV Product Savings Diversification 15 Digital 16x9 を視聴しました,https://www.youtube.com/watch?v=iIEvBwZDv5Y,,2026-01-28 23:03:24.189000,"[""YouTube""]","[""\u30a6\u30a7\u30d6\u3068\u30a2\u30d7\u30ea\u306e\u30a2\u30af\u30c6\u30a3\u30d3\u30c6\u30a3"", ""YouTube \u306e\u518d\u751f\u5c65\u6b74"", ""YouTube \u306e\u691c\u7d22\u5c65\u6b74""]",0:03 で再生済み,"[{""name"": ""Google \u5e83\u544a\u304b\u3089""}]",Revolut
YouTube,NLN - PrivateHome - WoodylScents - 2026 - Bumper - 16x9 - 6s - Dutch copy - awareness を視聴しました,https://www.youtube.com/watch?v=XUTycHjOdzQ,,2026-01-28 23:03:17.221000,"[""YouTube""]","[""\u30a6\u30a7\u30d6\u3068\u30a2\u30d7\u30ea\u306e\u30a2\u30af\u30c6\u30a3\u30d3\u30c6\u30a3"", ""YouTube \u306e\u518d\u751f\u5c65\u6b74"", ""YouTube \u306e\u691c\u7d22\u5c65\u6b74""]",0:03 で再生済み,"[{""name"": ""Google \u5e83\u544a\u304b\u3089""}]",Rituals Cosmetics Global
YouTube,MNY | LIFTER GLAZE OIL BALM | NL | 6 SEC MAIN を視聴しました,https://www.youtube.com/watch?v=XLsjsK6jzWE,,2026-01-28 22:56:52.979000,"[""YouTube""]","[""\u30a6\u30a7\u30d6\u3068\u30a2\u30d7\u30ea\u306e\u30a2\u30af\u30c6\u30a3\u30d3\u30c6\u30a3"", ""YouTube \u306e\u518d\u751f\u5c65\u6b74"", ""YouTube \u306e\u691c\u7d22\u5c65\u6b74""]","23:56 で再生済み
22:59 で再生済み
21:51 で再生済み","[{""name"": ""Google \u5e83\u544a\u304b\u3089""}]",maybellinenl
YouTube,Woonsquare Inruildagen を視聴しました,https://www.youtube.com/watch?v=e58qWMW6v_w,,2026-01-28 22:56:23.835000,"[""YouTube""]","[""\u30a6\u30a7\u30d6\u3068\u30a2\u30d7\u30ea\u306e\u30a2\u30af\u30c6\u30a3\u30d3\u30c6\u30a3"", ""YouTube \u306e\u518d\u751f\u5c65\u6b74"", ""YouTube \u306e\u691c\u7d22\u5c65\u6b74""]","23:56 で再生済み
21:25 で再生済み
16:34 で再生済み
9:25 で再生済み
7:01 で再生済み","[{""name"": ""Google \u5e83\u544a\u304b\u3089""}]",Woonsquare
YouTube,にゃんぴょんチームで軽井沢と草津に行ったけど終始爆笑の騒がしすぎるデンジャートリップで草 を視聴しました,https://www.youtube.com/watch?v=4SxItHpab1s,"[{""name"": ""\u4ef2\u91cc\u4f9d\u7d17\u3067\u3059\u3002"", ""url"": ""https://www.youtube.com/channel/UCJyGoLz_sLHHHI1uEPg6UhA""}]",2026-01-28 22:51:33.673000,"[""YouTube""]","[""YouTube \u306e\u518d\u751f\u5c65\u6b74""]",,,仲里依紗です。
YouTube,D-reizen - Safari (Jan. 2026) を視聴しました,https://www.youtube.com/watch?v=avAVGZ3PEwE,,2026-01-28 22:50:59.730000,"[""YouTube""]","[""\u30a6\u30a7\u30d6\u3068\u30a2\u30d7\u30ea\u306e\u30a2\u30af\u30c6\u30a3\u30d3\u30c6\u30a3"", ""YouTube \u306e\u518d\u751f\u5c65\u6b74"", ""YouTube \u306e\u691c\u7d22\u5c65\u6b74""]","23:50 で再生済み
0:20 で再生済み","[{""name"": ""Google \u5e83\u544a\u304b\u3089""}]",D-reizen
YouTube,Animal Crossing: New Horizons – Nintendo Switch 2 Edition を視聴しました,https://www.youtube.com/watch?v=LFhrio3XUF4,,2026-01-28 22:50:43.898000,"[""YouTube""]","[""\u30a6\u30a7\u30d6\u3068\u30a2\u30d7\u30ea\u306e\u30a2\u30af\u30c6\u30a3\u30d3\u30c6\u30a3"", ""YouTube \u306e\u518d\u751f\u5c65\u6b74"", ""YouTube \u306e\u691c\u7d22\u5c65\u6b74""]",23:50 で再生済み,"[{""name"": ""Google \u5e83\u544a\u304b\u3089""}]",Nintendo Nederland
YouTube,Winter am Hochkönig – man kann doch Alois haben を視聴しました,https://www.youtube.com/watch?v=qjOlmiFWvBw,,2026-01-28 22:44:46.716000,"[""YouTube""]","[""\u30a6\u30a7\u30d6\u3068\u30a2\u30d7\u30ea\u306e\u30a2\u30af\u30c6\u30a3\u30d3\u30c6\u30a3"", ""YouTube \u306e\u518d\u751f\u5c65\u6b74"", ""YouTube \u306e\u691c\u7d22\u5c65\u6b74""]",23:44 で再生済み,"[{""name"": ""Google \u5e83\u544a\u304b\u3089""}]",Hochkönig
YouTube,Winterdeals - 9x16 - 6 sec. を視聴しました,https://www.youtube.com/watch?v=ZLKDFnmbh0Y,,2026-01-28 22:44:39.562000,"[""YouTube""]","[""\u30a6\u30a7\u30d6\u3068\u30a2\u30d7\u30ea\u306e\u30a2\u30af\u30c6\u30a3\u30d3\u30c6\u30a3"", ""YouTube \u306e\u518d\u751f\u5c65\u6b74"", ""YouTube \u306e\u691c\u7d22\u5c65\u6b74""]",23:44 で再生済み,"[{""name"": ""Google \u5e83\u544a\u304b\u3089""}]",Kamera Express
YouTube,Doritos® Loaded を視聴しました,https://www.youtube.com/watch?v=UAsazFORlBo,,2026-01-28 22:39:25.716000,"[""YouTube""]","[""\u30a6\u30a7\u30d6\u3068\u30a2\u30d7\u30ea\u306e\u30a2\u30af\u30c6\u30a3\u30d3\u30c6\u30a3"", ""YouTube \u306e\u518d\u751f\u5c65\u6b74"", ""YouTube \u306e\u691c\u7d22\u5c65\u6b74""]",23:39 で再生済み,"[{""name"": ""Google \u5e83\u544a\u304b\u3089""}]",Doritos Nederland
YouTube,NL-NL | D7637 | Blank Again | Mix | Buyer | 16x9 | 15s | .mp4 を視聴しました,https://www.youtube.com/watch?v=ZrPcvQ8YETk,,2026-01-28 22:39:09.791000,"[""YouTube""]","[""\u30a6\u30a7\u30d6\u3068\u30a2\u30d7\u30ea\u306e\u30a2\u30af\u30c6\u30a3\u30d3\u30c6\u30a3"", ""YouTube \u306e\u518d\u751f\u5c65\u6b74"", ""YouTube \u306e\u691c\u7d22\u5c65\u6b74""]",23:39 で再生済み,"[{""name"": ""Google \u5e83\u544a\u304b\u3089""}]",Vinted
YouTube,Pronto Wonen | Sale TVC を視聴しました,https://www.youtube.com/watch?v=glVFsIWmplI,,2026-01-28 22:32:21.502000,"[""YouTube""]","[""\u30a6\u30a7\u30d6\u3068\u30a2\u30d7\u30ea\u306e\u30a2\u30af\u30c6\u30a3\u30d3\u30c6\u30a3"", ""YouTube \u306e\u518d\u751f\u5c65\u6b74"", ""YouTube \u306e\u691c\u7d22\u5c65\u6b74""]","23:32 で再生済み
10:21 で再生済み
7:51 で再生済み","[{""name"": ""Google \u5e83\u544a\u304b\u3089""}]",Pronto Wonen
YouTube,Animal Crossing: New Horizons | Gratis update nu beschikbaar! (Nintendo Switch en Nintendo Switch 2) を視聴しました,https://www.youtube.com/watch?v=UODOdY0FZfg,,2026-01-28 22:32:00.877000,"[""YouTube""]","[""\u30a6\u30a7\u30d6\u3068\u30a2\u30d7\u30ea\u306e\u30a2\u30af\u30c6\u30a3\u30d3\u30c6\u30a3"", ""YouTube \u306e\u518d\u751f\u5c65\u6b74"", ""YouTube \u306e\u691c\u7d22\u5c65\u6b74""]",23:32 で再生済み,"[{""name"": ""Google \u5e83\u544a\u304b\u3089""}]",Nintendo Nederland
YouTube,にゃんぴょんチームで韓国ツアー引き続いちゃってるけどグルメ食い散らかして爆買いもしまくりあげて極上のひとときぶちかましてまじで幸動画とりまアイス今まで何トン食った?😂 を視聴しました,https://www.youtube.com/watch?v=M-o4cG70Wbc,"[{""name"": ""\u4ef2\u91cc\u4f9d\u7d17\u3067\u3059\u3002"", ""url"": ""https://www.youtube.com/channel/UCJyGoLz_sLHHHI1uEPg6UhA""}]",2026-01-28 22:30:03.253000,"[""YouTube""]","[""YouTube \u306e\u518d\u751f\u5c65\u6b74""]",,,仲里依紗です。
YouTube,Zuyd Hogeschool - Open Dag 7 februari 2026 - Waarom je niet naar een open dag moet gaan を視聴しました,https://www.youtube.com/watch?v=59Ywow9qvaQ,,2026-01-28 22:29:32.974000,"[""YouTube""]","[""\u30a6\u30a7\u30d6\u3068\u30a2\u30d7\u30ea\u306e\u30a2\u30af\u30c6\u30a3\u30d3\u30c6\u30a3"", ""YouTube \u306e\u518d\u751f\u5c65\u6b74"", ""YouTube \u306e\u691c\u7d22\u5c65\u6b74""]",23:29 で再生済み,"[{""name"": ""Google \u5e83\u544a\u304b\u3089""}]",Zuyd Hogeschool
YouTube,NLNL - TRUE MATCH - 6SEC - HYDRATERENDE FORMULE を視聴しました,https://www.youtube.com/watch?v=iaix-OwYh0M,,2026-01-28 22:29:26.050000,"[""YouTube""]","[""\u30a6\u30a7\u30d6\u3068\u30a2\u30d7\u30ea\u306e\u30a2\u30af\u30c6\u30a3\u30d3\u30c6\u30a3"", ""YouTube \u306e\u518d\u751f\u5c65\u6b74"", ""YouTube \u306e\u691c\u7d22\u5c65\u6b74""]","23:29 で再生済み
22:54 で再生済み
21:09 で再生済み","[{""name"": ""Google \u5e83\u544a\u304b\u3089""}]",L'Oréal Paris Netherlands
YouTube,Revolut NL ATL25 BrandAV Product FX Global 15 Digital 16x9 を視聴しました,https://www.youtube.com/watch?v=1Abo0Rowco8,,2026-01-28 22:25:06.325000,"[""YouTube""]","[""\u30a6\u30a7\u30d6\u3068\u30a2\u30d7\u30ea\u306e\u30a2\u30af\u30c6\u30a3\u30d3\u30c6\u30a3"", ""YouTube \u306e\u518d\u751f\u5c65\u6b74"", ""YouTube \u306e\u691c\u7d22\u5c65\u6b74""]","23:25 で再生済み
7:42 で再生済み","[{""name"": ""Google \u5e83\u544a\u304b\u3089""}]",Revolut
YouTube,MNY | LIFTER GLAZE OIL BALM | NL | 6 SEC | SHAY MITCHELL を視聴しました,https://www.youtube.com/watch?v=IvC_OzKR-vI,,2026-01-28 22:24:58.610000,"[""YouTube""]","[""\u30a6\u30a7\u30d6\u3068\u30a2\u30d7\u30ea\u306e\u30a2\u30af\u30c6\u30a3\u30d3\u30c6\u30a3"", ""YouTube \u306e\u518d\u751f\u5c65\u6b74"", ""YouTube \u306e\u691c\u7d22\u5c65\u6b74""]","23:24 で再生済み
20:42 で再生済み","[{""name"": ""Google \u5e83\u544a\u304b\u3089""}]",maybellinenl
YouTube,OLV25 Vaas Glas&TV 24euro 12mnd 16 9 v2 を視聴しました,https://www.youtube.com/watch?v=GzIfqqT1f1Y,,2026-01-28 22:20:37.291000,"[""YouTube""]","[""\u30a6\u30a7\u30d6\u3068\u30a2\u30d7\u30ea\u306e\u30a2\u30af\u30c6\u30a3\u30d3\u30c6\u30a3"", ""YouTube \u306e\u518d\u751f\u5c65\u6b74"", ""YouTube \u306e\u691c\u7d22\u5c65\u6b74""]",23:20 で再生済み,"[{""name"": ""Google \u5e83\u544a\u304b\u3089""}]",Youfone
YouTube,GA 2026 EA POY EDP TVC 15s 16x9 VA logo Without Tagline を視聴しました,https://www.youtube.com/watch?v=o-v8-H96Mc8,,2026-01-28 22:20:21.166000,"[""YouTube""]","[""\u30a6\u30a7\u30d6\u3068\u30a2\u30d7\u30ea\u306e\u30a2\u30af\u30c6\u30a3\u30d3\u30c6\u30a3"", ""YouTube \u306e\u518d\u751f\u5c65\u6b74"", ""YouTube \u306e\u691c\u7d22\u5c65\u6b74""]","23:20 で再生済み
22:47 で再生済み
21:57 で再生済み
21:21 で再生済み
20:49 で再生済み","[{""name"": ""Google \u5e83\u544a\u304b\u3089""}]",Armani beauty
YouTube,Zuyd Hogeschool - Open Dag 7 februari 2026 - Repeat - grappig を視聴しました,https://www.youtube.com/watch?v=g38Vm0JQRaM,,2026-01-28 22:11:58.951000,"[""YouTube""]","[""\u30a6\u30a7\u30d6\u3068\u30a2\u30d7\u30ea\u306e\u30a2\u30af\u30c6\u30a3\u30d3\u30c6\u30a3"", ""YouTube \u306e\u518d\u751f\u5c65\u6b74"", ""YouTube \u306e\u691c\u7d22\u5c65\u6b74""]",23:11 で再生済み,"[{""name"": ""Google \u5e83\u544a\u304b\u3089""}]",Zuyd Hogeschool
YouTube,NLNL - TRUE MATCH - 15 SEC - EMOTIONAL を視聴しました,https://www.youtube.com/watch?v=HUsHfORrTm4,,2026-01-28 22:11:43.234000,"[""YouTube""]","[""\u30a6\u30a7\u30d6\u3068\u30a2\u30d7\u30ea\u306e\u30a2\u30af\u30c6\u30a3\u30d3\u30c6\u30a3"", ""YouTube \u306e\u518d\u751f\u5c65\u6b74"", ""YouTube \u306e\u691c\u7d22\u5c65\u6b74""]",23:11 で再生済み,"[{""name"": ""Google \u5e83\u544a\u304b\u3089""}]",L'Oréal Paris Netherlands
YouTube,にゃんぴょんチームの沖縄修学旅行パート2動画公開するけど超難問問題ぶちかますね2泊3日でスイーツを何個食べたでしょうwこのチームのことだから食前食後は当たり前だからまじで漢方かよ を視聴しました,https://www.youtube.com/watch?v=k8riAuB2RRE,"[{""name"": ""\u4ef2\u91cc\u4f9d\u7d17\u3067\u3059\u3002"", ""url"": ""https://www.youtube.com/channel/UCJyGoLz_sLHHHI1uEPg6UhA""}]",2026-01-28 22:06:29.167000,"[""YouTube""]","[""YouTube \u306e\u518d\u751f\u5c65\u6b74""]",,,仲里依紗です。
YouTube,Revolut NL ATL25 BrandAV Product FraudPrevention Security 15 Digital 16x9 を視聴しました,https://www.youtube.com/watch?v=LpWkj8sOef0,,2026-01-28 22:06:09.442000,"[""YouTube""]","[""\u30a6\u30a7\u30d6\u3068\u30a2\u30d7\u30ea\u306e\u30a2\u30af\u30c6\u30a3\u30d3\u30c6\u30a3"", ""YouTube \u306e\u518d\u751f\u5c65\u6b74"", ""YouTube \u306e\u691c\u7d22\u5c65\u6b74""]",23:06 で再生済み,"[{""name"": ""Google \u5e83\u544a\u304b\u3089""}]",Revolut
YouTube,ASSET 02 LAMINATED 6s 16x9 v3 を視聴しました,https://www.youtube.com/watch?v=n_nsO7IlYiA,,2026-01-28 22:06:02.765000,"[""YouTube""]","[""\u30a6\u30a7\u30d6\u3068\u30a2\u30d7\u30ea\u306e\u30a2\u30af\u30c6\u30a3\u30d3\u30c6\u30a3"", ""YouTube \u306e\u518d\u751f\u5c65\u6b74"", ""YouTube \u306e\u691c\u7d22\u5c65\u6b74""]",23:06 で再生済み,"[{""name"": ""Google \u5e83\u544a\u304b\u3089""}]",NYX Professional Make Up NL
YouTube,"burger, tenders, friet & een drankje voor €4,99?! を視聴しました",https://www.youtube.com/watch?v=7p1ne1o1MHg,,2026-01-28 21:59:52.918000,"[""YouTube""]","[""\u30a6\u30a7\u30d6\u3068\u30a2\u30d7\u30ea\u306e\u30a2\u30af\u30c6\u30a3\u30d3\u30c6\u30a3"", ""YouTube \u306e\u518d\u751f\u5c65\u6b74"", ""YouTube \u306e\u691c\u7d22\u5c65\u6b74""]",22:59 で再生済み,"[{""name"": ""Google \u5e83\u544a\u304b\u3089""}]",KFC Nederland
YouTube,Marktplaats Reclame | Supersnel adverteren met onze AI-tool を視聴しました,https://www.youtube.com/watch?v=wuOdp4HeYrQ,,2026-01-28 21:54:11.583000,"[""YouTube""]","[""\u30a6\u30a7\u30d6\u3068\u30a2\u30d7\u30ea\u306e\u30a2\u30af\u30c6\u30a3\u30d3\u30c6\u30a3"", ""YouTube \u306e\u518d\u751f\u5c65\u6b74"", ""YouTube \u306e\u691c\u7d22\u5c65\u6b74""]","22:54 で再生済み
21:57 で再生済み
21:09 で再生済み","[{""name"": ""Google \u5e83\u544a\u304b\u3089""}]",Marktplaats
YouTube,"Parrano - OLV 6"" Nieuw: Parrano Mozzarella を視聴しました",https://www.youtube.com/watch?v=BQEXuQaVGWM,,2026-01-28 21:47:18.727000,"[""YouTube""]","[""\u30a6\u30a7\u30d6\u3068\u30a2\u30d7\u30ea\u306e\u30a2\u30af\u30c6\u30a3\u30d3\u30c6\u30a3"", ""YouTube \u306e\u518d\u751f\u5c65\u6b74"", ""YouTube \u306e\u691c\u7d22\u5c65\u6b74""]",22:47 で再生済み,"[{""name"": ""Google \u5e83\u544a\u304b\u3089""}]",Parrano_NL
YouTube,にゃんぴょんチームには時間がない滞在時間24時間でニューヨークをどこまで楽しめるかニューヨークタイムアタックしたらまじでいつものパターン過ぎてまじ学ばねー奴らってこーゆーことだよねぴょん を視聴しました,https://www.youtube.com/watch?v=fwwbbgE2blk,"[{""name"": ""\u4ef2\u91cc\u4f9d\u7d17\u3067\u3059\u3002"", ""url"": ""https://www.youtube.com/channel/UCJyGoLz_sLHHHI1uEPg6UhA""}]",2026-01-28 21:17:52.943000,"[""YouTube""]","[""YouTube \u306e\u518d\u751f\u5c65\u6b74""]",,,仲里依紗です。
YouTube,NL-NL | D7636 | Blank Again | Mix | Seller | 16x9 | 10s | .mp4 を視聴しました,https://www.youtube.com/watch?v=6DGnC_kzIuo,,2026-01-28 21:16:22.860000,"[""YouTube""]","[""\u30a6\u30a7\u30d6\u3068\u30a2\u30d7\u30ea\u306e\u30a2\u30af\u30c6\u30a3\u30d3\u30c6\u30a3"", ""YouTube \u306e\u518d\u751f\u5c65\u6b74"", ""YouTube \u306e\u691c\u7d22\u5c65\u6b74""]",22:16 で再生済み,"[{""name"": ""Google \u5e83\u544a\u304b\u3089""}]",Vinted
YouTube,"NIEUW! Intensief Hydraterende Lotion, verkrijgbaar bij jouw apotheek, Etos & Kruidvat! 🛒 を視聴しました",https://www.youtube.com/watch?v=-hAHB0OCD1A,,2026-01-28 21:16:01.704000,"[""YouTube""]","[""\u30a6\u30a7\u30d6\u3068\u30a2\u30d7\u30ea\u306e\u30a2\u30af\u30c6\u30a3\u30d3\u30c6\u30a3"", ""YouTube \u306e\u518d\u751f\u5c65\u6b74"", ""YouTube \u306e\u691c\u7d22\u5c65\u6b74""]",22:16 で再生済み,"[{""name"": ""Google \u5e83\u544a\u304b\u3089""}]",CeraVe Benelux
YouTube,"Corona Cero - Figure Skating #MiCo2026 - 6"" NL を視聴しました",https://www.youtube.com/watch?v=mrP0BmwTpqw,,2026-01-28 21:08:38.293000,"[""YouTube""]","[""\u30a6\u30a7\u30d6\u3068\u30a2\u30d7\u30ea\u306e\u30a2\u30af\u30c6\u30a3\u30d3\u30c6\u30a3"", ""YouTube \u306e\u518d\u751f\u5c65\u6b74"", ""YouTube \u306e\u691c\u7d22\u5c65\u6b74""]",22:08 で再生済み,"[{""name"": ""Google \u5e83\u544a\u304b\u3089""}]",CoronaFrance
YouTube,MNY | LIFTER GLAZE OIL BALM | NL | 15 SEC | MAIN を視聴しました,https://www.youtube.com/watch?v=zHy0HI-nUM8,,2026-01-28 21:08:22.566000,"[""YouTube""]","[""\u30a6\u30a7\u30d6\u3068\u30a2\u30d7\u30ea\u306e\u30a2\u30af\u30c6\u30a3\u30d3\u30c6\u30a3"", ""YouTube \u306e\u518d\u751f\u5c65\u6b74"", ""YouTube \u306e\u691c\u7d22\u5c65\u6b74""]",22:08 で再生済み,"[{""name"": ""Google \u5e83\u544a\u304b\u3089""}]",maybellinenl
YouTube,OLV 6s Glasvezel TV 24euro 12mnd 16 9 を視聴しました,https://www.youtube.com/watch?v=rHXUI_42X0g,,2026-01-28 21:02:14.605000,"[""YouTube""]","[""\u30a6\u30a7\u30d6\u3068\u30a2\u30d7\u30ea\u306e\u30a2\u30af\u30c6\u30a3\u30d3\u30c6\u30a3"", ""YouTube \u306e\u518d\u751f\u5c65\u6b74"", ""YouTube \u306e\u691c\u7d22\u5c65\u6b74""]",22:02 で再生済み,"[{""name"": ""Google \u5e83\u544a\u304b\u3089""}]",Youfone
YouTube,NLNL - TRUE MATCH - 15 SEC - PRODUCT を視聴しました,https://www.youtube.com/watch?v=yUjkd6zFO-U,,2026-01-28 21:01:59.072000,"[""YouTube""]","[""\u30a6\u30a7\u30d6\u3068\u30a2\u30d7\u30ea\u306e\u30a2\u30af\u30c6\u30a3\u30d3\u30c6\u30a3"", ""YouTube \u306e\u518d\u751f\u5c65\u6b74"", ""YouTube \u306e\u691c\u7d22\u5c65\u6b74""]","22:01 で再生済み
20:32 で再生済み","[{""name"": ""Google \u5e83\u544a\u304b\u3089""}]",L'Oréal Paris Netherlands
YouTube,初✨海外旅行に行く時の機内持ち込み用かばんの中身を紹介🧳✈️まじで中身がデンジャー過ぎて自分でドン引きしたんだけど😂 を視聴しました,https://www.youtube.com/watch?v=2MgXIA-YeaI,"[{""name"": ""\u4ef2\u91cc\u4f9d\u7d17\u3067\u3059\u3002"", ""url"": ""https://www.youtube.com/channel/UCJyGoLz_sLHHHI1uEPg6UhA""}]",2026-01-28 20:58:06.896000,"[""YouTube""]","[""YouTube \u306e\u518d\u751f\u5c65\u6b74""]",,,仲里依紗です。
YouTube,Campina Daily Dairy | OLV を視聴しました,https://www.youtube.com/watch?v=NAfGdvXi9wU,,2026-01-28 20:51:49.966000,"[""YouTube""]","[""\u30a6\u30a7\u30d6\u3068\u30a2\u30d7\u30ea\u306e\u30a2\u30af\u30c6\u30a3\u30d3\u30c6\u30a3"", ""YouTube \u306e\u518d\u751f\u5c65\u6b74"", ""YouTube \u306e\u691c\u7d22\u5c65\u6b74""]",21:51 で再生済み,"[{""name"": ""Google \u5e83\u544a\u304b\u3089""}]",CampinaNL
YouTube,NL - Mixa - Trueview - 20 - winter 2026 を視聴しました,https://www.youtube.com/watch?v=qaP2hCPp5hM,,2026-01-28 20:47:29.492000,"[""YouTube""]","[""\u30a6\u30a7\u30d6\u3068\u30a2\u30d7\u30ea\u306e\u30a2\u30af\u30c6\u30a3\u30d3\u30c6\u30a3"", ""YouTube \u306e\u518d\u751f\u5c65\u6b74"", ""YouTube \u306e\u691c\u7d22\u5c65\u6b74""]","21:47 で再生済み
20:56 で再生済み","[{""name"": ""Google \u5e83\u544a\u304b\u3089""}]",Mixa NL
YouTube,ホームビデオ感が満載過ぎて本当にこんなユーチューブ誰得なんだろう第四段まで動画流してるのに結局雄史は沖縄に行ったのか行ってないのか未だに分かってなくて草 を視聴しました,https://www.youtube.com/watch?v=jfAQUlsJNxo,"[{""name"": ""\u4ef2\u91cc\u4f9d\u7d17\u3067\u3059\u3002"", ""url"": ""https://www.youtube.com/channel/UCJyGoLz_sLHHHI1uEPg6UhA""}]",2026-01-28 20:42:23.059000,"[""YouTube""]","[""YouTube \u306e\u518d\u751f\u5c65\u6b74""]",,,仲里依紗です。
YouTube,Prijsvrij Vakanties - Selfie (Jan. 2026) を視聴しました,https://www.youtube.com/watch?v=nSJ0tDabVn8,,2026-01-28 20:42:08.139000,"[""YouTube""]","[""\u30a6\u30a7\u30d6\u3068\u30a2\u30d7\u30ea\u306e\u30a2\u30af\u30c6\u30a3\u30d3\u30c6\u30a3"", ""YouTube \u306e\u518d\u751f\u5c65\u6b74"", ""YouTube \u306e\u691c\u7d22\u5c65\u6b74""]","21:42 で再生済み
20:10 で再生済み","[{""name"": ""Google \u5e83\u544a\u304b\u3089""}]",Prijsvrij Vakanties NL
YouTube,Marktplaats Reclame | Supersnel adverteren met onze AI-tool を視聴しました,https://www.youtube.com/watch?v=GyUCnI4KAOU,,2026-01-28 20:37:41.549000,"[""YouTube""]","[""\u30a6\u30a7\u30d6\u3068\u30a2\u30d7\u30ea\u306e\u30a2\u30af\u30c6\u30a3\u30d3\u30c6\u30a3"", ""YouTube \u306e\u518d\u751f\u5c65\u6b74"", ""YouTube \u306e\u691c\u7d22\u5c65\u6b74""]","21:37 で再生済み
0:04 で再生済み","[{""name"": ""Google \u5e83\u544a\u304b\u3089""}]",Marktplaats
YouTube,global 04 star star nas permission to dance vid6 16x9 olv en 049cd7 を視聴しました,https://www.youtube.com/watch?v=ucCkB3QUjHs,,2026-01-28 20:32:24.052000,"[""YouTube""]","[""\u30a6\u30a7\u30d6\u3068\u30a2\u30d7\u30ea\u306e\u30a2\u30af\u30c6\u30a3\u30d3\u30c6\u30a3"", ""YouTube \u306e\u518d\u751f\u5c65\u6b74"", ""YouTube \u306e\u691c\u7d22\u5c65\u6b74""]",21:32 で再生済み,"[{""name"": ""Google \u5e83\u544a\u304b\u3089""}]",Starbucks RTD
YouTube,Vodafone Batterij Garantie Surprise party 20 16X9 NOSUBS OLV -  pitch 20c YouTube を視聴しました,https://www.youtube.com/watch?v=PHux39mHvmU,,2026-01-28 20:32:03.459000,"[""YouTube""]","[""\u30a6\u30a7\u30d6\u3068\u30a2\u30d7\u30ea\u306e\u30a2\u30af\u30c6\u30a3\u30d3\u30c6\u30a3"", ""YouTube \u306e\u518d\u751f\u5c65\u6b74"", ""YouTube \u306e\u691c\u7d22\u5c65\u6b74""]",21:32 で再生済み,"[{""name"": ""Google \u5e83\u544a\u304b\u3089""}]",vodafonenl
YouTube,富士サファリパークで動物園デートしたけどまじで近すぎちゃってどうしようすぎてまじで興奮通り越して一瞬回って怯えてて草って感じでチーターの赤ちゃんがいて激レアパークだった を視聴しました,https://www.youtube.com/watch?v=MdPO4JvxX1s,"[{""name"": ""\u4ef2\u91cc\u4f9d\u7d17\u3067\u3059\u3002"", ""url"": ""https://www.youtube.com/channel/UCJyGoLz_sLHHHI1uEPg6UhA""}]",2026-01-28 20:25:31.483000,"[""YouTube""]","[""YouTube \u306e\u518d\u751f\u5c65\u6b74""]",,,仲里依紗です。
YouTube,"15"" SAR Kelly | Achmea を視聴しました",https://www.youtube.com/watch?v=MzWKxJRtBD8,,2026-01-28 20:14:14.409000,"[""YouTube""]","[""\u30a6\u30a7\u30d6\u3068\u30a2\u30d7\u30ea\u306e\u30a2\u30af\u30c6\u30a3\u30d3\u30c6\u30a3"", ""YouTube \u306e\u518d\u751f\u5c65\u6b74"", ""YouTube \u306e\u691c\u7d22\u5c65\u6b74""]",21:14 で再生済み,"[{""name"": ""Google \u5e83\u544a\u304b\u3089""}]",Achmea
YouTube,NL - Mixa - Bumpers - 06 - Promo January 2026 を視聴しました,https://www.youtube.com/watch?v=bCRNSqG1kwg,,2026-01-28 20:14:07.874000,"[""YouTube""]","[""\u30a6\u30a7\u30d6\u3068\u30a2\u30d7\u30ea\u306e\u30a2\u30af\u30c6\u30a3\u30d3\u30c6\u30a3"", ""YouTube \u306e\u518d\u751f\u5c65\u6b74"", ""YouTube \u306e\u691c\u7d22\u5c65\u6b74""]","21:14 で再生済み
20:35 で再生済み","[{""name"": ""Google \u5e83\u544a\u304b\u3089""}]",Mixa NL
YouTube,Dハロ当日大混みだと思ってビビりながら案外意外と空いててラッキーだったけど結局クリスマスのポップコーンバケット買えなくて泣いたお願いだからまた再販してほしいし を視聴しました,https://www.youtube.com/watch?v=8Syg19ohki0,"[{""name"": ""\u4ef2\u91cc\u4f9d\u7d17\u3067\u3059\u3002"", ""url"": ""https://www.youtube.com/channel/UCJyGoLz_sLHHHI1uEPg6UhA""}]",2026-01-28 20:09:55.400000,"[""YouTube""]","[""YouTube \u306e\u518d\u751f\u5c65\u6b74""]",,,仲里依紗です。
YouTube,NL-NL | D7637 | Blank Again | Mix | Buyer | 16x9 | 6s | .mp4 を視聴しました,https://www.youtube.com/watch?v=80pZROy-SVU,,2026-01-28 20:05:51.099000,"[""YouTube""]","[""\u30a6\u30a7\u30d6\u3068\u30a2\u30d7\u30ea\u306e\u30a2\u30af\u30c6\u30a3\u30d3\u30c6\u30a3"", ""YouTube \u306e\u518d\u751f\u5c65\u6b74"", ""YouTube \u306e\u691c\u7d22\u5c65\u6b74""]","21:05 で再生済み
20:10 で再生済み
0:09 で再生済み","[{""name"": ""Google \u5e83\u544a\u304b\u3089""}]",Vinted
YouTube,"Cicaplast B5+ | Verzachtende, herstellende balsem. Anti-restlittekens. | La Roche-Posay NL を視聴しました",https://www.youtube.com/watch?v=L5UR0tVFeDI,,2026-01-28 20:05:35.106000,"[""YouTube""]","[""\u30a6\u30a7\u30d6\u3068\u30a2\u30d7\u30ea\u306e\u30a2\u30af\u30c6\u30a3\u30d3\u30c6\u30a3"", ""YouTube \u306e\u518d\u751f\u5c65\u6b74"", ""YouTube \u306e\u691c\u7d22\u5c65\u6b74""]","21:05 で再生済み
20:24 で再生済み","[{""name"": ""Google \u5e83\u544a\u304b\u3089""}]",La Roche-Posay NL
YouTube,はじめてロフトで爆買いしたらまんまとおすすめ品を大量に買っててただの良い客で草600回以上YouTubeやっててロフトがYouTubeはじめてなのまじなんなんだ？キツネさんは店舗でやってて羨ましい を視聴しました,https://www.youtube.com/watch?v=nZt0dkXsxR0,"[{""name"": ""\u4ef2\u91cc\u4f9d\u7d17\u3067\u3059\u3002"", ""url"": ""https://www.youtube.com/channel/UCJyGoLz_sLHHHI1uEPg6UhA""}]",2026-01-28 19:49:34.900000,"[""YouTube""]","[""YouTube \u306e\u518d\u751f\u5c65\u6b74""]",,,仲里依紗です。
YouTube,"Parrano - TVC 15"" Nieuw: Parrano Mozzarella を視聴しました",https://www.youtube.com/watch?v=a6Nnj53pm1s,,2026-01-28 19:42:43.652000,"[""YouTube""]","[""\u30a6\u30a7\u30d6\u3068\u30a2\u30d7\u30ea\u306e\u30a2\u30af\u30c6\u30a3\u30d3\u30c6\u30a3"", ""YouTube \u306e\u518d\u751f\u5c65\u6b74"", ""YouTube \u306e\u691c\u7d22\u5c65\u6b74""]",20:42 で再生済み,"[{""name"": ""Google \u5e83\u544a\u304b\u3089""}]",Parrano_NL
YouTube,Is this thing on? - 5 februari in de bioscoop を視聴しました,https://www.youtube.com/watch?v=gJSZJw_tXEY,,2026-01-28 19:35:37.891000,"[""YouTube""]","[""\u30a6\u30a7\u30d6\u3068\u30a2\u30d7\u30ea\u306e\u30a2\u30af\u30c6\u30a3\u30d3\u30c6\u30a3"", ""YouTube \u306e\u518d\u751f\u5c65\u6b74"", ""YouTube \u306e\u691c\u7d22\u5c65\u6b74""]","20:35 で再生済み
10:29 で再生済み
7:38 で再生済み","[{""name"": ""Google \u5e83\u544a\u304b\u3089""}]",20th Century Studios NL
YouTube,最高の推し活⭐️コミコンがこんなにもグッズがあるの知らなくて時間足りなさすぎた１日だけのはずが2日も行ったんだが途中から親子喧嘩勃発して買いそびれた物が沢山あるから２０２６は朝から行かせて を視聴しました,https://www.youtube.com/watch?v=49qgu_A8KRA,"[{""name"": ""\u4ef2\u91cc\u4f9d\u7d17\u3067\u3059\u3002"", ""url"": ""https://www.youtube.com/channel/UCJyGoLz_sLHHHI1uEPg6UhA""}]",2026-01-28 19:32:26.344000,"[""YouTube""]","[""YouTube \u306e\u518d\u751f\u5c65\u6b74""]",,,仲里依紗です。
YouTube,NIVEA - Micellair Water Serum Infused を視聴しました,https://www.youtube.com/watch?v=G0YSnaXKV5M,,2026-01-28 19:18:57.769000,"[""YouTube""]","[""\u30a6\u30a7\u30d6\u3068\u30a2\u30d7\u30ea\u306e\u30a2\u30af\u30c6\u30a3\u30d3\u30c6\u30a3"", ""YouTube \u306e\u518d\u751f\u5c65\u6b74"", ""YouTube \u306e\u691c\u7d22\u5c65\u6b74""]",20:18 で再生済み,"[{""name"": ""Google \u5e83\u544a\u304b\u3089""}]",NIVEA Nederland
YouTube,念願のルークスでドライブ動画🚗したんだけどまじでルークスの全部が凄すぎてみんなにいますぐ伝えなきゃで大興奮しちゃっていつも以上寄り道しまくり を視聴しました,https://www.youtube.com/watch?v=P8TRWVV0U0Y,"[{""name"": ""\u4ef2\u91cc\u4f9d\u7d17\u3067\u3059\u3002"", ""url"": ""https://www.youtube.com/channel/UCJyGoLz_sLHHHI1uEPg6UhA""}]",2026-01-28 19:12:06.290000,"[""YouTube""]","[""YouTube \u306e\u518d\u751f\u5c65\u6b74""]",,,仲里依紗です。
YouTube,ガムシャラ 名場面 を視聴しました,https://www.youtube.com/watch?v=f_s5t5XC8iw,"[{""name"": ""swap meet"", ""url"": ""https://www.youtube.com/channel/UCWBAJmZyyCaKRzAf-aHh39g""}]",2026-01-28 19:11:47.017000,"[""YouTube""]","[""YouTube \u306e\u518d\u751f\u5c65\u6b74""]",,,swap meet
YouTube,【SixTONES】勝手に生配信する大我と暴走する慎太郎 を視聴しました,https://www.youtube.com/watch?v=pvlHV-2QcFU,"[{""name"": ""ai yoma"", ""url"": ""https://www.youtube.com/channel/UCJ-a3F5BYSYT7gLyjdxBtXw""}]",2026-01-28 19:11:18.314000,"[""YouTube""]","[""YouTube \u306e\u518d\u751f\u5c65\u6b74""]",,,ai yoma
YouTube,【#帰ってきた今日のラストマン】永瀬廉が満を持して“最強バディ”に突撃インタビュー！映画『ラストマン』 を視聴しました,https://www.youtube.com/watch?v=tBNCxLMDqVU,"[{""name"": ""\u677e\u7af9\u30c1\u30e3\u30f3\u30cd\u30eb/SHOCHIKUch"", ""url"": ""https://www.youtube.com/channel/UCulneJtjMARpEHhWQTlGa6w""}]",2026-01-28 16:49:31.042000,"[""YouTube""]","[""YouTube \u306e\u518d\u751f\u5c65\u6b74""]",,,松竹チャンネル/SHOCHIKUch
YouTube,260119 しゃべくり007 を視聴しました,https://www.youtube.com/watch?v=0aFY5bL70A8,"[{""name"": ""K"", ""url"": ""https://www.youtube.com/channel/UCTGbg-vP0vLXr6A4fbTdPrg""}]",2026-01-28 16:38:33.954000,"[""YouTube""]","[""YouTube \u306e\u518d\u751f\u5c65\u6b74""]",,,error
YouTube,ハトマメ ~Say hello to the world.~ （幻のPV） を視聴しました,https://www.youtube.com/watch?v=2vfDS5KVuZw,"[{""name"": ""chrolea"", ""url"": ""https://www.youtube.com/channel/UCfT2tpK16aOMhV3nfnAOJTA""}]",2026-01-28 16:03:22.420000,"[""YouTube""]","[""YouTube \u306e\u518d\u751f\u5c65\u6b74""]",,,chrolea
YouTube,"DIOR ADDICT, THE NEW LIP GLOW OIL (ALL) を視聴しました",https://www.youtube.com/watch?v=6aIIyG7-dCE,,2026-01-28 16:02:40.274000,"[""YouTube""]","[""\u30a6\u30a7\u30d6\u3068\u30a2\u30d7\u30ea\u306e\u30a2\u30af\u30c6\u30a3\u30d3\u30c6\u30a3"", ""YouTube \u306e\u518d\u751f\u5c65\u6b74"", ""YouTube \u306e\u691c\u7d22\u5c65\u6b74""]",17:02 で再生済み,"[{""name"": ""Google \u5e83\u544a\u304b\u3089""}]",Christian Dior
YouTube,桑田佳祐 – 波乗りジョニー（Full ver.） を視聴しました,https://www.youtube.com/watch?v=K0-Dm4wMJpQ,"[{""name"": ""\u6851\u7530\u4f73\u7950"", ""url"": ""https://www.youtube.com/channel/UCaZ17KNeiVkQkeG7i2WDOnQ""}]",2026-01-28 15:56:31.355000,"[""YouTube""]","[""YouTube \u306e\u518d\u751f\u5c65\u6b74""]",,,桑田佳祐
YouTube,twix global 2025 TIMTO trick shot 16x9 olv 10s  16lufs NL v1 770440 8 を視聴しました,https://www.youtube.com/watch?v=UnkR54XnNv8,,2026-01-28 15:56:05.602000,"[""YouTube""]","[""\u30a6\u30a7\u30d6\u3068\u30a2\u30d7\u30ea\u306e\u30a2\u30af\u30c6\u30a3\u30d3\u30c6\u30a3"", ""YouTube \u306e\u518d\u751f\u5c65\u6b74"", ""YouTube \u306e\u691c\u7d22\u5c65\u6b74""]",16:56 で再生済み,"[{""name"": ""Google \u5e83\u544a\u304b\u3089""}]",Twix Nederland
YouTube,Mr.Children「Sign」 TOUR POPSAURUS 2012 Live を視聴しました,https://www.youtube.com/watch?v=7aJmUeLMZi4,"[{""name"": ""Mr.Children Official Channel"", ""url"": ""https://www.youtube.com/channel/UCXteDRy5qB0IjA8WPusCJ7w""}]",2026-01-28 15:45:43.097000,"[""YouTube""]","[""YouTube \u306e\u518d\u751f\u5c65\u6b74""]",,,Mr.Children Official Channel
YouTube,OLV 6s 40GB 5euro 16 9 を視聴しました,https://www.youtube.com/watch?v=uq9ASUwMGZo,,2026-01-28 15:45:36.154000,"[""YouTube""]","[""\u30a6\u30a7\u30d6\u3068\u30a2\u30d7\u30ea\u306e\u30a2\u30af\u30c6\u30a3\u30d3\u30c6\u30a3"", ""YouTube \u306e\u518d\u751f\u5c65\u6b74"", ""YouTube \u306e\u691c\u7d22\u5c65\u6b74""]","16:45 で再生済み
10:15 で再生済み","[{""name"": ""Google \u5e83\u544a\u304b\u3089""}]",Youfone
YouTube,Oogwereld CommercialHW NLV4 20sec を視聴しました,https://www.youtube.com/watch?v=Gv-jivNB8do,,2026-01-28 15:45:08.519000,"[""YouTube""]","[""\u30a6\u30a7\u30d6\u3068\u30a2\u30d7\u30ea\u306e\u30a2\u30af\u30c6\u30a3\u30d3\u30c6\u30a3"", ""YouTube \u306e\u518d\u751f\u5c65\u6b74"", ""YouTube \u306e\u691c\u7d22\u5c65\u6b74""]","16:45 で再生済み
10:39 で再生済み","[{""name"": ""Google \u5e83\u544a\u304b\u3089""}]",Oogwereld
YouTube,"Mr.Children 「あんまり覚えてないや」 ""HOME"" TOUR 2007 を視聴しました",https://www.youtube.com/watch?v=WIDFCpVb6Fg,"[{""name"": ""\u30df\u30b9\u30c1\u30eb\u30e9\u30d6"", ""url"": ""https://www.youtube.com/channel/UC2CBiDBK_msf-f11RHLjSJw""}]",2026-01-28 15:34:34.949000,"[""YouTube""]","[""YouTube \u306e\u518d\u751f\u5c65\u6b74""]",,,ミスチルラブ
YouTube,Mr.Children 「Sign」 MUSIC VIDEO を視聴しました,https://www.youtube.com/watch?v=4wuWJ7GAc2s,"[{""name"": ""Mr.Children Official Channel"", ""url"": ""https://www.youtube.com/channel/UCXteDRy5qB0IjA8WPusCJ7w""}]",2026-01-28 15:28:34.929000,"[""YouTube""]","[""YouTube \u306e\u518d\u751f\u5c65\u6b74""]",,,Mr.Children Official Channel
YouTube,DIOR ADDICT THE NEW FRAGRANCES を視聴しました,https://www.youtube.com/watch?v=rNKkkJaddQ0,,2026-01-28 15:28:11.515000,"[""YouTube""]","[""\u30a6\u30a7\u30d6\u3068\u30a2\u30d7\u30ea\u306e\u30a2\u30af\u30c6\u30a3\u30d3\u30c6\u30a3"", ""YouTube \u306e\u518d\u751f\u5c65\u6b74"", ""YouTube \u306e\u691c\u7d22\u5c65\u6b74""]",16:28 で再生済み,"[{""name"": ""Google \u5e83\u544a\u304b\u3089""}]",Christian Dior
YouTube,Leren eetkamerstoelen van ShopX (wij vertellen ons verhaal in 15 seconden) を視聴しました,https://www.youtube.com/watch?v=ivPFXYBEeFg,,2026-01-28 15:27:48.338000,"[""YouTube""]","[""\u30a6\u30a7\u30d6\u3068\u30a2\u30d7\u30ea\u306e\u30a2\u30af\u30c6\u30a3\u30d3\u30c6\u30a3"", ""YouTube \u306e\u518d\u751f\u5c65\u6b74"", ""YouTube \u306e\u691c\u7d22\u5c65\u6b74""]",16:27 で再生済み,"[{""name"": ""Google \u5e83\u544a\u304b\u3089""}]",ShopX - Leren meubels met een goed gevoel
YouTube,260117 Golden SixTONES を視聴しました,https://www.youtube.com/watch?v=MBpVxcR0nNU,"[{""name"": ""K"", ""url"": ""https://www.youtube.com/channel/UCTGbg-vP0vLXr6A4fbTdPrg""}]",2026-01-28 14:40:00.928000,"[""YouTube""]","[""YouTube \u306e\u518d\u751f\u5c65\u6b74""]",,,error
YouTube,Mr.Children 「NOT FOUND」 MUSIC VIDEO を視聴しました,https://www.youtube.com/watch?v=kCNpOe5S1B4,"[{""name"": ""Mr.Children Official Channel"", ""url"": ""https://www.youtube.com/channel/UCXteDRy5qB0IjA8WPusCJ7w""}]",2026-01-28 12:28:51.115000,"[""YouTube""]","[""YouTube \u306e\u518d\u751f\u5c65\u6b74""]",,,Mr.Children Official Channel
YouTube,Mr.Children -  しるし ( 印 記 ) を視聴しました,https://www.youtube.com/watch?v=IgD4cUjL2bY,"[{""name"": ""jackyuan20"", ""url"": ""https://www.youtube.com/channel/UCy37x0lOypGstmPylsiXvWQ""}]",2026-01-28 12:28:38.795000,"[""YouTube""]","[""YouTube \u306e\u518d\u751f\u5c65\u6b74""]",,,jackyuan20
YouTube,Women_ThemeE_16x9_New_Arrivals_10s_Video.mp4 3 を視聴しました,https://www.youtube.com/watch?v=VYNDRmyyfN0,,2026-01-28 12:22:40.946000,"[""YouTube""]","[""\u30a6\u30a7\u30d6\u3068\u30a2\u30d7\u30ea\u306e\u30a2\u30af\u30c6\u30a3\u30d3\u30c6\u30a3"", ""YouTube \u306e\u518d\u751f\u5c65\u6b74"", ""YouTube \u306e\u691c\u7d22\u5c65\u6b74""]",13:22 で再生済み,"[{""name"": ""Google \u5e83\u544a\u304b\u3089""}]",H&M
YouTube,BURGA - The Style you can't resist を視聴しました,https://www.youtube.com/watch?v=b_5D_q8CxKI,,2026-01-28 12:15:35.884000,"[""YouTube""]","[""\u30a6\u30a7\u30d6\u3068\u30a2\u30d7\u30ea\u306e\u30a2\u30af\u30c6\u30a3\u30d3\u30c6\u30a3"", ""YouTube \u306e\u518d\u751f\u5c65\u6b74"", ""YouTube \u306e\u691c\u7d22\u5c65\u6b74""]",13:15 で再生済み,"[{""name"": ""Google \u5e83\u544a\u304b\u3089""}]",Burga
YouTube,global 05 star star nas permission to dance vid20 16x9 olv en b80a32 を視聴しました,https://www.youtube.com/watch?v=q0Hlyzb5MK4,,2026-01-28 12:15:14.795000,"[""YouTube""]","[""\u30a6\u30a7\u30d6\u3068\u30a2\u30d7\u30ea\u306e\u30a2\u30af\u30c6\u30a3\u30d3\u30c6\u30a3"", ""YouTube \u306e\u518d\u751f\u5c65\u6b74"", ""YouTube \u306e\u691c\u7d22\u5c65\u6b74""]",13:15 で再生済み,"[{""name"": ""Google \u5e83\u544a\u304b\u3089""}]",Starbucks RTD
YouTube,「未来予想図Ⅱ」 (DWL2019 Live Ver.) を視聴しました,https://www.youtube.com/watch?v=iPgC3oXZ_w4,"[{""name"": ""DREAMS COME TRUE"", ""url"": ""https://www.youtube.com/channel/UC1wu3wlRdRzCFLCO5vKp_nQ""}]",2026-01-28 12:11:39.444000,"[""YouTube""]","[""YouTube \u306e\u518d\u751f\u5c65\u6b74""]",,,DREAMS COME TRUE
YouTube,"Corona Cero - Snowboard #MiCo2026 - 20"" NL を視聴しました",https://www.youtube.com/watch?v=cJ-SeIP9fH8,,2026-01-28 12:11:36.176000,"[""YouTube""]","[""\u30a6\u30a7\u30d6\u3068\u30a2\u30d7\u30ea\u306e\u30a2\u30af\u30c6\u30a3\u30d3\u30c6\u30a3"", ""YouTube \u306e\u518d\u751f\u5c65\u6b74"", ""YouTube \u306e\u691c\u7d22\u5c65\u6b74""]",13:11 で再生済み,"[{""name"": ""Google \u5e83\u544a\u304b\u3089""}]",CoronaFrance
YouTube,15 sec. with subtitles - 16x9 を視聴しました,https://www.youtube.com/watch?v=Ynlv4pzVwZI,,2026-01-28 12:05:52.682000,"[""YouTube""]","[""\u30a6\u30a7\u30d6\u3068\u30a2\u30d7\u30ea\u306e\u30a2\u30af\u30c6\u30a3\u30d3\u30c6\u30a3"", ""YouTube \u306e\u518d\u751f\u5c65\u6b74"", ""YouTube \u306e\u691c\u7d22\u5c65\u6b74""]",13:05 で再生済み,"[{""name"": ""Google \u5e83\u544a\u304b\u3089""}]",STRATO Nederland
YouTube,WELKE GOEDE VOORNEMENS?? を視聴しました,https://www.youtube.com/watch?v=UzSklTF4ajk,,2026-01-28 09:45:01.258000,"[""YouTube""]","[""\u30a6\u30a7\u30d6\u3068\u30a2\u30d7\u30ea\u306e\u30a2\u30af\u30c6\u30a3\u30d3\u30c6\u30a3"", ""YouTube \u306e\u518d\u751f\u5c65\u6b74"", ""YouTube \u306e\u691c\u7d22\u5c65\u6b74""]",10:45 で再生済み,"[{""name"": ""Google \u5e83\u544a\u304b\u3089""}]",KFC Nederland
YouTube,Women_ThemeA_16x9_Denim_10s_video.mp4 を視聴しました,https://www.youtube.com/watch?v=2NXiTPjyIwg,,2026-01-28 09:44:50.454000,"[""YouTube""]","[""\u30a6\u30a7\u30d6\u3068\u30a2\u30d7\u30ea\u306e\u30a2\u30af\u30c6\u30a3\u30d3\u30c6\u30a3"", ""YouTube \u306e\u518d\u751f\u5c65\u6b74"", ""YouTube \u306e\u691c\u7d22\u5c65\u6b74""]",10:44 で再生済み,"[{""name"": ""Google \u5e83\u544a\u304b\u3089""}]",H&M
YouTube,桑田佳祐 – 白い恋人達（Full ver.） を視聴しました,https://www.youtube.com/watch?v=pvqvBAA-0AE,"[{""name"": ""\u6851\u7530\u4f73\u7950"", ""url"": ""https://www.youtube.com/channel/UCaZ17KNeiVkQkeG7i2WDOnQ""}]",2026-01-28 09:40:02.110000,"[""YouTube""]","[""YouTube \u306e\u518d\u751f\u5c65\u6b74""]",,,桑田佳祐
YouTube,Twix global 2025 TIMTO hero 15s Revised OLV 16x9 25fps guide v1 NL 200638 31 を視聴しました,https://www.youtube.com/watch?v=IbYn50n_sP0,,2026-01-28 09:39:18.403000,"[""YouTube""]","[""\u30a6\u30a7\u30d6\u3068\u30a2\u30d7\u30ea\u306e\u30a2\u30af\u30c6\u30a3\u30d3\u30c6\u30a3"", ""YouTube \u306e\u518d\u751f\u5c65\u6b74"", ""YouTube \u306e\u691c\u7d22\u5c65\u6b74""]",10:39 で再生済み,"[{""name"": ""Google \u5e83\u544a\u304b\u3089""}]",Twix Nederland
YouTube,桑田佳祐 – 明日晴れるかな（Full ver.） を視聴しました,https://www.youtube.com/watch?v=vjj16qog4vQ,"[{""name"": ""\u6851\u7530\u4f73\u7950"", ""url"": ""https://www.youtube.com/channel/UCaZ17KNeiVkQkeG7i2WDOnQ""}]",2026-01-28 09:33:56.647000,"[""YouTube""]","[""YouTube \u306e\u518d\u751f\u5c65\u6b74""]",,,桑田佳祐
YouTube,WOW_VID_EPICEDITION-HOUSING_TRL_GAME_MWP_ENUK_1920x1080_15_PREPURCHASE_X_MIDNIGHT_03-02-2026 を視聴しました,https://www.youtube.com/watch?v=Xo6-9GVuOas,,2026-01-28 09:29:28.680000,"[""YouTube""]","[""\u30a6\u30a7\u30d6\u3068\u30a2\u30d7\u30ea\u306e\u30a2\u30af\u30c6\u30a3\u30d3\u30c6\u30a3"", ""YouTube \u306e\u518d\u751f\u5c65\u6b74"", ""YouTube \u306e\u691c\u7d22\u5c65\u6b74""]","10:29 で再生済み
9:58 で再生済み
7:34 で再生済み","[{""name"": ""Google \u5e83\u544a\u304b\u3089""}]",World of Warcraft
YouTube,twix global 2025 TIMTO avatar 16x9 olv 6s  16lufs NL v1 770440 8 を視聴しました,https://www.youtube.com/watch?v=wkqgN4BvA0E,,2026-01-28 09:21:32.231000,"[""YouTube""]","[""\u30a6\u30a7\u30d6\u3068\u30a2\u30d7\u30ea\u306e\u30a2\u30af\u30c6\u30a3\u30d3\u30c6\u30a3"", ""YouTube \u306e\u518d\u751f\u5c65\u6b74"", ""YouTube \u306e\u691c\u7d22\u5c65\u6b74""]",10:21 で再生済み,"[{""name"": ""Google \u5e83\u544a\u304b\u3089""}]",Twix Nederland
YouTube,Mr.Children「HANABI」 Tour2015 REFLECTION Live を視聴しました,https://www.youtube.com/watch?v=2MNL2mU8pBE,"[{""name"": ""Mr.Children Official Channel"", ""url"": ""https://www.youtube.com/channel/UCXteDRy5qB0IjA8WPusCJ7w""}]",2026-01-28 09:15:43.306000,"[""YouTube""]","[""YouTube \u306e\u518d\u751f\u5c65\u6b74""]",,,Mr.Children Official Channel
YouTube,20197938 を視聴しました,https://www.youtube.com/watch?v=0kDzS3Xk1EE,,2026-01-28 09:15:32.271000,"[""YouTube""]","[""\u30a6\u30a7\u30d6\u3068\u30a2\u30d7\u30ea\u306e\u30a2\u30af\u30c6\u30a3\u30d3\u30c6\u30a3"", ""YouTube \u306e\u518d\u751f\u5c65\u6b74"", ""YouTube \u306e\u691c\u7d22\u5c65\u6b74""]",10:15 で再生済み,"[{""name"": ""Google \u5e83\u544a\u304b\u3089""}]",Coolblue Advertising
YouTube,Is this thing on? - 5 februari in de bioscoop を視聴しました,https://www.youtube.com/watch?v=J8Hx5CA9W4k,,2026-01-28 09:09:43.832000,"[""YouTube""]","[""\u30a6\u30a7\u30d6\u3068\u30a2\u30d7\u30ea\u306e\u30a2\u30af\u30c6\u30a3\u30d3\u30c6\u30a3"", ""YouTube \u306e\u518d\u751f\u5c65\u6b74"", ""YouTube \u306e\u691c\u7d22\u5c65\u6b74""]",10:09 で再生済み,"[{""name"": ""Google \u5e83\u544a\u304b\u3089""}]",20th Century Studios NL
YouTube,Women_ThemeC_16x9_DenimCC_10s_Video.mp4 2 を視聴しました,https://www.youtube.com/watch?v=41QJ7NfYcEI,,2026-01-28 09:09:33.128000,"[""YouTube""]","[""\u30a6\u30a7\u30d6\u3068\u30a2\u30d7\u30ea\u306e\u30a2\u30af\u30c6\u30a3\u30d3\u30c6\u30a3"", ""YouTube \u306e\u518d\u751f\u5c65\u6b74"", ""YouTube \u306e\u691c\u7d22\u5c65\u6b74""]",10:09 で再生済み,"[{""name"": ""Google \u5e83\u544a\u304b\u3089""}]",H&M
YouTube,Otrivin fijne nevel-spray voor Kinderen maakt de verstopte neus vrij binnen 2 min. を視聴しました,https://www.youtube.com/watch?v=ND95dm93WCM,,2026-01-28 09:03:40.431000,"[""YouTube""]","[""\u30a6\u30a7\u30d6\u3068\u30a2\u30d7\u30ea\u306e\u30a2\u30af\u30c6\u30a3\u30d3\u30c6\u30a3"", ""YouTube \u306e\u518d\u751f\u5c65\u6b74"", ""YouTube \u306e\u691c\u7d22\u5c65\u6b74""]",10:03 で再生済み,"[{""name"": ""Google \u5e83\u544a\u304b\u3089""}]",Otrivin NL
YouTube,Finally Taco Friday! を視聴しました,https://www.youtube.com/watch?v=EmIVbh-KAvc,,2026-01-28 09:03:33.818000,"[""YouTube""]","[""\u30a6\u30a7\u30d6\u3068\u30a2\u30d7\u30ea\u306e\u30a2\u30af\u30c6\u30a3\u30d3\u30c6\u30a3"", ""YouTube \u306e\u518d\u751f\u5c65\u6b74"", ""YouTube \u306e\u691c\u7d22\u5c65\u6b74""]",10:03 で再生済み,"[{""name"": ""Google \u5e83\u544a\u304b\u3089""}]",Santa Maria Benelux
YouTube,DOEI GOEDE VOORNEMENS を視聴しました,https://www.youtube.com/watch?v=jXEpg6U4huA,,2026-01-28 08:58:03.433000,"[""YouTube""]","[""\u30a6\u30a7\u30d6\u3068\u30a2\u30d7\u30ea\u306e\u30a2\u30af\u30c6\u30a3\u30d3\u30c6\u30a3"", ""YouTube \u306e\u518d\u751f\u5c65\u6b74"", ""YouTube \u306e\u691c\u7d22\u5c65\u6b74""]",9:58 で再生済み,"[{""name"": ""Google \u5e83\u544a\u304b\u3089""}]",KFC Nederland
YouTube,mms global 2025 fun together taste minis 16x9 olv 15s guide NL v2 200873 8 を視聴しました,https://www.youtube.com/watch?v=oLiZSFpiu38,,2026-01-28 08:53:00.727000,"[""YouTube""]","[""\u30a6\u30a7\u30d6\u3068\u30a2\u30d7\u30ea\u306e\u30a2\u30af\u30c6\u30a3\u30d3\u30c6\u30a3"", ""YouTube \u306e\u518d\u751f\u5c65\u6b74"", ""YouTube \u306e\u691c\u7d22\u5c65\u6b74""]",9:53 で再生済み,"[{""name"": ""Google \u5e83\u544a\u304b\u3089""}]",M&M'S Nederland
YouTube,260122 c有 ひるおび を視聴しました,https://www.youtube.com/watch?v=wL790XLWzkQ,"[{""name"": ""K"", ""url"": ""https://www.youtube.com/channel/UCTGbg-vP0vLXr6A4fbTdPrg""}]",2026-01-28 08:51:42.043000,"[""YouTube""]","[""YouTube \u306e\u518d\u751f\u5c65\u6b74""]",,,error
YouTube,260117 c有 withMUSIC 音色 を視聴しました,https://www.youtube.com/watch?v=-oJFd9NXeWU,"[{""name"": ""K"", ""url"": ""https://www.youtube.com/channel/UCTGbg-vP0vLXr6A4fbTdPrg""}]",2026-01-28 08:49:05.182000,"[""YouTube""]","[""YouTube \u306e\u518d\u751f\u5c65\u6b74""]",,,error
YouTube,【ダイジェスト】飴と道 vol.2📍ぴあアリーナMM(2026/1/18) を視聴しました,https://www.youtube.com/watch?v=eNpcdoMDcX8,"[{""name"": ""CUTIE STREET"", ""url"": ""https://www.youtube.com/channel/UCEz-AFAg3EUKsxraad1puQA""}]",2026-01-28 08:26:26.378000,"[""YouTube""]","[""YouTube \u306e\u518d\u751f\u5c65\u6b74""]",,,CUTIE STREET
YouTube,Is this thing on? - 5 februari in de bioscoop を視聴しました,https://www.youtube.com/watch?v=2-9JPrACEMs,,2026-01-28 08:26:12.350000,"[""YouTube""]","[""\u30a6\u30a7\u30d6\u3068\u30a2\u30d7\u30ea\u306e\u30a2\u30af\u30c6\u30a3\u30d3\u30c6\u30a3"", ""YouTube \u306e\u518d\u751f\u5c65\u6b74"", ""YouTube \u306e\u691c\u7d22\u5c65\u6b74""]",9:26 で再生済み,"[{""name"": ""Google \u5e83\u544a\u304b\u3089""}]",20th Century Studios NL
YouTube,260122 ぽかぽか を視聴しました,https://www.youtube.com/watch?v=Z_wYnltbR74,"[{""name"": ""K"", ""url"": ""https://www.youtube.com/channel/UCTGbg-vP0vLXr6A4fbTdPrg""}]",2026-01-28 07:42:18.807000,"[""YouTube""]","[""YouTube \u306e\u518d\u751f\u5c65\u6b74""]",,,error
YouTube,260122 櫻井･有吉THE夜会 を視聴しました,https://www.youtube.com/watch?v=WAOGeKNKUCQ,"[{""name"": ""K"", ""url"": ""https://www.youtube.com/channel/UCTGbg-vP0vLXr6A4fbTdPrg""}]",2026-01-28 07:21:30.630000,"[""YouTube""]","[""YouTube \u306e\u518d\u751f\u5c65\u6b74""]",,,error
YouTube,20198578 を視聴しました,https://www.youtube.com/watch?v=RKLAYwjbUdU,,2026-01-28 07:02:28.778000,"[""YouTube""]","[""\u30a6\u30a7\u30d6\u3068\u30a2\u30d7\u30ea\u306e\u30a2\u30af\u30c6\u30a3\u30d3\u30c6\u30a3"", ""YouTube \u306e\u518d\u751f\u5c65\u6b74"", ""YouTube \u306e\u691c\u7d22\u5c65\u6b74""]",8:02 で再生済み,"[{""name"": ""Google \u5e83\u544a\u304b\u3089""}]",Coolblue Advertising
YouTube,Hub Life NL 15sec 16x9 EN captions を視聴しました,https://www.youtube.com/watch?v=_ZobeTaf4ec,,2026-01-28 07:02:13.292000,"[""YouTube""]","[""\u30a6\u30a7\u30d6\u3068\u30a2\u30d7\u30ea\u306e\u30a2\u30af\u30c6\u30a3\u30d3\u30c6\u30a3"", ""YouTube \u306e\u518d\u751f\u5c65\u6b74"", ""YouTube \u306e\u691c\u7d22\u5c65\u6b74""]",8:02 で再生済み,"[{""name"": ""Google \u5e83\u544a\u304b\u3089""}]",Flink
YouTube,【SixTONES文字起こし】松村北斗スマホを変えた(フリートーク) を視聴しました,https://www.youtube.com/watch?v=jdN8_hIXBYI,"[{""name"": ""\u305d\u3053\u3089\u8fba\u306e\u4eba"", ""url"": ""https://www.youtube.com/channel/UCHgutrWgTCJ7mafWwVRVf3A""}]",2026-01-28 06:51:19.372000,"[""YouTube""]","[""YouTube \u306e\u518d\u751f\u5c65\u6b74""]",,,そこら辺の人
YouTube,2026Q1A platform val go awa fmg social video 02 logo horizontal 15sec some youtube を視聴しました,https://www.youtube.com/watch?v=RFh2UThQA6M,,2026-01-28 06:50:47.764000,"[""YouTube""]","[""\u30a6\u30a7\u30d6\u3068\u30a2\u30d7\u30ea\u306e\u30a2\u30af\u30c6\u30a3\u30d3\u30c6\u30a3"", ""YouTube \u306e\u518d\u751f\u5c65\u6b74"", ""YouTube \u306e\u691c\u7d22\u5c65\u6b74""]","7:50 で再生済み
6:57 で再生済み","[{""name"": ""Google \u5e83\u544a\u304b\u3089""}]",TheOfficialPandora
YouTube,【ダイジェスト】1/18(日)『飴と道 vol.2』オープニングアクト＠ぴあアリーナMM を視聴しました,https://www.youtube.com/watch?v=nuOzj-tyum8,"[{""name"": ""MORE STAR"", ""url"": ""https://www.youtube.com/channel/UCBkLxz038AbxBA8CMw6o9oA""}]",2026-01-28 06:49:15.358000,"[""YouTube""]","[""YouTube \u306e\u518d\u751f\u5c65\u6b74""]",,,MORE STAR
YouTube,【#3】半年のプレッシャー【CUTIE STREET SHORT DOCUMENTARY】 を視聴しました,https://www.youtube.com/watch?v=Ok_4MU8mZoY,"[{""name"": ""CUTIE STREET"", ""url"": ""https://www.youtube.com/channel/UCEz-AFAg3EUKsxraad1puQA""}]",2026-01-28 06:45:36.793000,"[""YouTube""]","[""YouTube \u306e\u518d\u751f\u5c65\u6b74""]",,,CUTIE STREET
YouTube,"Lay's® Oven Baked, ultra krokant! を視聴しました",https://www.youtube.com/watch?v=QM6pk7B3TFU,,2026-01-28 06:45:30.300000,"[""YouTube""]","[""\u30a6\u30a7\u30d6\u3068\u30a2\u30d7\u30ea\u306e\u30a2\u30af\u30c6\u30a3\u30d3\u30c6\u30a3"", ""YouTube \u306e\u518d\u751f\u5c65\u6b74"", ""YouTube \u306e\u691c\u7d22\u5c65\u6b74""]",7:45 で再生済み,"[{""name"": ""Google \u5e83\u544a\u304b\u3089""}]",Lay's Nederland
YouTube,【ダイジェスト】1/24(土)『KAWAII LAB. BEST ALBUM 発売記念リリースイベント』＠ららぽーと豊洲 シーサイドデッキ メインステージ を視聴しました,https://www.youtube.com/watch?v=aGBIFcNC9e0,"[{""name"": ""MORE STAR"", ""url"": ""https://www.youtube.com/channel/UCBkLxz038AbxBA8CMw6o9oA""}]",2026-01-28 06:42:09.379000,"[""YouTube""]","[""YouTube \u306e\u518d\u751f\u5c65\u6b74""]",,,MORE STAR
YouTube,【放課後】CUTIE STREET『ぷりきゅきゅ』 を視聴しました,https://www.youtube.com/watch?v=jKlmO7WgW2w,"[{""name"": ""CUTIE STREET"", ""url"": ""https://www.youtube.com/channel/UCEz-AFAg3EUKsxraad1puQA""}]",2026-01-28 06:38:12.090000,"[""YouTube""]","[""YouTube \u306e\u518d\u751f\u5c65\u6b74""]",,,CUTIE STREET
YouTube,【ライブ映像】TEAM KAWAII LAB.「CHU CHU CHU研究中！」 を視聴しました,https://www.youtube.com/watch?v=3P53bLQ3g0k,"[{""name"": ""KAWAII LAB."", ""url"": ""https://www.youtube.com/channel/UCW8Q9LBGGBgK6a-u0C0h95A""}]",2026-01-28 06:34:10.375000,"[""YouTube""]","[""YouTube \u306e\u518d\u751f\u5c65\u6b74""]",,,KAWAII LAB.
YouTube,WOMEN_ThemeH_16x9_Valentine_1023_10s_Video.mp4 を視聴しました,https://www.youtube.com/watch?v=FGl0sbTiSHc,,2026-01-28 06:33:51.837000,"[""YouTube""]","[""\u30a6\u30a7\u30d6\u3068\u30a2\u30d7\u30ea\u306e\u30a2\u30af\u30c6\u30a3\u30d3\u30c6\u30a3"", ""YouTube \u306e\u518d\u751f\u5c65\u6b74"", ""YouTube \u306e\u691c\u7d22\u5c65\u6b74""]",7:33 で再生済み,"[{""name"": ""Google \u5e83\u544a\u304b\u3089""}]",H&M
YouTube,【ハグチャレ#2】MORE STAR 『メンバー考案TikTok動画プレゼン ハグ！バズらせ計画』 を視聴しました,https://www.youtube.com/watch?v=TI97vPqDSAQ,"[{""name"": ""MORE STAR"", ""url"": ""https://www.youtube.com/channel/UCBkLxz038AbxBA8CMw6o9oA""}]",2026-01-28 06:26:59.049000,"[""YouTube""]","[""YouTube \u306e\u518d\u751f\u5c65\u6b74""]",,,MORE STAR
YouTube,260117 c有 withMUSIC JAPONICA STYLE~Amazing!!!!!! を視聴しました,https://www.youtube.com/watch?v=TyfYvQU8qNU,"[{""name"": ""K"", ""url"": ""https://www.youtube.com/channel/UCTGbg-vP0vLXr6A4fbTdPrg""}]",2026-01-28 06:22:55.050000,"[""YouTube""]","[""YouTube \u306e\u518d\u751f\u5c65\u6b74""]",,,error
YouTube,260122 c有 DayDay を視聴しました,https://www.youtube.com/watch?v=HvPkJ1aLU9A,"[{""name"": ""K"", ""url"": ""https://www.youtube.com/channel/UCTGbg-vP0vLXr6A4fbTdPrg""}]",2026-01-28 06:04:44.730000,"[""YouTube""]","[""YouTube \u306e\u518d\u751f\u5c65\u6b74""]",,,error
YouTube,【静岡ダイジェスト】KAWAII LAB. COLLECTION produced by TGC📍ツインメッセ静岡 北館大展示場 を視聴しました,https://www.youtube.com/watch?v=c3CYqZsU2Eo,"[{""name"": ""KAWAII LAB."", ""url"": ""https://www.youtube.com/channel/UCW8Q9LBGGBgK6a-u0C0h95A""}]",2026-01-28 06:02:13.648000,"[""YouTube""]","[""YouTube \u306e\u518d\u751f\u5c65\u6b74""]",,,KAWAII LAB.
YouTube,【#5】잘 부탁드립니다【CUTIE STREET SHORT DOCUMENTARY】 を視聴しました,https://www.youtube.com/watch?v=ILo-7o7_IVk,"[{""name"": ""CUTIE STREET"", ""url"": ""https://www.youtube.com/channel/UCEz-AFAg3EUKsxraad1puQA""}]",2026-01-28 05:57:37.990000,"[""YouTube""]","[""YouTube \u306e\u518d\u751f\u5c65\u6b74""]",,,CUTIE STREET
YouTube,Revolut NL ATL25 BrandAV Product Analytics Oversight 15 Digital 16x9 を視聴しました,https://www.youtube.com/watch?v=GpJP8pj7HH4,,2026-01-28 05:57:21.381000,"[""YouTube""]","[""\u30a6\u30a7\u30d6\u3068\u30a2\u30d7\u30ea\u306e\u30a2\u30af\u30c6\u30a3\u30d3\u30c6\u30a3"", ""YouTube \u306e\u518d\u751f\u5c65\u6b74"", ""YouTube \u306e\u691c\u7d22\u5c65\u6b74""]",6:57 で再生済み,"[{""name"": ""Google \u5e83\u544a\u304b\u3089""}]",Revolut
YouTube,GoldRepublic | Web Flow を視聴しました,https://www.youtube.com/watch?v=QddwaVRu2o4,,2026-01-28 05:51:14.508000,"[""YouTube""]","[""\u30a6\u30a7\u30d6\u3068\u30a2\u30d7\u30ea\u306e\u30a2\u30af\u30c6\u30a3\u30d3\u30c6\u30a3"", ""YouTube \u306e\u518d\u751f\u5c65\u6b74"", ""YouTube \u306e\u691c\u7d22\u5c65\u6b74""]",6:51 で再生済み,"[{""name"": ""Google \u5e83\u544a\u304b\u3089""}]",GoldRepublic Global
YouTube,Website Video Announce 3 を視聴しました,https://www.youtube.com/watch?v=R1jUfhzc8kQ,,2026-01-27 23:42:19.310000,"[""YouTube""]","[""\u30a6\u30a7\u30d6\u3068\u30a2\u30d7\u30ea\u306e\u30a2\u30af\u30c6\u30a3\u30d3\u30c6\u30a3"", ""YouTube \u306e\u518d\u751f\u5c65\u6b74"", ""YouTube \u306e\u691c\u7d22\u5c65\u6b74""]",0:42 で再生済み,"[{""name"": ""Google \u5e83\u544a\u304b\u3089""}]",Best Kept Secret Festival
YouTube,NL-NL | D7637 | Blank Again | Mix | Buyer | 16x9 | 20s | .mp4 を視聴しました,https://www.youtube.com/watch?v=lN5wgAxB6To,,2026-01-27 23:41:58.442000,"[""YouTube""]","[""\u30a6\u30a7\u30d6\u3068\u30a2\u30d7\u30ea\u306e\u30a2\u30af\u30c6\u30a3\u30d3\u30c6\u30a3"", ""YouTube \u306e\u518d\u751f\u5c65\u6b74"", ""YouTube \u306e\u691c\u7d22\u5c65\u6b74""]",0:41 で再生済み,"[{""name"": ""Google \u5e83\u544a\u304b\u3089""}]",Vinted
YouTube,【ラジオ切抜き】髙地から甥っ子と同じ扱いを受け、松村北斗ゴルフデビュー！ を視聴しました,https://www.youtube.com/watch?v=wwotIk5W5EI,"[{""name"": ""\u307b\u304f\u3058\u3085\u308a\u63a8\u3057\u81ea\u5df1\u6e80\u3061\u3083\u3093\u306d\u308b"", ""url"": ""https://www.youtube.com/channel/UCUcRP6BCoMJLAIUU9fZzE_g""}]",2026-01-27 23:21:02.651000,"[""YouTube""]","[""YouTube \u306e\u518d\u751f\u5c65\u6b74""]",,,ほくじゅり推し自己満ちゃんねる
YouTube,"15"" Finance Joshua | Achmea を視聴しました",https://www.youtube.com/watch?v=k2KqP2yWyJM,,2026-01-27 23:20:37.331000,"[""YouTube""]","[""\u30a6\u30a7\u30d6\u3068\u30a2\u30d7\u30ea\u306e\u30a2\u30af\u30c6\u30a3\u30d3\u30c6\u30a3"", ""YouTube \u306e\u518d\u751f\u5c65\u6b74"", ""YouTube \u306e\u691c\u7d22\u5c65\u6b74""]",0:20 で再生済み,"[{""name"": ""Google \u5e83\u544a\u304b\u3089""}]",Achmea
YouTube,20198636 を視聴しました,https://www.youtube.com/watch?v=-u3xNB5QV0Y,,2026-01-27 23:15:25.826000,"[""YouTube""]","[""\u30a6\u30a7\u30d6\u3068\u30a2\u30d7\u30ea\u306e\u30a2\u30af\u30c6\u30a3\u30d3\u30c6\u30a3"", ""YouTube \u306e\u518d\u751f\u5c65\u6b74"", ""YouTube \u306e\u691c\u7d22\u5c65\u6b74""]",0:15 で再生済み,"[{""name"": ""Google \u5e83\u544a\u304b\u3089""}]",Coolblue Advertising
YouTube,iDEAL wordt Wero - Veiligheid を視聴しました,https://www.youtube.com/watch?v=kfb8o7gUvFo,,2026-01-27 23:15:10.172000,"[""YouTube""]","[""\u30a6\u30a7\u30d6\u3068\u30a2\u30d7\u30ea\u306e\u30a2\u30af\u30c6\u30a3\u30d3\u30c6\u30a3"", ""YouTube \u306e\u518d\u751f\u5c65\u6b74"", ""YouTube \u306e\u691c\u7d22\u5c65\u6b74""]",0:15 で再生済み,"[{""name"": ""Google \u5e83\u544a\u304b\u3089""}]",Wero
YouTube,【ラジオ切抜き】世界の声になった松村北斗はお返し申すのか？ を視聴しました,https://www.youtube.com/watch?v=gKPWonXoIbw,"[{""name"": ""\u307b\u304f\u3058\u3085\u308a\u63a8\u3057\u81ea\u5df1\u6e80\u3061\u3083\u3093\u306d\u308b"", ""url"": ""https://www.youtube.com/channel/UCUcRP6BCoMJLAIUU9fZzE_g""}]",2026-01-27 23:04:53.355000,"[""YouTube""]","[""YouTube \u306e\u518d\u751f\u5c65\u6b74""]",,,ほくじゅり推し自己満ちゃんねる
YouTube,BrandMR VO see 6s 16 9 を視聴しました,https://www.youtube.com/watch?v=YumUcjhLpt4,,2026-01-27 23:04:46.400000,"[""YouTube""]","[""\u30a6\u30a7\u30d6\u3068\u30a2\u30d7\u30ea\u306e\u30a2\u30af\u30c6\u30a3\u30d3\u30c6\u30a3"", ""YouTube \u306e\u518d\u751f\u5c65\u6b74"", ""YouTube \u306e\u691c\u7d22\u5c65\u6b74""]",0:04 で再生済み,"[{""name"": ""Google \u5e83\u544a\u304b\u3089""}]",BrandMR
YouTube,SixTONESまとめ ~part1~ を視聴しました,https://www.youtube.com/watch?v=ngiK86zxmi0,"[{""name"": ""tanaka"", ""url"": ""https://www.youtube.com/channel/UCleGUpBDB5gza9x7sdzKZaA""}]",2026-01-27 23:03:35.050000,"[""YouTube""]","[""YouTube \u306e\u518d\u751f\u5c65\u6b74""]",,,tanaka
YouTube,260122 c有 news every を視聴しました,https://www.youtube.com/watch?v=Ykb19XgzXQk,"[{""name"": ""K"", ""url"": ""https://www.youtube.com/channel/UCTGbg-vP0vLXr6A4fbTdPrg""}]",2026-01-27 22:59:38.397000,"[""YouTube""]","[""YouTube \u306e\u518d\u751f\u5c65\u6b74""]",,,error
YouTube,【ダイジェスト】CUTIE STREET『WONDERLIVET 2025』📍韓国 KINTEX HALL 7·8·10(2025/11/15) を視聴しました,https://www.youtube.com/watch?v=ooHpGc-pTSs,"[{""name"": ""CUTIE STREET"", ""url"": ""https://www.youtube.com/channel/UCEz-AFAg3EUKsxraad1puQA""}]",2026-01-27 22:51:45.059000,"[""YouTube""]","[""YouTube \u306e\u518d\u751f\u5c65\u6b74""]",,,CUTIE STREET
YouTube,Revolut NL ATL25 BrandAV Product Analytics Oversight 15 Digital 16x9 を視聴しました,https://www.youtube.com/watch?v=GpJP8pj7HH4,,2026-01-27 22:51:35.204000,"[""YouTube""]","[""\u30a6\u30a7\u30d6\u3068\u30a2\u30d7\u30ea\u306e\u30a2\u30af\u30c6\u30a3\u30d3\u30c6\u30a3"", ""YouTube \u306e\u518d\u751f\u5c65\u6b74"", ""YouTube \u306e\u691c\u7d22\u5c65\u6b74""]",23:51 で再生済み,"[{""name"": ""Google \u5e83\u544a\u304b\u3089""}]",Revolut
YouTube,Mr.Children 「Sign」 MUSIC VIDEO を視聴しました,https://www.youtube.com/watch?v=4wuWJ7GAc2s,"[{""name"": ""Mr.Children Official Channel"", ""url"": ""https://www.youtube.com/channel/UCXteDRy5qB0IjA8WPusCJ7w""}]",2026-01-27 22:45:04.852000,"[""YouTube""]","[""YouTube \u306e\u518d\u751f\u5c65\u6b74""]",,,Mr.Children Official Channel
YouTube,Woonsquare Inruildagen を視聴しました,https://www.youtube.com/watch?v=e58qWMW6v_w,,2026-01-27 22:44:56.035000,"[""YouTube""]","[""\u30a6\u30a7\u30d6\u3068\u30a2\u30d7\u30ea\u306e\u30a2\u30af\u30c6\u30a3\u30d3\u30c6\u30a3"", ""YouTube \u306e\u518d\u751f\u5c65\u6b74"", ""YouTube \u306e\u691c\u7d22\u5c65\u6b74""]","23:44 で再生済み
21:12 で再生済み
16:33 で再生済み","[{""name"": ""Google \u5e83\u544a\u304b\u3089""}]",Woonsquare
YouTube,260117 c有 withMUSIC こっから~Imitation Rain~マスカラ~Good Luck! を視聴しました,https://www.youtube.com/watch?v=0YOhiHEPJjA,"[{""name"": ""K"", ""url"": ""https://www.youtube.com/channel/UCTGbg-vP0vLXr6A4fbTdPrg""}]",2026-01-27 22:39:23.508000,"[""YouTube""]","[""YouTube \u306e\u518d\u751f\u5c65\u6b74""]",,,error
YouTube,【LIVE映像】『ハグ！』MORE STAR 　1/11 (日)『KAWAII LAB. COLLECTION produced by TGC』＠ツインメッセ静岡 北館⼤展⽰場 を視聴しました,https://www.youtube.com/watch?v=3a1DTBd3h-s,"[{""name"": ""MORE STAR"", ""url"": ""https://www.youtube.com/channel/UCBkLxz038AbxBA8CMw6o9oA""}]",2026-01-27 22:36:09.842000,"[""YouTube""]","[""YouTube \u306e\u518d\u751f\u5c65\u6b74""]",,,MORE STAR
YouTube,NL-NL | D7636 | Blank Again | Mix | Seller | 16x9 | 10s | .mp4 を視聴しました,https://www.youtube.com/watch?v=6DGnC_kzIuo,,2026-01-27 22:35:59.187000,"[""YouTube""]","[""\u30a6\u30a7\u30d6\u3068\u30a2\u30d7\u30ea\u306e\u30a2\u30af\u30c6\u30a3\u30d3\u30c6\u30a3"", ""YouTube \u306e\u518d\u751f\u5c65\u6b74"", ""YouTube \u306e\u691c\u7d22\u5c65\u6b74""]",23:35 で再生済み,"[{""name"": ""Google \u5e83\u544a\u304b\u3089""}]",Vinted
YouTube,260121 生たまごJOY！鳥取 京本大我 を視聴しました,https://www.youtube.com/watch?v=34g_yjk3t24,"[{""name"": ""K"", ""url"": ""https://www.youtube.com/channel/UCTGbg-vP0vLXr6A4fbTdPrg""}]",2026-01-27 22:17:49.735000,"[""YouTube""]","[""YouTube \u306e\u518d\u751f\u5c65\u6b74""]",,,error
YouTube,260122 c有 めざましテレビ を視聴しました,https://www.youtube.com/watch?v=eOQJhxS8QG0,"[{""name"": ""K"", ""url"": ""https://www.youtube.com/channel/UCTGbg-vP0vLXr6A4fbTdPrg""}]",2026-01-27 22:04:46.940000,"[""YouTube""]","[""YouTube \u306e\u518d\u751f\u5c65\u6b74""]",,,error
YouTube,260122 c有 ぽかぽか 提供バック部分 を視聴しました,https://www.youtube.com/watch?v=IH0j01wUpR4,"[{""name"": ""K"", ""url"": ""https://www.youtube.com/channel/UCTGbg-vP0vLXr6A4fbTdPrg""}]",2026-01-27 22:04:35.982000,"[""YouTube""]","[""YouTube \u306e\u518d\u751f\u5c65\u6b74""]",,,error
YouTube,【ダイジェスト】1/24(土)『KAWAII LAB. BEST ALBUM 発売記念リリースイベント』＠ららぽーと豊洲 シーサイドデッキ メインステージ を視聴しました,https://www.youtube.com/watch?v=aGBIFcNC9e0,"[{""name"": ""MORE STAR"", ""url"": ""https://www.youtube.com/channel/UCBkLxz038AbxBA8CMw6o9oA""}]",2026-01-27 22:03:43.662000,"[""YouTube""]","[""YouTube \u306e\u518d\u751f\u5c65\u6b74""]",,,MORE STAR
YouTube,【ダイジェスト】1/25(日)『KAWAII LAB. BEST ALBUM 発売記念リリースイベント』＠アリオ橋本 1F屋外イベント広場 を視聴しました,https://www.youtube.com/watch?v=xZd531f0vo4,"[{""name"": ""MORE STAR"", ""url"": ""https://www.youtube.com/channel/UCBkLxz038AbxBA8CMw6o9oA""}]",2026-01-27 21:59:32.207000,"[""YouTube""]","[""YouTube \u306e\u518d\u751f\u5c65\u6b74""]",,,MORE STAR
YouTube,Pronto Wonen | Sale TVC を視聴しました,https://www.youtube.com/watch?v=glVFsIWmplI,,2026-01-27 21:59:16.557000,"[""YouTube""]","[""\u30a6\u30a7\u30d6\u3068\u30a2\u30d7\u30ea\u306e\u30a2\u30af\u30c6\u30a3\u30d3\u30c6\u30a3"", ""YouTube \u306e\u518d\u751f\u5c65\u6b74"", ""YouTube \u306e\u691c\u7d22\u5c65\u6b74""]",22:59 で再生済み,"[{""name"": ""Google \u5e83\u544a\u304b\u3089""}]",Pronto Wonen
YouTube,Libresse menstruatieondergoed を視聴しました,https://www.youtube.com/watch?v=NCRVXM3jbOQ,,2026-01-27 21:59:10.054000,"[""YouTube""]","[""\u30a6\u30a7\u30d6\u3068\u30a2\u30d7\u30ea\u306e\u30a2\u30af\u30c6\u30a3\u30d3\u30c6\u30a3"", ""YouTube \u306e\u518d\u751f\u5c65\u6b74"", ""YouTube \u306e\u691c\u7d22\u5c65\u6b74""]",22:59 で再生済み,"[{""name"": ""Google \u5e83\u544a\u304b\u3089""}]",LibresseNL
YouTube,260122 ぽかぽか を視聴しました,https://www.youtube.com/watch?v=Z_wYnltbR74,"[{""name"": ""K"", ""url"": ""https://www.youtube.com/channel/UCTGbg-vP0vLXr6A4fbTdPrg""}]",2026-01-27 21:45:04.537000,"[""YouTube""]","[""YouTube \u306e\u518d\u751f\u5c65\u6b74""]",,,error
YouTube,260122 c有 THE TIME を視聴しました,https://www.youtube.com/watch?v=vhv1Jqi1tc4,"[{""name"": ""K"", ""url"": ""https://www.youtube.com/channel/UCTGbg-vP0vLXr6A4fbTdPrg""}]",2026-01-27 21:36:34.594000,"[""YouTube""]","[""YouTube \u306e\u518d\u751f\u5c65\u6b74""]",,,error
YouTube,【ダイジェスト】飴と道 vol.1📍ぴあアリーナMM(2026/1/17) を視聴しました,https://www.youtube.com/watch?v=s31eCthfmWA,"[{""name"": ""CUTIE STREET"", ""url"": ""https://www.youtube.com/channel/UCEz-AFAg3EUKsxraad1puQA""}]",2026-01-27 21:31:19.460000,"[""YouTube""]","[""YouTube \u306e\u518d\u751f\u5c65\u6b74""]",,,CUTIE STREET
YouTube,"【ダイジェスト】飴と道 vol.1 , vol.2📍ぴあアリーナMM を視聴しました",https://www.youtube.com/watch?v=WjdaTfwnbzY,"[{""name"": ""KAWAII LAB."", ""url"": ""https://www.youtube.com/channel/UCW8Q9LBGGBgK6a-u0C0h95A""}]",2026-01-27 21:26:32.706000,"[""YouTube""]","[""YouTube \u306e\u518d\u751f\u5c65\u6b74""]",,,KAWAII LAB.
YouTube,Revolut NL ATL25 BrandAV Product FX Global 15 Digital 16x9 を視聴しました,https://www.youtube.com/watch?v=1Abo0Rowco8,,2026-01-27 21:26:16.935000,"[""YouTube""]","[""\u30a6\u30a7\u30d6\u3068\u30a2\u30d7\u30ea\u306e\u30a2\u30af\u30c6\u30a3\u30d3\u30c6\u30a3"", ""YouTube \u306e\u518d\u751f\u5c65\u6b74"", ""YouTube \u306e\u691c\u7d22\u5c65\u6b74""]",22:26 で再生済み,"[{""name"": ""Google \u5e83\u544a\u304b\u3089""}]",Revolut
YouTube,mms global 2025 fun together jump scare peanut us singles 16x9 olv 15 guide NL v2 200873 8 を視聴しました,https://www.youtube.com/watch?v=7NoT3NSYGOs,,2026-01-27 21:25:57.402000,"[""YouTube""]","[""\u30a6\u30a7\u30d6\u3068\u30a2\u30d7\u30ea\u306e\u30a2\u30af\u30c6\u30a3\u30d3\u30c6\u30a3"", ""YouTube \u306e\u518d\u751f\u5c65\u6b74"", ""YouTube \u306e\u691c\u7d22\u5c65\u6b74""]","22:25 で再生済み
16:28 で再生済み","[{""name"": ""Google \u5e83\u544a\u304b\u3089""}]",M&M'S Nederland
YouTube,260124 c有 めざましどようび を視聴しました,https://www.youtube.com/watch?v=ih681V_yTHA,"[{""name"": ""K"", ""url"": ""https://www.youtube.com/channel/UCTGbg-vP0vLXr6A4fbTdPrg""}]",2026-01-27 21:08:14.254000,"[""YouTube""]","[""YouTube \u306e\u518d\u751f\u5c65\u6b74""]",,,error
YouTube,260121 c有 Oha!4 を視聴しました,https://www.youtube.com/watch?v=hOabB4JHrzg,"[{""name"": ""K"", ""url"": ""https://www.youtube.com/channel/UCTGbg-vP0vLXr6A4fbTdPrg""}]",2026-01-27 21:07:05.266000,"[""YouTube""]","[""YouTube \u306e\u518d\u751f\u5c65\u6b74""]",,,error
YouTube,【ハグチャレ#1】MORE STAR『MORE KAWAII は誰だ!? バックハグ！選手権』 を視聴しました,https://www.youtube.com/watch?v=ZVlvslWntvo,"[{""name"": ""MORE STAR"", ""url"": ""https://www.youtube.com/channel/UCBkLxz038AbxBA8CMw6o9oA""}]",2026-01-27 20:55:53.598000,"[""YouTube""]","[""YouTube \u306e\u518d\u751f\u5c65\u6b74""]",,,MORE STAR
YouTube,【Choreography Video -MV edition-】MORE STAR「ハグ！」 を視聴しました,https://www.youtube.com/watch?v=KXP2Zfsdmbo,"[{""name"": ""MORE STAR"", ""url"": ""https://www.youtube.com/channel/UCBkLxz038AbxBA8CMw6o9oA""}]",2026-01-27 20:52:17.765000,"[""YouTube""]","[""YouTube \u306e\u518d\u751f\u5c65\u6b74""]",,,MORE STAR
YouTube,SixTONES – ベストアルバム「MILESixTONES -Best Tracks-」初回盤A・B Bonus Track digeST を視聴しました,https://www.youtube.com/watch?v=Tgsd4Vn3ZUE,"[{""name"": ""SixTONES"", ""url"": ""https://www.youtube.com/channel/UCwjAKjycHHT1QzHrQN5Stww""}]",2026-01-27 20:45:42.624000,"[""YouTube""]","[""YouTube \u306e\u518d\u751f\u5c65\u6b74""]",,,SixTONES
YouTube,NLN - PrivateHome - FreshScents - OptionA - 2026 - Bumper - 16x9 - 6s - Dutch copy - awareness を視聴しました,https://www.youtube.com/watch?v=Dzmg96dhEYY,,2026-01-27 20:45:35.951000,"[""YouTube""]","[""\u30a6\u30a7\u30d6\u3068\u30a2\u30d7\u30ea\u306e\u30a2\u30af\u30c6\u30a3\u30d3\u30c6\u30a3"", ""YouTube \u306e\u518d\u751f\u5c65\u6b74"", ""YouTube \u306e\u691c\u7d22\u5c65\u6b74""]",21:45 で再生済み,"[{""name"": ""Google \u5e83\u544a\u304b\u3089""}]",Rituals Cosmetics Global
YouTube,NL-NL | D7637 | Blank Again | Mix | Buyer | 16x9 | 6s | .mp4 を視聴しました,https://www.youtube.com/watch?v=80pZROy-SVU,,2026-01-27 20:45:29.562000,"[""YouTube""]","[""\u30a6\u30a7\u30d6\u3068\u30a2\u30d7\u30ea\u306e\u30a2\u30af\u30c6\u30a3\u30d3\u30c6\u30a3"", ""YouTube \u306e\u518d\u751f\u5c65\u6b74"", ""YouTube \u306e\u691c\u7d22\u5c65\u6b74""]","21:45 で再生済み
20:40 で再生済み","[{""name"": ""Google \u5e83\u544a\u304b\u3089""}]",Vinted
YouTube,Werken bij de Provincie Limburg を視聴しました,https://www.youtube.com/watch?v=PURHnjzn8zk,,2026-01-27 20:41:07.227000,"[""YouTube""]","[""\u30a6\u30a7\u30d6\u3068\u30a2\u30d7\u30ea\u306e\u30a2\u30af\u30c6\u30a3\u30d3\u30c6\u30a3"", ""YouTube \u306e\u518d\u751f\u5c65\u6b74"", ""YouTube \u306e\u691c\u7d22\u5c65\u6b74""]",21:41 で再生済み,"[{""name"": ""Google \u5e83\u544a\u304b\u3089""}]",Provincie Limburg
YouTube,Ontdek de technologie achter Metal Detox. を視聴しました,https://www.youtube.com/watch?v=oy0J9OLgTgw,,2026-01-27 20:35:34.884000,"[""YouTube""]","[""\u30a6\u30a7\u30d6\u3068\u30a2\u30d7\u30ea\u306e\u30a2\u30af\u30c6\u30a3\u30d3\u30c6\u30a3"", ""YouTube \u306e\u518d\u751f\u5c65\u6b74"", ""YouTube \u306e\u691c\u7d22\u5c65\u6b74""]",21:35 で再生済み,"[{""name"": ""Google \u5e83\u544a\u304b\u3089""}]",L’Oréal Professionnel Paris - Benelux
YouTube,【キラすた #1】キラッと、もあすた『10問10答でご挨拶 (前編)』 を視聴しました,https://www.youtube.com/watch?v=Hl18H6oIHaI,"[{""name"": ""MORE STAR"", ""url"": ""https://www.youtube.com/channel/UCBkLxz038AbxBA8CMw6o9oA""}]",2026-01-27 20:30:23.534000,"[""YouTube""]","[""YouTube \u306e\u518d\u751f\u5c65\u6b74""]",,,MORE STAR
YouTube,Zuyd Hogeschool - Open Dag 7 februari 2026 - Waarom je niet naar een open dag moet gaan を視聴しました,https://www.youtube.com/watch?v=59Ywow9qvaQ,,2026-01-27 20:29:12.554000,"[""YouTube""]","[""\u30a6\u30a7\u30d6\u3068\u30a2\u30d7\u30ea\u306e\u30a2\u30af\u30c6\u30a3\u30d3\u30c6\u30a3"", ""YouTube \u306e\u518d\u751f\u5c65\u6b74"", ""YouTube \u306e\u691c\u7d22\u5c65\u6b74""]","21:29 で再生済み
21:24 で再生済み","[{""name"": ""Google \u5e83\u544a\u304b\u3089""}]",Zuyd Hogeschool
YouTube,【ハグチャレ#2】MORE STAR 『メンバー考案TikTok動画プレゼン ハグ！バズらせ計画』 を視聴しました,https://www.youtube.com/watch?v=TI97vPqDSAQ,"[{""name"": ""MORE STAR"", ""url"": ""https://www.youtube.com/channel/UCBkLxz038AbxBA8CMw6o9oA""}]",2026-01-27 20:28:59.202000,"[""YouTube""]","[""YouTube \u306e\u518d\u751f\u5c65\u6b74""]",,,MORE STAR
YouTube,【スマホ版 KAWAII FOCUS】CUTIE STREET『ぷりきゅきゅ』 -MV edition- を視聴しました,https://www.youtube.com/watch?v=nh7SFMQsM74,"[{""name"": ""CUTIE STREET"", ""url"": ""https://www.youtube.com/channel/UCEz-AFAg3EUKsxraad1puQA""}]",2026-01-27 20:25:03.186000,"[""YouTube""]","[""YouTube \u306e\u518d\u751f\u5c65\u6b74""]",,,CUTIE STREET
YouTube,【LIVE映像】CUTIE STREET『ぷりきゅきゅ』📍ぴあアリーナMM(2025/10/13) を視聴しました,https://www.youtube.com/watch?v=OFWfaZYuyz8,"[{""name"": ""CUTIE STREET"", ""url"": ""https://www.youtube.com/channel/UCEz-AFAg3EUKsxraad1puQA""}]",2026-01-27 20:21:03.360000,"[""YouTube""]","[""YouTube \u306e\u518d\u751f\u5c65\u6b74""]",,,CUTIE STREET
YouTube,de Bijenkorf Utrecht を視聴しました,https://www.youtube.com/watch?v=JvvLcF6gWDg,,2026-01-27 20:20:44.458000,"[""YouTube""]","[""\u30a6\u30a7\u30d6\u3068\u30a2\u30d7\u30ea\u306e\u30a2\u30af\u30c6\u30a3\u30d3\u30c6\u30a3"", ""YouTube \u306e\u518d\u751f\u5c65\u6b74"", ""YouTube \u306e\u691c\u7d22\u5c65\u6b74""]",21:20 で再生済み,"[{""name"": ""Google \u5e83\u544a\u304b\u3089""}]",de Bijenkorf
YouTube,【#4】きゅーすとは皆勤賞【CUTIE STREET SHORT DOCUMENTARY】 を視聴しました,https://www.youtube.com/watch?v=nJ4Cb7Hq69A,"[{""name"": ""CUTIE STREET"", ""url"": ""https://www.youtube.com/channel/UCEz-AFAg3EUKsxraad1puQA""}]",2026-01-27 20:18:16.553000,"[""YouTube""]","[""YouTube \u306e\u518d\u751f\u5c65\u6b74""]",,,CUTIE STREET
YouTube,Vind jij een gouden hartje in je zak? Dan win je 10.000 euro! を視聴しました,https://www.youtube.com/watch?v=s3HkJwDJLXY,,2026-01-27 20:17:55.976000,"[""YouTube""]","[""\u30a6\u30a7\u30d6\u3068\u30a2\u30d7\u30ea\u306e\u30a2\u30af\u30c6\u30a3\u30d3\u30c6\u30a3"", ""YouTube \u306e\u518d\u751f\u5c65\u6b74"", ""YouTube \u306e\u691c\u7d22\u5c65\u6b74""]",21:17 で再生済み,"[{""name"": ""Google \u5e83\u544a\u304b\u3089""}]",Lay's Nederland
YouTube,【KAWAII FOCUS】CUTIE STREET『ぷりきゅきゅ』 -MV edition- を視聴しました,https://www.youtube.com/watch?v=0JQ-b7GXf4U,"[{""name"": ""CUTIE STREET"", ""url"": ""https://www.youtube.com/channel/UCEz-AFAg3EUKsxraad1puQA""}]",2026-01-27 20:13:27.486000,"[""YouTube""]","[""YouTube \u306e\u518d\u751f\u5c65\u6b74""]",,,CUTIE STREET
YouTube,【ダイジェスト】CUTIE STREET『FUKUOKA MUSIC FES.2026 supported by Olive』📍みずほPayPayドーム福岡(2026/1/25) を視聴しました,https://www.youtube.com/watch?v=l9fa3TEhvfE,"[{""name"": ""CUTIE STREET"", ""url"": ""https://www.youtube.com/channel/UCEz-AFAg3EUKsxraad1puQA""}]",2026-01-27 19:43:44.429000,"[""YouTube""]","[""YouTube \u306e\u518d\u751f\u5c65\u6b74""]",,,CUTIE STREET
YouTube,Tijd voor je studiekeuze? を視聴しました,https://www.youtube.com/watch?v=DnikrSSUbqU,,2026-01-27 19:43:30.657000,"[""YouTube""]","[""\u30a6\u30a7\u30d6\u3068\u30a2\u30d7\u30ea\u306e\u30a2\u30af\u30c6\u30a3\u30d3\u30c6\u30a3"", ""YouTube \u306e\u518d\u751f\u5c65\u6b74"", ""YouTube \u306e\u691c\u7d22\u5c65\u6b74""]",20:43 で再生済み,"[{""name"": ""Google \u5e83\u544a\u304b\u3089""}]",UAntwerpen
YouTube,Marktplaats Reclame | Supersnel adverteren met onze AI-tool を視聴しました,https://www.youtube.com/watch?v=GyUCnI4KAOU,,2026-01-27 19:43:09.949000,"[""YouTube""]","[""\u30a6\u30a7\u30d6\u3068\u30a2\u30d7\u30ea\u306e\u30a2\u30af\u30c6\u30a3\u30d3\u30c6\u30a3"", ""YouTube \u306e\u518d\u751f\u5c65\u6b74"", ""YouTube \u306e\u691c\u7d22\u5c65\u6b74""]",20:43 で再生済み,"[{""name"": ""Google \u5e83\u544a\u304b\u3089""}]",Marktplaats
YouTube,SixTONES – Amazing!!!!!! MV Making & Dance Performance Only ver. digeST を視聴しました,https://www.youtube.com/watch?v=UuJPKpTArOo,"[{""name"": ""SixTONES"", ""url"": ""https://www.youtube.com/channel/UCwjAKjycHHT1QzHrQN5Stww""}]",2026-01-27 19:40:09.719000,"[""YouTube""]","[""YouTube \u306e\u518d\u751f\u5c65\u6b74""]",,,SixTONES
YouTube,NL  Fitness FitnessBar v2 4sec  1920x1080 EDZero TV V2 を視聴しました,https://www.youtube.com/watch?v=X40vdgAkVko,,2026-01-27 19:39:56.657000,"[""YouTube""]","[""\u30a6\u30a7\u30d6\u3068\u30a2\u30d7\u30ea\u306e\u30a2\u30af\u30c6\u30a3\u30d3\u30c6\u30a3"", ""YouTube \u306e\u518d\u751f\u5c65\u6b74"", ""YouTube \u306e\u691c\u7d22\u5c65\u6b74""]",20:39 で再生済み,"[{""name"": ""Google \u5e83\u544a\u304b\u3089""}]",Red Bull Gives You Wiiings
YouTube,GO スト 正月スペシャル を視聴しました,https://www.youtube.com/watch?v=Z1EefE8TNvk,"[{""name"": ""K"", ""url"": ""https://www.youtube.com/channel/UCTGbg-vP0vLXr6A4fbTdPrg""}]",2026-01-27 17:27:35.442000,"[""YouTube""]","[""YouTube \u306e\u518d\u751f\u5c65\u6b74""]",,,error
YouTube,世界一受けたい授業 を視聴しました,https://www.youtube.com/watch?v=3t6M_tPZgOk,"[{""name"": ""K"", ""url"": ""https://www.youtube.com/channel/UCTGbg-vP0vLXr6A4fbTdPrg""}]",2026-01-27 16:57:13.648000,"[""YouTube""]","[""YouTube \u306e\u518d\u751f\u5c65\u6b74""]",,,error
YouTube,【SixTONESANN】大泉家長男、オトナ帝国から父ちゃんを救いたい話【文字起こし】 を視聴しました,https://www.youtube.com/watch?v=1mtBAXMgCzY,"[{""name"": ""\u306e\u5b50"", ""url"": ""https://www.youtube.com/channel/UCCR6YGmx5dx_jGt4QoY7S9g""}]",2026-01-27 16:40:37.190000,"[""YouTube""]","[""YouTube \u306e\u518d\u751f\u5c65\u6b74""]",,,の子
YouTube,【SixTONESANN】10周年記念ディナー裏話まとめ【文字起こし】 を視聴しました,https://www.youtube.com/watch?v=xgh40LuoQIo,"[{""name"": ""\u306e\u5b50"", ""url"": ""https://www.youtube.com/channel/UCCR6YGmx5dx_jGt4QoY7S9g""}]",2026-01-27 16:30:42.234000,"[""YouTube""]","[""YouTube \u306e\u518d\u751f\u5c65\u6b74""]",,,の子
YouTube,Superjuffie in de Jungle | 4 februari in de bioscoop を視聴しました,https://www.youtube.com/watch?v=dKAu-hGEc8I,,2026-01-27 16:30:34.625000,"[""YouTube""]","[""\u30a6\u30a7\u30d6\u3068\u30a2\u30d7\u30ea\u306e\u30a2\u30af\u30c6\u30a3\u30d3\u30c6\u30a3"", ""YouTube \u306e\u518d\u751f\u5c65\u6b74"", ""YouTube \u306e\u691c\u7d22\u5c65\u6b74""]",17:30 で再生済み,"[{""name"": ""Google \u5e83\u544a\u304b\u3089""}]",Dutch FilmWorks
YouTube,BrandMR VO warm see 15s 16 9 を視聴しました,https://www.youtube.com/watch?v=al2TBTC8Ptg,,2026-01-27 16:25:27.715000,"[""YouTube""]","[""\u30a6\u30a7\u30d6\u3068\u30a2\u30d7\u30ea\u306e\u30a2\u30af\u30c6\u30a3\u30d3\u30c6\u30a3"", ""YouTube \u306e\u518d\u751f\u5c65\u6b74"", ""YouTube \u306e\u691c\u7d22\u5c65\u6b74""]",17:25 で再生済み,"[{""name"": ""Google \u5e83\u544a\u304b\u3089""}]",BrandMR
YouTube,Marktplaats Reclame | Supersnel adverteren met onze AI-tool を視聴しました,https://www.youtube.com/watch?v=wuOdp4HeYrQ,,2026-01-27 16:25:21.218000,"[""YouTube""]","[""\u30a6\u30a7\u30d6\u3068\u30a2\u30d7\u30ea\u306e\u30a2\u30af\u30c6\u30a3\u30d3\u30c6\u30a3"", ""YouTube \u306e\u518d\u751f\u5c65\u6b74"", ""YouTube \u306e\u691c\u7d22\u5c65\u6b74""]",17:25 で再生済み,"[{""name"": ""Google \u5e83\u544a\u304b\u3089""}]",Marktplaats
YouTube,Is this thing on? - 5 februari in de bioscoop を視聴しました,https://www.youtube.com/watch?v=2-9JPrACEMs,,2026-01-27 16:14:21.884000,"[""YouTube""]","[""\u30a6\u30a7\u30d6\u3068\u30a2\u30d7\u30ea\u306e\u30a2\u30af\u30c6\u30a3\u30d3\u30c6\u30a3"", ""YouTube \u306e\u518d\u751f\u5c65\u6b74"", ""YouTube \u306e\u691c\u7d22\u5c65\u6b74""]",17:14 で再生済み,"[{""name"": ""Google \u5e83\u544a\u304b\u3089""}]",20th Century Studios NL
YouTube,NL-NL | D7637 | Blank Again | Mix | Buyer | 16x9 | 20s | .mp4 を視聴しました,https://www.youtube.com/watch?v=lN5wgAxB6To,,2026-01-27 16:14:01.433000,"[""YouTube""]","[""\u30a6\u30a7\u30d6\u3068\u30a2\u30d7\u30ea\u306e\u30a2\u30af\u30c6\u30a3\u30d3\u30c6\u30a3"", ""YouTube \u306e\u518d\u751f\u5c65\u6b74"", ""YouTube \u306e\u691c\u7d22\u5c65\u6b74""]",17:14 で再生済み,"[{""name"": ""Google \u5e83\u544a\u304b\u3089""}]",Vinted
YouTube,"【SixTONESANN】""服着てませんよね？""byきょも【SixTONESラジオ文字起こし】 を視聴しました",https://www.youtube.com/watch?v=2Vo9WmxUY5E,"[{""name"": ""\u6771\u4eac\u96fb\u6ce2\u30b8\u30e3\u30c3\u30af\u30b9"", ""url"": ""https://www.youtube.com/channel/UCnbeaFz8pTd2nMG0p4vqGcw""}]",2026-01-27 15:59:52.203000,"[""YouTube""]","[""YouTube \u306e\u518d\u751f\u5c65\u6b74""]",,,東京電波ジャックス
YouTube,GoldLaunch 34s Video を視聴しました,https://www.youtube.com/watch?v=65jxBfvVj8U,,2026-01-27 15:56:20.270000,"[""YouTube""]","[""\u30a6\u30a7\u30d6\u3068\u30a2\u30d7\u30ea\u306e\u30a2\u30af\u30c6\u30a3\u30d3\u30c6\u30a3"", ""YouTube \u306e\u518d\u751f\u5c65\u6b74"", ""YouTube \u306e\u691c\u7d22\u5c65\u6b74""]",16:56 で再生済み,"[{""name"": ""Google \u5e83\u544a\u304b\u3089""}]",P&G Nederland
YouTube,Revolut NL ATL25 BrandAV Brand 15 Digital 16x9 を視聴しました,https://www.youtube.com/watch?v=syUq1YCbbqM,,2026-01-27 15:56:04.774000,"[""YouTube""]","[""\u30a6\u30a7\u30d6\u3068\u30a2\u30d7\u30ea\u306e\u30a2\u30af\u30c6\u30a3\u30d3\u30c6\u30a3"", ""YouTube \u306e\u518d\u751f\u5c65\u6b74"", ""YouTube \u306e\u691c\u7d22\u5c65\u6b74""]",16:56 で再生済み,"[{""name"": ""Google \u5e83\u544a\u304b\u3089""}]",Revolut
YouTube,The Artlist AI Toolkit is here を視聴しました,https://www.youtube.com/watch?v=eku3cweu0Hs,,2026-01-27 15:51:42.768000,"[""YouTube""]","[""\u30a6\u30a7\u30d6\u3068\u30a2\u30d7\u30ea\u306e\u30a2\u30af\u30c6\u30a3\u30d3\u30c6\u30a3"", ""YouTube \u306e\u518d\u751f\u5c65\u6b74"", ""YouTube \u306e\u691c\u7d22\u5c65\u6b74""]",16:51 で再生済み,"[{""name"": ""Google \u5e83\u544a\u304b\u3089""}]",Artlist
YouTube,【SixTONESANN】目黒蓮ポジを担おうとするきょも【SixTONESラジオ文字起こし】 を視聴しました,https://www.youtube.com/watch?v=umR1BlRz7cI,"[{""name"": ""\u6771\u4eac\u96fb\u6ce2\u30b8\u30e3\u30c3\u30af\u30b9"", ""url"": ""https://www.youtube.com/channel/UCnbeaFz8pTd2nMG0p4vqGcw""}]",2026-01-27 15:46:48.566000,"[""YouTube""]","[""YouTube \u306e\u518d\u751f\u5c65\u6b74""]",,,東京電波ジャックス
YouTube,D-reizen - Safari (Jan. 2026) を視聴しました,https://www.youtube.com/watch?v=avAVGZ3PEwE,,2026-01-27 15:46:35.701000,"[""YouTube""]","[""\u30a6\u30a7\u30d6\u3068\u30a2\u30d7\u30ea\u306e\u30a2\u30af\u30c6\u30a3\u30d3\u30c6\u30a3"", ""YouTube \u306e\u518d\u751f\u5c65\u6b74"", ""YouTube \u306e\u691c\u7d22\u5c65\u6b74""]",16:46 で再生済み,"[{""name"": ""Google \u5e83\u544a\u304b\u3089""}]",D-reizen
YouTube,2026Q1A platform val go awa fmg social video 02 logo horizontal 15sec some youtube を視聴しました,https://www.youtube.com/watch?v=RFh2UThQA6M,,2026-01-27 15:46:20.170000,"[""YouTube""]","[""\u30a6\u30a7\u30d6\u3068\u30a2\u30d7\u30ea\u306e\u30a2\u30af\u30c6\u30a3\u30d3\u30c6\u30a3"", ""YouTube \u306e\u518d\u751f\u5c65\u6b74"", ""YouTube \u306e\u691c\u7d22\u5c65\u6b74""]",16:46 で再生済み,"[{""name"": ""Google \u5e83\u544a\u304b\u3089""}]",TheOfficialPandora
YouTube,Animal Crossing: New Horizons | Gratis update nu beschikbaar! (Nintendo Switch en Nintendo Switch 2) を視聴しました,https://www.youtube.com/watch?v=UODOdY0FZfg,,2026-01-27 15:38:43.706000,"[""YouTube""]","[""\u30a6\u30a7\u30d6\u3068\u30a2\u30d7\u30ea\u306e\u30a2\u30af\u30c6\u30a3\u30d3\u30c6\u30a3"", ""YouTube \u306e\u518d\u751f\u5c65\u6b74"", ""YouTube \u306e\u691c\u7d22\u5c65\u6b74""]",16:38 で再生済み,"[{""name"": ""Google \u5e83\u544a\u304b\u3089""}]",Nintendo Nederland
YouTube,Revolut NL ATL25 BrandAV Product SendMoney Global 15 Digital 16x9 を視聴しました,https://www.youtube.com/watch?v=MZYVuMGcdGs,,2026-01-27 15:38:28.196000,"[""YouTube""]","[""\u30a6\u30a7\u30d6\u3068\u30a2\u30d7\u30ea\u306e\u30a2\u30af\u30c6\u30a3\u30d3\u30c6\u30a3"", ""YouTube \u306e\u518d\u751f\u5c65\u6b74"", ""YouTube \u306e\u691c\u7d22\u5c65\u6b74""]",16:38 で再生済み,"[{""name"": ""Google \u5e83\u544a\u304b\u3089""}]",Revolut
YouTube,Is this thing on? - 5 februari in de bioscoop を視聴しました,https://www.youtube.com/watch?v=gJSZJw_tXEY,,2026-01-27 15:34:09.164000,"[""YouTube""]","[""\u30a6\u30a7\u30d6\u3068\u30a2\u30d7\u30ea\u306e\u30a2\u30af\u30c6\u30a3\u30d3\u30c6\u30a3"", ""YouTube \u306e\u518d\u751f\u5c65\u6b74"", ""YouTube \u306e\u691c\u7d22\u5c65\u6b74""]",16:34 で再生済み,"[{""name"": ""Google \u5e83\u544a\u304b\u3089""}]",20th Century Studios NL
YouTube,ナイツ & SixTONES ザ・ラジオショー 2026.01.22 を視聴しました,https://www.youtube.com/watch?v=6cqgKz899Ow,"[{""name"": ""Radioshow"", ""url"": ""https://www.youtube.com/channel/UCOBrpWiEnogA56XrycZOZWg""}]",2026-01-27 15:32:02.410000,"[""YouTube""]","[""YouTube \u306e\u518d\u751f\u5c65\u6b74""]",,,Radioshow
YouTube,back number - ハッピーエンド (full) を視聴しました,https://www.youtube.com/watch?v=T8y_RsF4TSw,"[{""name"": ""BackNumberVEVO"", ""url"": ""https://www.youtube.com/channel/UCb4nKpOlWpZ-bbe-QANF51Q""}]",2026-01-27 15:29:17.778000,"[""YouTube""]","[""YouTube \u306e\u518d\u751f\u5c65\u6b74""]",,,BackNumberVEVO
YouTube,Oogwereld CommercialHW NLV4 20sec を視聴しました,https://www.youtube.com/watch?v=Gv-jivNB8do,,2026-01-27 15:28:53.523000,"[""YouTube""]","[""\u30a6\u30a7\u30d6\u3068\u30a2\u30d7\u30ea\u306e\u30a2\u30af\u30c6\u30a3\u30d3\u30c6\u30a3"", ""YouTube \u306e\u518d\u751f\u5c65\u6b74"", ""YouTube \u306e\u691c\u7d22\u5c65\u6b74""]",16:28 で再生済み,"[{""name"": ""Google \u5e83\u544a\u304b\u3089""}]",Oogwereld
YouTube,ハトマメ ~Say hello to the world.~ （幻のPV） を視聴しました,https://www.youtube.com/watch?v=2vfDS5KVuZw,"[{""name"": ""chrolea"", ""url"": ""https://www.youtube.com/channel/UCfT2tpK16aOMhV3nfnAOJTA""}]",2026-01-27 15:24:02.142000,"[""YouTube""]","[""YouTube \u306e\u518d\u751f\u5c65\u6b74""]",,,chrolea
YouTube,YT 6s を視聴しました,https://www.youtube.com/watch?v=huvZt9vO6gY,,2026-01-27 15:23:55.678000,"[""YouTube""]","[""\u30a6\u30a7\u30d6\u3068\u30a2\u30d7\u30ea\u306e\u30a2\u30af\u30c6\u30a3\u30d3\u30c6\u30a3"", ""YouTube \u306e\u518d\u751f\u5c65\u6b74"", ""YouTube \u306e\u691c\u7d22\u5c65\u6b74""]",16:23 で再生済み,"[{""name"": ""Google \u5e83\u544a\u304b\u3089""}]",Red Bull Gives You Wiiings
YouTube,Vodafone Batterij Garantie Surprise party 20 16X9 NOSUBS OLV -  pitch 20c YouTube を視聴しました,https://www.youtube.com/watch?v=PHux39mHvmU,,2026-01-27 15:23:35.300000,"[""YouTube""]","[""\u30a6\u30a7\u30d6\u3068\u30a2\u30d7\u30ea\u306e\u30a2\u30af\u30c6\u30a3\u30d3\u30c6\u30a3"", ""YouTube \u306e\u518d\u751f\u5c65\u6b74"", ""YouTube \u306e\u691c\u7d22\u5c65\u6b74""]",16:23 で再生済み,"[{""name"": ""Google \u5e83\u544a\u304b\u3089""}]",vodafonenl
YouTube,ショート動画作成ツールを使用しました,,,2026-01-27 13:15:58.591000,"[""YouTube""]","[""YouTube \u306e\u518d\u751f\u5c65\u6b74""]",,,error
YouTube,LinkButsS 限定動画 を視聴しました,https://www.youtube.com/watch?v=XXbjzsgomKo,"[{""name"": ""K"", ""url"": ""https://www.youtube.com/channel/UCTGbg-vP0vLXr6A4fbTdPrg""}]",2026-01-27 08:01:58.203000,"[""YouTube""]","[""YouTube \u306e\u518d\u751f\u5c65\u6b74""]",,,error
YouTube,#1 6SixTONES を視聴しました,https://www.youtube.com/watch?v=8yFA_-g8ow8,"[{""name"": ""K"", ""url"": ""https://www.youtube.com/channel/UCTGbg-vP0vLXr6A4fbTdPrg""}]",2026-01-27 07:11:59.482000,"[""YouTube""]","[""YouTube \u306e\u518d\u751f\u5c65\u6b74""]",,,error
YouTube,SixTONES –「バリア」from 「YOUNG OLD」2025.02.22 KYOCERA DOME OSAKA を視聴しました,https://www.youtube.com/watch?v=gW8YzvIB7co,"[{""name"": ""SixTONES"", ""url"": ""https://www.youtube.com/channel/UCwjAKjycHHT1QzHrQN5Stww""}]",2026-01-27 06:29:39.189000,"[""YouTube""]","[""YouTube \u306e\u518d\u751f\u5c65\u6b74""]",,,SixTONES
YouTube,"Corona Cero - Snowboard #MiCo2026 - 6"" NL を視聴しました",https://www.youtube.com/watch?v=rdtc9WKTR6Q,,2026-01-27 06:29:32.790000,"[""YouTube""]","[""\u30a6\u30a7\u30d6\u3068\u30a2\u30d7\u30ea\u306e\u30a2\u30af\u30c6\u30a3\u30d3\u30c6\u30a3"", ""YouTube \u306e\u518d\u751f\u5c65\u6b74"", ""YouTube \u306e\u691c\u7d22\u5c65\u6b74""]",7:29 で再生済み,"[{""name"": ""Google \u5e83\u544a\u304b\u3089""}]",CoronaFrance
YouTube,6  Vaste en tijdelijke opslag liggend 1 を視聴しました,https://www.youtube.com/watch?v=gNVcah_7yZE,,2026-01-27 06:29:21.112000,"[""YouTube""]","[""\u30a6\u30a7\u30d6\u3068\u30a2\u30d7\u30ea\u306e\u30a2\u30af\u30c6\u30a3\u30d3\u30c6\u30a3"", ""YouTube \u306e\u518d\u751f\u5c65\u6b74"", ""YouTube \u306e\u691c\u7d22\u5c65\u6b74""]",7:29 で再生済み,"[{""name"": ""Google \u5e83\u544a\u304b\u3089""}]",Erkende Verhuizers
YouTube,鈴木愛理 (from Buono!) - 初恋サイダー / THE FIRST TAKE を視聴しました,https://www.youtube.com/watch?v=cz6sVjhfDsI,"[{""name"": ""THE FIRST TAKE"", ""url"": ""https://www.youtube.com/channel/UC9zY_E8mcAo_Oq772LEZq8Q""}]",2026-01-27 06:23:22.179000,"[""YouTube""]","[""YouTube \u306e\u518d\u751f\u5c65\u6b74""]",,,THE FIRST TAKE
YouTube,https://www.youtube.com/watch?v=hc_h4embg5Y を視聴しました,https://www.youtube.com/watch?v=hc_h4embg5Y,,2026-01-27 04:48:35.062000,"[""YouTube""]","[""YouTube \u306e\u518d\u751f\u5c65\u6b74""]",,,error
YouTube,#1 6SixTONES を視聴しました,https://www.youtube.com/watch?v=8yFA_-g8ow8,"[{""name"": ""K"", ""url"": ""https://www.youtube.com/channel/UCTGbg-vP0vLXr6A4fbTdPrg""}]",2026-01-26 20:00:52.742000,"[""YouTube""]","[""YouTube \u306e\u518d\u751f\u5c65\u6b74""]",,,error
YouTube,1. Algorithms and Computation を視聴しました,https://www.youtube.com/watch?v=ZA-tUyM_y7s,"[{""name"": ""MIT OpenCourseWare"", ""url"": ""https://www.youtube.com/channel/UCEBb1b_L6zDS3xTUrIALZOw""}]",2026-01-26 18:33:43.673000,"[""YouTube""]","[""YouTube \u306e\u518d\u751f\u5c65\u6b74""]",,,MIT OpenCourseWare
YouTube,Big O Notation を視聴しました,https://www.youtube.com/watch?v=v4cd1O4zkGw,"[{""name"": ""HackerRank"", ""url"": ""https://www.youtube.com/channel/UCOf7UPMHBjAavgD0Qw5q5ww""}]",2026-01-26 18:23:53.524000,"[""YouTube""]","[""YouTube \u306e\u518d\u751f\u5c65\u6b74""]",,,HackerRank
YouTube,NL-NL | D7637 | Blank Again | Mix | Buyer | 16x9 | 6s | .mp4 を視聴しました,https://www.youtube.com/watch?v=80pZROy-SVU,,2026-01-26 18:23:47.100000,"[""YouTube""]","[""\u30a6\u30a7\u30d6\u3068\u30a2\u30d7\u30ea\u306e\u30a2\u30af\u30c6\u30a3\u30d3\u30c6\u30a3"", ""YouTube \u306e\u518d\u751f\u5c65\u6b74"", ""YouTube \u306e\u691c\u7d22\u5c65\u6b74""]","19:23 で再生済み
7:41 で再生済み
7:12 で再生済み","[{""name"": ""Google \u5e83\u544a\u304b\u3089""}]",Vinted
YouTube,NL - Mixa - Bumpers - 06 - Promo January 2026 を視聴しました,https://www.youtube.com/watch?v=bCRNSqG1kwg,,2026-01-26 18:23:39.999000,"[""YouTube""]","[""\u30a6\u30a7\u30d6\u3068\u30a2\u30d7\u30ea\u306e\u30a2\u30af\u30c6\u30a3\u30d3\u30c6\u30a3"", ""YouTube \u306e\u518d\u751f\u5c65\u6b74"", ""YouTube \u306e\u691c\u7d22\u5c65\u6b74""]",19:23 で再生済み,"[{""name"": ""Google \u5e83\u544a\u304b\u3089""}]",Mixa NL
YouTube,Algorithms: Recursion を視聴しました,https://www.youtube.com/watch?v=KEEKn7Me-ms,"[{""name"": ""HackerRank"", ""url"": ""https://www.youtube.com/channel/UCOf7UPMHBjAavgD0Qw5q5ww""}]",2026-01-26 18:17:52.230000,"[""YouTube""]","[""YouTube \u306e\u518d\u751f\u5c65\u6b74""]",,,HackerRank
YouTube,MNY | LIFTER GLAZE OIL BALM | NL | 6 SEC | SHAY MITCHELL を視聴しました,https://www.youtube.com/watch?v=IvC_OzKR-vI,,2026-01-26 18:17:41.830000,"[""YouTube""]","[""\u30a6\u30a7\u30d6\u3068\u30a2\u30d7\u30ea\u306e\u30a2\u30af\u30c6\u30a3\u30d3\u30c6\u30a3"", ""YouTube \u306e\u518d\u751f\u5c65\u6b74"", ""YouTube \u306e\u691c\u7d22\u5c65\u6b74""]",19:17 で再生済み,"[{""name"": ""Google \u5e83\u544a\u304b\u3089""}]",maybellinenl
YouTube,"Chio Heartbreakers, verleidelijk lekker を視聴しました",https://www.youtube.com/watch?v=v6oVI8tYIEQ,,2026-01-26 18:17:34.947000,"[""YouTube""]","[""\u30a6\u30a7\u30d6\u3068\u30a2\u30d7\u30ea\u306e\u30a2\u30af\u30c6\u30a3\u30d3\u30c6\u30a3"", ""YouTube \u306e\u518d\u751f\u5c65\u6b74"", ""YouTube \u306e\u691c\u7d22\u5c65\u6b74""]",19:17 で再生済み,"[{""name"": ""Google \u5e83\u544a\u304b\u3089""}]",Chio
YouTube,NL-NL | D7095 | MA-UAC1-VID-VO-UGC-BAF-HK | Women | Seller | 16x9 | 30s | .mp4 を視聴しました,https://www.youtube.com/watch?v=PlAYe4yHPNA,,2026-01-26 14:07:22.235000,"[""YouTube""]","[""\u30a6\u30a7\u30d6\u3068\u30a2\u30d7\u30ea\u306e\u30a2\u30af\u30c6\u30a3\u30d3\u30c6\u30a3"", ""YouTube \u306e\u518d\u751f\u5c65\u6b74"", ""YouTube \u306e\u691c\u7d22\u5c65\u6b74""]",15:07 で再生済み,"[{""name"": ""Google \u5e83\u544a\u304b\u3089""}]",Vinted
YouTube,ANWB 500EURO SQUARE 10s no URL VO を視聴しました,https://www.youtube.com/watch?v=DJTYa-mDHt8,,2026-01-26 14:07:06.316000,"[""YouTube""]","[""\u30a6\u30a7\u30d6\u3068\u30a2\u30d7\u30ea\u306e\u30a2\u30af\u30c6\u30a3\u30d3\u30c6\u30a3"", ""YouTube \u306e\u518d\u751f\u5c65\u6b74"", ""YouTube \u306e\u691c\u7d22\u5c65\u6b74""]","15:07 で再生済み
14:33 で再生済み","[{""name"": ""Google \u5e83\u544a\u304b\u3089""}]",ANWB Communicatie
YouTube,https://www.youtube.com/watch?v=6704J0hCfXQ を視聴しました,https://www.youtube.com/watch?v=6704J0hCfXQ,,2026-01-26 14:00:20.643000,"[""YouTube""]","[""\u30a6\u30a7\u30d6\u3068\u30a2\u30d7\u30ea\u306e\u30a2\u30af\u30c6\u30a3\u30d3\u30c6\u30a3"", ""YouTube \u306e\u518d\u751f\u5c65\u6b74"", ""YouTube \u306e\u691c\u7d22\u5c65\u6b74""]",15:00 で再生済み,"[{""name"": ""Google \u5e83\u544a\u304b\u3089""}]",error
YouTube,NL-NL | D7636 | Blank Again | Mix | Seller | 16x9 | 15s | .mp4 を視聴しました,https://www.youtube.com/watch?v=HJ-ZJEI1f-A,,2026-01-26 14:00:05.256000,"[""YouTube""]","[""\u30a6\u30a7\u30d6\u3068\u30a2\u30d7\u30ea\u306e\u30a2\u30af\u30c6\u30a3\u30d3\u30c6\u30a3"", ""YouTube \u306e\u518d\u751f\u5c65\u6b74"", ""YouTube \u306e\u691c\u7d22\u5c65\u6b74""]",15:00 で再生済み,"[{""name"": ""Google \u5e83\u544a\u304b\u3089""}]",Vinted
YouTube,【SixTONESANN】ガチヌー民松村北斗のライブ参戦日記【文字起こし】 を視聴しました,https://www.youtube.com/watch?v=QMCQuQ7pi1s,"[{""name"": ""\u306e\u5b50"", ""url"": ""https://www.youtube.com/channel/UCCR6YGmx5dx_jGt4QoY7S9g""}]",2026-01-26 13:49:26.265000,"[""YouTube""]","[""YouTube \u306e\u518d\u751f\u5c65\u6b74""]",,,の子
YouTube,Vakantie op Duinrell: ontdek het aanbod voor 2026 🐸☀️ を視聴しました,https://www.youtube.com/watch?v=_Y7CwRbA6g0,,2026-01-26 13:49:14.698000,"[""YouTube""]","[""\u30a6\u30a7\u30d6\u3068\u30a2\u30d7\u30ea\u306e\u30a2\u30af\u30c6\u30a3\u30d3\u30c6\u30a3"", ""YouTube \u306e\u518d\u751f\u5c65\u6b74"", ""YouTube \u306e\u691c\u7d22\u5c65\u6b74""]",14:49 で再生済み,"[{""name"": ""Google \u5e83\u544a\u304b\u3089""}]",Duinrell
YouTube,1080x1920 Sim Only 20GB voor 1 euro 15sec を視聴しました,https://www.youtube.com/watch?v=Zsx_tonvdNQ,,2026-01-26 13:48:54.002000,"[""YouTube""]","[""\u30a6\u30a7\u30d6\u3068\u30a2\u30d7\u30ea\u306e\u30a2\u30af\u30c6\u30a3\u30d3\u30c6\u30a3"", ""YouTube \u306e\u518d\u751f\u5c65\u6b74"", ""YouTube \u306e\u691c\u7d22\u5c65\u6b74""]",14:48 で再生済み,"[{""name"": ""Google \u5e83\u544a\u304b\u3089""}]",Simyo Nederland
YouTube,NL-NL | D7095 | MA-UAC1-VID-VO-UGC-BAF-HK | Women | Seller | 9x16 | 30s | .mp4 を視聴しました,https://www.youtube.com/watch?v=AlVCpfHhSLc,,2026-01-26 13:46:09.683000,"[""YouTube""]","[""\u30a6\u30a7\u30d6\u3068\u30a2\u30d7\u30ea\u306e\u30a2\u30af\u30c6\u30a3\u30d3\u30c6\u30a3"", ""YouTube \u306e\u518d\u751f\u5c65\u6b74"", ""YouTube \u306e\u691c\u7d22\u5c65\u6b74""]",14:46 で再生済み,"[{""name"": ""Google \u5e83\u544a\u304b\u3089""}]",Vinted
YouTube,FlexiTog EU BV - Bespaar 10% met EU10GA Code を視聴しました,https://www.youtube.com/watch?v=esLMG9R2XE0,,2026-01-26 13:38:04.674000,"[""YouTube""]","[""\u30a6\u30a7\u30d6\u3068\u30a2\u30d7\u30ea\u306e\u30a2\u30af\u30c6\u30a3\u30d3\u30c6\u30a3"", ""YouTube \u306e\u518d\u751f\u5c65\u6b74"", ""YouTube \u306e\u691c\u7d22\u5c65\u6b74""]",14:38 で再生済み,"[{""name"": ""Google \u5e83\u544a\u304b\u3089""}]",Video ad upload channel for 164-877-1529
YouTube,Vind jij een gouden hartje in je zak? Dan win je 10.000 euro! を視聴しました,https://www.youtube.com/watch?v=s3HkJwDJLXY,,2026-01-26 13:37:44.394000,"[""YouTube""]","[""\u30a6\u30a7\u30d6\u3068\u30a2\u30d7\u30ea\u306e\u30a2\u30af\u30c6\u30a3\u30d3\u30c6\u30a3"", ""YouTube \u306e\u518d\u751f\u5c65\u6b74"", ""YouTube \u306e\u691c\u7d22\u5c65\u6b74""]",14:37 で再生済み,"[{""name"": ""Google \u5e83\u544a\u304b\u3089""}]",Lay's Nederland
YouTube,KeepItSneaker を視聴しました,https://www.youtube.com/watch?v=NYPdSIpGK9U,,2026-01-26 13:33:16.965000,"[""YouTube""]","[""\u30a6\u30a7\u30d6\u3068\u30a2\u30d7\u30ea\u306e\u30a2\u30af\u30c6\u30a3\u30d3\u30c6\u30a3"", ""YouTube \u306e\u518d\u751f\u5c65\u6b74"", ""YouTube \u306e\u691c\u7d22\u5c65\u6b74""]",14:33 で再生済み,"[{""name"": ""Google \u5e83\u544a\u304b\u3089""}]",Video ad upload channel for 540-932-8688
YouTube,スピーチを全カットされた松村北斗のアカデミー賞での裏話【 SixTONESANN 】 を視聴しました,https://www.youtube.com/watch?v=3YTlxHJ3pWc,"[{""name"": ""\u306f\u3093\u3070\u30fc\u3050\u3010SixTONES \u6587\u5b57\u8d77\u3053\u3057\u3011"", ""url"": ""https://www.youtube.com/channel/UCOmVF4pM0GCnZZbXMSVczGw""}]",2026-01-26 13:27:30.009000,"[""YouTube""]","[""YouTube \u306e\u518d\u751f\u5c65\u6b74""]",,,はんばーぐ【SixTONES 文字起こし】
YouTube,NL-NL | D6412 | SA-UAC1-VO | Women | Seller | 16x9 | 15s | .mp4 を視聴しました,https://www.youtube.com/watch?v=EjL2UJimc4M,,2026-01-26 13:27:09.489000,"[""YouTube""]","[""\u30a6\u30a7\u30d6\u3068\u30a2\u30d7\u30ea\u306e\u30a2\u30af\u30c6\u30a3\u30d3\u30c6\u30a3"", ""YouTube \u306e\u518d\u751f\u5c65\u6b74"", ""YouTube \u306e\u691c\u7d22\u5c65\u6b74""]","14:27 で再生済み
10:52 で再生済み","[{""name"": ""Google \u5e83\u544a\u304b\u3089""}]",Vinted
YouTube,【SixTONES文字起こし】結婚は無理そうな髙地優吾と田中樹ww を視聴しました,https://www.youtube.com/watch?v=7NEddrXPgpI,"[{""name"": ""sixtones\u6587\u5b57\u304a\u8d8a\u3057"", ""url"": ""https://www.youtube.com/channel/UCefXFnRlvbZPvmz5frtC1jQ""}]",2026-01-26 13:19:25.246000,"[""YouTube""]","[""YouTube \u306e\u518d\u751f\u5c65\u6b74""]",,,sixtones文字お越し
YouTube,EuroParcs Zuiderzee を視聴しました,https://www.youtube.com/watch?v=4VLR6CorhiY,,2026-01-26 13:18:54.585000,"[""YouTube""]","[""\u30a6\u30a7\u30d6\u3068\u30a2\u30d7\u30ea\u306e\u30a2\u30af\u30c6\u30a3\u30d3\u30c6\u30a3"", ""YouTube \u306e\u518d\u751f\u5c65\u6b74"", ""YouTube \u306e\u691c\u7d22\u5c65\u6b74""]",14:18 で再生済み,"[{""name"": ""Google \u5e83\u544a\u304b\u3089""}]",EuroParcs Vakantieparken
YouTube,GoldRepublic | Web Flow を視聴しました,https://www.youtube.com/watch?v=KK6aFv7Z1kg,,2026-01-26 13:18:18.686000,"[""YouTube""]","[""\u30a6\u30a7\u30d6\u3068\u30a2\u30d7\u30ea\u306e\u30a2\u30af\u30c6\u30a3\u30d3\u30c6\u30a3"", ""YouTube \u306e\u518d\u751f\u5c65\u6b74"", ""YouTube \u306e\u691c\u7d22\u5c65\u6b74""]",14:18 で再生済み,"[{""name"": ""Google \u5e83\u544a\u304b\u3089""}]",GoldRepublic Global
YouTube,【SixTONES文字起こし】京本大我は成人式にいってない？田中樹に煽られる？！ を視聴しました,https://www.youtube.com/watch?v=JednJiyfmYY,"[{""name"": ""sixtones\u6587\u5b57\u304a\u8d8a\u3057"", ""url"": ""https://www.youtube.com/channel/UCefXFnRlvbZPvmz5frtC1jQ""}]",2026-01-26 13:05:41.020000,"[""YouTube""]","[""YouTube \u306e\u518d\u751f\u5c65\u6b74""]",,,sixtones文字お越し
YouTube,Japro 2026 - NL - dagdeal 4 を視聴しました,https://www.youtube.com/watch?v=GXWou8xjHic,,2026-01-26 13:05:33.887000,"[""YouTube""]","[""\u30a6\u30a7\u30d6\u3068\u30a2\u30d7\u30ea\u306e\u30a2\u30af\u30c6\u30a3\u30d3\u30c6\u30a3"", ""YouTube \u306e\u518d\u751f\u5c65\u6b74"", ""YouTube \u306e\u691c\u7d22\u5c65\u6b74""]",14:05 で再生済み,"[{""name"": ""Google \u5e83\u544a\u304b\u3089""}]",bol
YouTube,Shortened: en us language learning journey variants language selector vo 30s vid 1920x1080 12 13 202 を視聴しました,https://www.youtube.com/watch?v=1iZY-eGtX_o,,2026-01-26 13:05:25.998000,"[""YouTube""]","[""\u30a6\u30a7\u30d6\u3068\u30a2\u30d7\u30ea\u306e\u30a2\u30af\u30c6\u30a3\u30d3\u30c6\u30a3"", ""YouTube \u306e\u518d\u751f\u5c65\u6b74"", ""YouTube \u306e\u691c\u7d22\u5c65\u6b74""]",14:05 で再生済み,"[{""name"": ""Google \u5e83\u544a\u304b\u3089""}]",Video ad upload channel for 110-014-9090
YouTube,100% groene stroom tegen een scherp tarief を視聴しました,https://www.youtube.com/watch?v=J2nP1jBWi0U,,2026-01-26 09:46:57.793000,"[""YouTube""]","[""\u30a6\u30a7\u30d6\u3068\u30a2\u30d7\u30ea\u306e\u30a2\u30af\u30c6\u30a3\u30d3\u30c6\u30a3"", ""YouTube \u306e\u518d\u751f\u5c65\u6b74"", ""YouTube \u306e\u691c\u7d22\u5c65\u6b74""]",10:46 で再生済み,"[{""name"": ""Google \u5e83\u544a\u304b\u3089""}]",Greenchoice
YouTube,INH CARDS METALPLAN 416783 BENELUXTravel Benefits UGCxAI 16x9 6s A 1 NL NL Jun2025 を視聴しました,https://www.youtube.com/watch?v=qWok-Ncbhro,,2026-01-26 09:46:51.320000,"[""YouTube""]","[""\u30a6\u30a7\u30d6\u3068\u30a2\u30d7\u30ea\u306e\u30a2\u30af\u30c6\u30a3\u30d3\u30c6\u30a3"", ""YouTube \u306e\u518d\u751f\u5c65\u6b74"", ""YouTube \u306e\u691c\u7d22\u5c65\u6b74""]",10:46 で再生済み,"[{""name"": ""Google \u5e83\u544a\u304b\u3089""}]",Revolut
YouTube,SixTONES【俺たちに絆はあるのか!?inシンガポール】6周年記念㊗️超大型企画 を視聴しました,https://www.youtube.com/watch?v=RtDfRvCiBEo,"[{""name"": ""SixTONES"", ""url"": ""https://www.youtube.com/channel/UCwjAKjycHHT1QzHrQN5Stww""}]",2026-01-26 09:40:48.199000,"[""YouTube""]","[""YouTube \u306e\u518d\u751f\u5c65\u6b74""]",,,SixTONES
YouTube,Shortened: en us smec animated career variant subtitles vo 30s vid 1920x1080 12 13 2024 を視聴しました,https://www.youtube.com/watch?v=JttriFT-15I,,2026-01-26 09:40:39.310000,"[""YouTube""]","[""\u30a6\u30a7\u30d6\u3068\u30a2\u30d7\u30ea\u306e\u30a2\u30af\u30c6\u30a3\u30d3\u30c6\u30a3"", ""YouTube \u306e\u518d\u751f\u5c65\u6b74"", ""YouTube \u306e\u691c\u7d22\u5c65\u6b74""]",10:40 で再生済み,"[{""name"": ""Google \u5e83\u544a\u304b\u3089""}]",Video ad upload channel for 110-014-9090
YouTube,Red Bull Express Delivery NL 15sec 1920x1080 YouTube を視聴しました,https://www.youtube.com/watch?v=WrbBW0M9aio,,2026-01-26 09:40:23.740000,"[""YouTube""]","[""\u30a6\u30a7\u30d6\u3068\u30a2\u30d7\u30ea\u306e\u30a2\u30af\u30c6\u30a3\u30d3\u30c6\u30a3"", ""YouTube \u306e\u518d\u751f\u5c65\u6b74"", ""YouTube \u306e\u691c\u7d22\u5c65\u6b74""]",10:40 で再生済み,"[{""name"": ""Google \u5e83\u544a\u304b\u3089""}]",Red Bull Gives You Wiiings
YouTube,Women_ThemeF_16x9_Wellness_Move_15s_Video.mp4 を視聴しました,https://www.youtube.com/watch?v=_XhxSciTdnA,,2026-01-26 07:05:03.702000,"[""YouTube""]","[""\u30a6\u30a7\u30d6\u3068\u30a2\u30d7\u30ea\u306e\u30a2\u30af\u30c6\u30a3\u30d3\u30c6\u30a3"", ""YouTube \u306e\u518d\u751f\u5c65\u6b74"", ""YouTube \u306e\u691c\u7d22\u5c65\u6b74""]","8:05 で再生済み
6:48 で再生済み","[{""name"": ""Google \u5e83\u544a\u304b\u3089""}]",H&M
YouTube,LEGO Botanicals Bouw het met liefde を視聴しました,https://www.youtube.com/watch?v=2bmBkfarBd8,,2026-01-26 07:04:48.240000,"[""YouTube""]","[""\u30a6\u30a7\u30d6\u3068\u30a2\u30d7\u30ea\u306e\u30a2\u30af\u30c6\u30a3\u30d3\u30c6\u30a3"", ""YouTube \u306e\u518d\u751f\u5c65\u6b74"", ""YouTube \u306e\u691c\u7d22\u5c65\u6b74""]",8:04 で再生済み,"[{""name"": ""Google \u5e83\u544a\u304b\u3089""}]",The LEGO Group
YouTube,Pre-Order Trailer NL を視聴しました,https://www.youtube.com/watch?v=YueUBLvTDnQ,,2026-01-26 06:59:28.934000,"[""YouTube""]","[""\u30a6\u30a7\u30d6\u3068\u30a2\u30d7\u30ea\u306e\u30a2\u30af\u30c6\u30a3\u30d3\u30c6\u30a3"", ""YouTube \u306e\u518d\u751f\u5c65\u6b74"", ""YouTube \u306e\u691c\u7d22\u5c65\u6b74""]",7:59 で再生済み,"[{""name"": ""Google \u5e83\u544a\u304b\u3089""}]",Xbox International Trailers
YouTube,NL-NL | D7637 | Blank Again | Mix | Buyer | 16x9 | 15s | .mp4 を視聴しました,https://www.youtube.com/watch?v=ZrPcvQ8YETk,,2026-01-26 06:59:13.443000,"[""YouTube""]","[""\u30a6\u30a7\u30d6\u3068\u30a2\u30d7\u30ea\u306e\u30a2\u30af\u30c6\u30a3\u30d3\u30c6\u30a3"", ""YouTube \u306e\u518d\u751f\u5c65\u6b74"", ""YouTube \u306e\u691c\u7d22\u5c65\u6b74""]",7:59 で再生済み,"[{""name"": ""Google \u5e83\u544a\u304b\u3089""}]",Vinted
YouTube,Revolut NL ATL25 BrandAV Product FraudPrevention Security 15 Digital 16x9 を視聴しました,https://www.youtube.com/watch?v=LpWkj8sOef0,,2026-01-26 06:53:36.502000,"[""YouTube""]","[""\u30a6\u30a7\u30d6\u3068\u30a2\u30d7\u30ea\u306e\u30a2\u30af\u30c6\u30a3\u30d3\u30c6\u30a3"", ""YouTube \u306e\u518d\u751f\u5c65\u6b74"", ""YouTube \u306e\u691c\u7d22\u5c65\u6b74""]",7:53 で再生済み,"[{""name"": ""Google \u5e83\u544a\u304b\u3089""}]",Revolut
YouTube,2026Q1A platform val go awa fmg social video 02 logo horizontal 15sec some youtube を視聴しました,https://www.youtube.com/watch?v=RFh2UThQA6M,,2026-01-26 06:53:20.949000,"[""YouTube""]","[""\u30a6\u30a7\u30d6\u3068\u30a2\u30d7\u30ea\u306e\u30a2\u30af\u30c6\u30a3\u30d3\u30c6\u30a3"", ""YouTube \u306e\u518d\u751f\u5c65\u6b74"", ""YouTube \u306e\u691c\u7d22\u5c65\u6b74""]","7:53 で再生済み
7:18 で再生済み","[{""name"": ""Google \u5e83\u544a\u304b\u3089""}]",TheOfficialPandora
YouTube,Japro 2026 - NL - Gen-z deal 5 short を視聴しました,https://www.youtube.com/watch?v=SY-ikhje-2o,,2026-01-26 06:47:48.813000,"[""YouTube""]","[""\u30a6\u30a7\u30d6\u3068\u30a2\u30d7\u30ea\u306e\u30a2\u30af\u30c6\u30a3\u30d3\u30c6\u30a3"", ""YouTube \u306e\u518d\u751f\u5c65\u6b74"", ""YouTube \u306e\u691c\u7d22\u5c65\u6b74""]",7:47 で再生済み,"[{""name"": ""Google \u5e83\u544a\u304b\u3089""}]",bol
YouTube,Thuisbezorgd.nl を視聴しました,https://www.youtube.com/watch?v=Nb3ld1-yUtU,,2026-01-26 06:47:18.181000,"[""YouTube""]","[""\u30a6\u30a7\u30d6\u3068\u30a2\u30d7\u30ea\u306e\u30a2\u30af\u30c6\u30a3\u30d3\u30c6\u30a3"", ""YouTube \u306e\u518d\u751f\u5c65\u6b74"", ""YouTube \u306e\u691c\u7d22\u5c65\u6b74""]",7:47 で再生済み,"[{""name"": ""Google \u5e83\u544a\u304b\u3089""}]",Thuisbezorgd.nl - Online Eten Bestellen
YouTube,LEGO Botanicals_Bouw het met liefde を視聴しました,https://www.youtube.com/watch?v=H3DZRIjWbV0,,2026-01-26 06:41:52.388000,"[""YouTube""]","[""\u30a6\u30a7\u30d6\u3068\u30a2\u30d7\u30ea\u306e\u30a2\u30af\u30c6\u30a3\u30d3\u30c6\u30a3"", ""YouTube \u306e\u518d\u751f\u5c65\u6b74"", ""YouTube \u306e\u691c\u7d22\u5c65\u6b74""]",7:41 で再生済み,"[{""name"": ""Google \u5e83\u544a\u304b\u3089""}]",The LEGO Group
YouTube,Finally Taco Friday! を視聴しました,https://www.youtube.com/watch?v=JyOe-ypjGdY,,2026-01-26 06:36:24.045000,"[""YouTube""]","[""\u30a6\u30a7\u30d6\u3068\u30a2\u30d7\u30ea\u306e\u30a2\u30af\u30c6\u30a3\u30d3\u30c6\u30a3"", ""YouTube \u306e\u518d\u751f\u5c65\u6b74"", ""YouTube \u306e\u691c\u7d22\u5c65\u6b74""]",7:36 で再生済み,"[{""name"": ""Google \u5e83\u544a\u304b\u3089""}]",Santa Maria Benelux
YouTube,Marktplaats Reclame | Supersnel adverteren met onze AI-tool を視聴しました,https://www.youtube.com/watch?v=GyUCnI4KAOU,,2026-01-26 06:36:03.728000,"[""YouTube""]","[""\u30a6\u30a7\u30d6\u3068\u30a2\u30d7\u30ea\u306e\u30a2\u30af\u30c6\u30a3\u30d3\u30c6\u30a3"", ""YouTube \u306e\u518d\u751f\u5c65\u6b74"", ""YouTube \u306e\u691c\u7d22\u5c65\u6b74""]","7:36 で再生済み
6:59 で再生済み","[{""name"": ""Google \u5e83\u544a\u304b\u3089""}]",Marktplaats
YouTube,snickers eu football 1224 round table have you ever jose 20 16x9 guide v2 NL 200591 3 を視聴しました,https://www.youtube.com/watch?v=_AZYN7f0UZo,,2026-01-26 06:30:45.381000,"[""YouTube""]","[""\u30a6\u30a7\u30d6\u3068\u30a2\u30d7\u30ea\u306e\u30a2\u30af\u30c6\u30a3\u30d3\u30c6\u30a3"", ""YouTube \u306e\u518d\u751f\u5c65\u6b74"", ""YouTube \u306e\u691c\u7d22\u5c65\u6b74""]",7:30 で再生済み,"[{""name"": ""Google \u5e83\u544a\u304b\u3089""}]",Snickers Nederland
YouTube,Women_ThemeF_16x9_Wellness_Move_6s_Video.mp4 を視聴しました,https://www.youtube.com/watch?v=qt5UKNQQWzI,,2026-01-26 06:25:30.326000,"[""YouTube""]","[""\u30a6\u30a7\u30d6\u3068\u30a2\u30d7\u30ea\u306e\u30a2\u30af\u30c6\u30a3\u30d3\u30c6\u30a3"", ""YouTube \u306e\u518d\u751f\u5c65\u6b74"", ""YouTube \u306e\u691c\u7d22\u5c65\u6b74""]",7:25 で再生済み,"[{""name"": ""Google \u5e83\u544a\u304b\u3089""}]",H&M
YouTube,Thuisbezorgd.nl を視聴しました,https://www.youtube.com/watch?v=PeU3Xem9G6g,,2026-01-26 06:25:23.974000,"[""YouTube""]","[""\u30a6\u30a7\u30d6\u3068\u30a2\u30d7\u30ea\u306e\u30a2\u30af\u30c6\u30a3\u30d3\u30c6\u30a3"", ""YouTube \u306e\u518d\u751f\u5c65\u6b74"", ""YouTube \u306e\u691c\u7d22\u5c65\u6b74""]",7:25 で再生済み,"[{""name"": ""Google \u5e83\u544a\u304b\u3089""}]",Thuisbezorgd.nl - Online Eten Bestellen
YouTube,SixTONES【すとーんずのらじお】ライブ配信 from YouTube Space Tokyo を視聴しました,https://www.youtube.com/watch?v=6wUheTXfKnI,"[{""name"": ""\u30b8\u30e5\u30cb\u30a2CHANNEL"", ""url"": ""https://www.youtube.com/channel/UC1cHlPIE-kqiPvpyYz2O8rQ""}]",2026-01-26 06:19:04.708000,"[""YouTube""]","[""YouTube \u306e\u518d\u751f\u5c65\u6b74""]",,,ジュニアCHANNEL
YouTube,Zuyd Hogeschool - Open Dag 7 februari 2026 - Repeat - sarcastisch - Naomi を視聴しました,https://www.youtube.com/watch?v=JnNSBXIYdqU,,2026-01-26 06:18:54.286000,"[""YouTube""]","[""\u30a6\u30a7\u30d6\u3068\u30a2\u30d7\u30ea\u306e\u30a2\u30af\u30c6\u30a3\u30d3\u30c6\u30a3"", ""YouTube \u306e\u518d\u751f\u5c65\u6b74"", ""YouTube \u306e\u691c\u7d22\u5c65\u6b74""]",7:18 で再生済み,"[{""name"": ""Google \u5e83\u544a\u304b\u3089""}]",Zuyd Hogeschool
YouTube,Twix global 2025 TIMTO FIT 6s OLV 16x9 25fps  14lufs v1 NL 200638 31 を視聴しました,https://www.youtube.com/watch?v=lF4N0LxW-sw,,2026-01-26 06:12:44.330000,"[""YouTube""]","[""\u30a6\u30a7\u30d6\u3068\u30a2\u30d7\u30ea\u306e\u30a2\u30af\u30c6\u30a3\u30d3\u30c6\u30a3"", ""YouTube \u306e\u518d\u751f\u5c65\u6b74"", ""YouTube \u306e\u691c\u7d22\u5c65\u6b74""]",7:12 で再生済み,"[{""name"": ""Google \u5e83\u544a\u304b\u3089""}]",Twix Nederland
YouTube,Campina Dairy RER20M Online Audio YT を視聴しました,https://www.youtube.com/watch?v=-bZVFAA4FVk,,2026-01-26 06:06:55.609000,"[""YouTube""]","[""\u30a6\u30a7\u30d6\u3068\u30a2\u30d7\u30ea\u306e\u30a2\u30af\u30c6\u30a3\u30d3\u30c6\u30a3"", ""YouTube \u306e\u518d\u751f\u5c65\u6b74"", ""YouTube \u306e\u691c\u7d22\u5c65\u6b74""]",7:06 で再生済み,"[{""name"": ""Google \u5e83\u544a\u304b\u3089""}]",CampinaNL
YouTube,LANDAL SNEEUW 15SEC 20251126 Consideration 16x9 cashback を視聴しました,https://www.youtube.com/watch?v=3KKFnMPncxM,,2026-01-26 05:59:57.626000,"[""YouTube""]","[""\u30a6\u30a7\u30d6\u3068\u30a2\u30d7\u30ea\u306e\u30a2\u30af\u30c6\u30a3\u30d3\u30c6\u30a3"", ""YouTube \u306e\u518d\u751f\u5c65\u6b74"", ""YouTube \u306e\u691c\u7d22\u5c65\u6b74""]",6:59 で再生済み,"[{""name"": ""Google \u5e83\u544a\u304b\u3089""}]",Landal
YouTube,Bridgerton: Seizoen 4 | Netflix を視聴しました,https://www.youtube.com/watch?v=EEfXI48BAf0,,2026-01-26 05:54:09.909000,"[""YouTube""]","[""\u30a6\u30a7\u30d6\u3068\u30a2\u30d7\u30ea\u306e\u30a2\u30af\u30c6\u30a3\u30d3\u30c6\u30a3"", ""YouTube \u306e\u518d\u751f\u5c65\u6b74"", ""YouTube \u306e\u691c\u7d22\u5c65\u6b74""]",6:54 で再生済み,"[{""name"": ""Google \u5e83\u544a\u304b\u3089""}]",Netflix Nederland & België
YouTube,DIOR ADDICT THE NEW FRAGRANCES - JISOO を視聴しました,https://www.youtube.com/watch?v=Jkvj2XqVMNY,,2026-01-26 05:54:04.442000,"[""YouTube""]","[""\u30a6\u30a7\u30d6\u3068\u30a2\u30d7\u30ea\u306e\u30a2\u30af\u30c6\u30a3\u30d3\u30c6\u30a3"", ""YouTube \u306e\u518d\u751f\u5c65\u6b74"", ""YouTube \u306e\u691c\u7d22\u5c65\u6b74""]",6:54 で再生済み,"[{""name"": ""Google \u5e83\u544a\u304b\u3089""}]",Christian Dior
YouTube,Thuisbezorgd.nl を視聴しました,https://www.youtube.com/watch?v=EbZrw1KXgXY,,2026-01-26 05:47:54.815000,"[""YouTube""]","[""\u30a6\u30a7\u30d6\u3068\u30a2\u30d7\u30ea\u306e\u30a2\u30af\u30c6\u30a3\u30d3\u30c6\u30a3"", ""YouTube \u306e\u518d\u751f\u5c65\u6b74"", ""YouTube \u306e\u691c\u7d22\u5c65\u6b74""]",6:47 で再生済み,"[{""name"": ""Google \u5e83\u544a\u304b\u3089""}]",Thuisbezorgd.nl - Online Eten Bestellen
YouTube,mms global 2025 fun together taste minis 16x9 olv 15s guide NL v2 200873 8 を視聴しました,https://www.youtube.com/watch?v=oLiZSFpiu38,,2026-01-26 05:41:44.679000,"[""YouTube""]","[""\u30a6\u30a7\u30d6\u3068\u30a2\u30d7\u30ea\u306e\u30a2\u30af\u30c6\u30a3\u30d3\u30c6\u30a3"", ""YouTube \u306e\u518d\u751f\u5c65\u6b74"", ""YouTube \u306e\u691c\u7d22\u5c65\u6b74""]",6:41 で再生済み,"[{""name"": ""Google \u5e83\u544a\u304b\u3089""}]",M&M'S Nederland
YouTube,Japro 2026 - NL - Gen-z deal 5 を視聴しました,https://www.youtube.com/watch?v=wTowhlxiHvo,,2026-01-26 05:36:23.243000,"[""YouTube""]","[""\u30a6\u30a7\u30d6\u3068\u30a2\u30d7\u30ea\u306e\u30a2\u30af\u30c6\u30a3\u30d3\u30c6\u30a3"", ""YouTube \u306e\u518d\u751f\u5c65\u6b74"", ""YouTube \u306e\u691c\u7d22\u5c65\u6b74""]",6:36 で再生済み,"[{""name"": ""Google \u5e83\u544a\u304b\u3089""}]",bol
YouTube,January_Pegasus 41 W_NL_2026_1920x1080_Smartly を視聴しました,https://www.youtube.com/watch?v=dzWoueFQBfM,,2026-01-26 05:36:12.705000,"[""YouTube""]","[""\u30a6\u30a7\u30d6\u3068\u30a2\u30d7\u30ea\u306e\u30a2\u30af\u30c6\u30a3\u30d3\u30c6\u30a3"", ""YouTube \u306e\u518d\u751f\u5c65\u6b74"", ""YouTube \u306e\u691c\u7d22\u5c65\u6b74""]",6:36 で再生済み,"[{""name"": ""Google \u5e83\u544a\u304b\u3089""}]",Nike
YouTube,NL-NL | D7637 | Blank Again | Mix | Buyer | 16x9 | 10s | .mp4 を視聴しました,https://www.youtube.com/watch?v=9A2xhQoZIZg,,2026-01-26 05:31:14.476000,"[""YouTube""]","[""\u30a6\u30a7\u30d6\u3068\u30a2\u30d7\u30ea\u306e\u30a2\u30af\u30c6\u30a3\u30d3\u30c6\u30a3"", ""YouTube \u306e\u518d\u751f\u5c65\u6b74"", ""YouTube \u306e\u691c\u7d22\u5c65\u6b74""]",6:31 で再生済み,"[{""name"": ""Google \u5e83\u544a\u304b\u3089""}]",Vinted
YouTube,Libresse Menstruatieondergoed を視聴しました,https://www.youtube.com/watch?v=NpBlyAsDYNg,,2026-01-26 05:31:03.770000,"[""YouTube""]","[""\u30a6\u30a7\u30d6\u3068\u30a2\u30d7\u30ea\u306e\u30a2\u30af\u30c6\u30a3\u30d3\u30c6\u30a3"", ""YouTube \u306e\u518d\u751f\u5c65\u6b74"", ""YouTube \u306e\u691c\u7d22\u5c65\u6b74""]",6:31 で再生済み,"[{""name"": ""Google \u5e83\u544a\u304b\u3089""}]",LibresseNL
YouTube,mms global 2025 fun together jump scare peanut us singles 16x9 olv 15 guide NL v2 200873 8 を視聴しました,https://www.youtube.com/watch?v=7NoT3NSYGOs,,2026-01-26 05:24:13.548000,"[""YouTube""]","[""\u30a6\u30a7\u30d6\u3068\u30a2\u30d7\u30ea\u306e\u30a2\u30af\u30c6\u30a3\u30d3\u30c6\u30a3"", ""YouTube \u306e\u518d\u751f\u5c65\u6b74"", ""YouTube \u306e\u691c\u7d22\u5c65\u6b74""]",6:24 で再生済み,"[{""name"": ""Google \u5e83\u544a\u304b\u3089""}]",M&M'S Nederland
YouTube,DIOR ADDICT THE NEW FRAGRANCES - WILLOW を視聴しました,https://www.youtube.com/watch?v=peH-kOfbbS8,,2026-01-26 05:24:07.395000,"[""YouTube""]","[""\u30a6\u30a7\u30d6\u3068\u30a2\u30d7\u30ea\u306e\u30a2\u30af\u30c6\u30a3\u30d3\u30c6\u30a3"", ""YouTube \u306e\u518d\u751f\u5c65\u6b74"", ""YouTube \u306e\u691c\u7d22\u5c65\u6b74""]",6:24 で再生済み,"[{""name"": ""Google \u5e83\u544a\u304b\u3089""}]",Christian Dior
YouTube,映画『ほどなく、お別れです』【2月6日公開】～ほどなく、お別れです篇～　#shorts を視聴しました,https://www.youtube.com/watch?v=1MOT00xvvpU,"[{""name"": ""\u6771\u5b9dMOVIE\u30c1\u30e3\u30f3\u30cd\u30eb"", ""url"": ""https://www.youtube.com/channel/UCTDMT3aL30noTVFgNPA9XtQ""}]",2026-01-25 23:46:45.500000,"[""YouTube""]","[""YouTube \u306e\u518d\u751f\u5c65\u6b74""]",,,東宝MOVIEチャンネル
YouTube,犬の距離感。突き刺さりそうな「鼻」#犬 #距離感 を視聴しました,https://www.youtube.com/watch?v=VmzTibSc8Xg,"[{""name"": ""\u3059\u3057\u3089\u30fc\u3081\u3093\u300a\u306b\u304f\u300b\u21902nd"", ""url"": ""https://www.youtube.com/channel/UC78zfX-wGho3o6MrrnzLzMw""}]",2026-01-25 23:31:41.228000,"[""YouTube""]","[""YouTube \u306e\u518d\u751f\u5c65\u6b74""]",,,すしらーめん《にく》←2nd
YouTube,【コラボ🌹】anoさんと✨ #ぷりきゅきゅ #真鍋凪咲 #板倉可奈 #佐野愛花 #CUTIESTREET を視聴しました,https://www.youtube.com/watch?v=c7sn59TESXo,"[{""name"": ""CUTIE STREET"", ""url"": ""https://www.youtube.com/channel/UCEz-AFAg3EUKsxraad1puQA""}]",2026-01-25 23:31:39.601000,"[""YouTube""]","[""YouTube \u306e\u518d\u751f\u5c65\u6b74""]",,,CUTIE STREET
YouTube,【金曜日のハグ】角煮ネキ(手に何か持ってる)と、お料理が苦手なボブ🩵💛#ハグ #MORESTAR #もあすた を視聴しました,https://www.youtube.com/watch?v=CWRH__mC55U,"[{""name"": ""MORE STAR"", ""url"": ""https://www.youtube.com/channel/UCBkLxz038AbxBA8CMw6o9oA""}]",2026-01-25 23:31:35.900000,"[""YouTube""]","[""YouTube \u306e\u518d\u751f\u5c65\u6b74""]",,,MORE STAR
YouTube,https://www.youtube.com/watch?v=bdtnLJSpZz0 を視聴しました,https://www.youtube.com/watch?v=bdtnLJSpZz0,,2026-01-25 23:31:34.643000,"[""YouTube""]","[""YouTube \u306e\u518d\u751f\u5c65\u6b74""]",,,SixTONES
YouTube,YOUR006_MTVWT_1920x1080_VIDEO 1_FINAL.mp4 を視聴しました,https://www.youtube.com/watch?v=Ww49VDNqw9k,,2026-01-25 23:29:53.032000,"[""YouTube""]","[""\u30a6\u30a7\u30d6\u3068\u30a2\u30d7\u30ea\u306e\u30a2\u30af\u30c6\u30a3\u30d3\u30c6\u30a3"", ""YouTube \u306e\u518d\u751f\u5c65\u6b74"", ""YouTube \u306e\u691c\u7d22\u5c65\u6b74""]",0:29 で再生済み,"[{""name"": ""Google \u5e83\u544a\u304b\u3089""}]",YourhostingNL
YouTube,SixTONESのオールナイトニッポンサタデースペシャル  2026.01.24 を視聴しました,https://www.youtube.com/watch?v=hqZICtrnwyM,"[{""name"": ""Sun Radio"", ""url"": ""https://www.youtube.com/channel/UCq88duEk46tPjlkDIIq4A3g""}]",2026-01-24 14:33:35.189000,"[""YouTube""]","[""YouTube \u306e\u518d\u751f\u5c65\u6b74""]",,,Sun Radio
YouTube,"Nintendo Switch 2 - Samen, waar en wanneer je maar wilt を視聴しました",https://www.youtube.com/watch?v=8HDrZQO-CI0,,2026-01-24 14:33:23.003000,"[""YouTube""]","[""\u30a6\u30a7\u30d6\u3068\u30a2\u30d7\u30ea\u306e\u30a2\u30af\u30c6\u30a3\u30d3\u30c6\u30a3"", ""YouTube \u306e\u518d\u751f\u5c65\u6b74"", ""YouTube \u306e\u691c\u7d22\u5c65\u6b74""]",15:33 で再生済み,"[{""name"": ""Google \u5e83\u544a\u304b\u3089""}]",Nintendo Nederland
YouTube,Het zijn de Doei-doei-dagen bij Transavia Holidays を視聴しました,https://www.youtube.com/watch?v=MIu6c526_0k,,2026-01-24 14:33:07.261000,"[""YouTube""]","[""\u30a6\u30a7\u30d6\u3068\u30a2\u30d7\u30ea\u306e\u30a2\u30af\u30c6\u30a3\u30d3\u30c6\u30a3"", ""YouTube \u306e\u518d\u751f\u5c65\u6b74"", ""YouTube \u306e\u691c\u7d22\u5c65\u6b74""]",15:33 で再生済み,"[{""name"": ""Google \u5e83\u544a\u304b\u3089""}]",Transavia
YouTube,YUFE Induction Course を視聴しました,https://www.youtube.com/watch?v=iR0QU67p1Zo,"[{""name"": ""YUFE Alliance"", ""url"": ""https://www.youtube.com/channel/UCmjJexj_ruvhCGD89o1sJfQ""}]",2026-01-23 19:02:38.621000,"[""YouTube""]","[""YouTube \u306e\u518d\u751f\u5c65\u6b74""]",,,YUFE Alliance
YouTube,"超大作のため...アップが遅れております💦
申し訳ございません🙇
急ぎ、編集作業行っておりますので
もう少々お待ちください。 を表示しました",https://www.youtube.com/post/UgkxOTMNROq2GSwdP0NQWsSdlDM1zK0fcuRC,"[{""name"": ""SixTONES"", ""url"": ""https://www.youtube.com/channel/UCwjAKjycHHT1QzHrQN5Stww""}]",2026-01-23 13:37:08.737000,"[""YouTube""]","[""YouTube \u306e\u518d\u751f\u5c65\u6b74""]",,,error
YouTube,SixTONES official【俺たちに絆はあるのか!?inシンガポール】6周年記念㊗️超大型企画 を視聴しました,https://www.youtube.com/watch?v=StvE1Pz9qRM,"[{""name"": ""SixTONES"", ""url"": ""https://www.youtube.com/channel/UCwjAKjycHHT1QzHrQN5Stww""}]",2026-01-23 06:46:15.222000,"[""YouTube""]","[""YouTube \u306e\u518d\u751f\u5c65\u6b74""]",,,SixTONES
YouTube,GoldenSixTONES を視聴しました,https://www.youtube.com/watch?v=Y8ezkgRildE,"[{""name"": ""K"", ""url"": ""https://www.youtube.com/channel/UCTGbg-vP0vLXr6A4fbTdPrg""}]",2026-01-22 13:26:19.418000,"[""YouTube""]","[""YouTube \u306e\u518d\u751f\u5c65\u6b74""]",,,error
YouTube,SixTONES【㊗️デビュー“6”周年‼️㊗️】本日デビュー6周年＆ベストアルバム「MILESixTONES -Best Tracks-」発売記念✨️ を視聴しました,https://www.youtube.com/watch?v=svCsQJJqkvQ,"[{""name"": ""SixTONES"", ""url"": ""https://www.youtube.com/channel/UCwjAKjycHHT1QzHrQN5Stww""}]",2026-01-22 10:57:35.682000,"[""YouTube""]","[""YouTube \u306e\u518d\u751f\u5c65\u6b74""]",,,SixTONES
YouTube,Woonsquare Inruildagen を視聴しました,https://www.youtube.com/watch?v=e58qWMW6v_w,,2026-01-22 10:57:17.048000,"[""YouTube""]","[""\u30a6\u30a7\u30d6\u3068\u30a2\u30d7\u30ea\u306e\u30a2\u30af\u30c6\u30a3\u30d3\u30c6\u30a3"", ""YouTube \u306e\u518d\u751f\u5c65\u6b74"", ""YouTube \u306e\u691c\u7d22\u5c65\u6b74""]",11:57 で再生済み,"[{""name"": ""Google \u5e83\u544a\u304b\u3089""}]",Woonsquare
YouTube,ショート動画作成ツールを使用しました,,,2026-01-21 11:10:55.149000,"[""YouTube""]","[""YouTube \u306e\u518d\u751f\u5c65\u6b74""]",,,error
YouTube,25-26 カウンコ を視聴しました,https://www.youtube.com/watch?v=Mmxe1TnVocw,"[{""name"": ""K"", ""url"": ""https://www.youtube.com/channel/UCTGbg-vP0vLXr6A4fbTdPrg""}]",2026-01-21 07:15:10.220000,"[""YouTube""]","[""YouTube \u306e\u518d\u751f\u5c65\u6b74""]",,,error
YouTube,ショート動画作成ツールを使用しました,,,2026-01-19 18:59:28.710000,"[""YouTube""]","[""YouTube \u306e\u518d\u751f\u5c65\u6b74""]",,,error
YouTube,【SixTONES『一秒』】この冬、ミラノで戦う選手へ届ける想い｜日本テレビ系2026アスリート応援ソング を視聴しました,https://www.youtube.com/watch?v=2kW7bwRgkNU,"[{""name"": ""\u65e5\u30c6\u30ec\u30b9\u30dd\u30fc\u30c4\u3010\u516c\u5f0f\u3011"", ""url"": ""https://www.youtube.com/channel/UCWt0yfrBaUk148rxaOp4b4w""}]",2026-01-19 14:58:27.838000,"[""YouTube""]","[""YouTube \u306e\u518d\u751f\u5c65\u6b74""]",,,日テレスポーツ【公式】
YouTube,Zuyd Hogeschool - Open Dag 7 februari 2026 - Waarom je niet naar een open dag moet gaan を視聴しました,https://www.youtube.com/watch?v=59Ywow9qvaQ,,2026-01-19 01:03:30.701000,"[""YouTube""]","[""\u30a6\u30a7\u30d6\u3068\u30a2\u30d7\u30ea\u306e\u30a2\u30af\u30c6\u30a3\u30d3\u30c6\u30a3"", ""YouTube \u306e\u518d\u751f\u5c65\u6b74"", ""YouTube \u306e\u691c\u7d22\u5c65\u6b74""]",2:03 で再生済み,"[{""name"": ""Google \u5e83\u544a\u304b\u3089""}]",Zuyd Hogeschool
YouTube,Laptops W16 2025 Snelle beelden Laptops NL を視聴しました,https://www.youtube.com/watch?v=SjJMPA48JFQ,,2026-01-19 01:03:15.480000,"[""YouTube""]","[""\u30a6\u30a7\u30d6\u3068\u30a2\u30d7\u30ea\u306e\u30a2\u30af\u30c6\u30a3\u30d3\u30c6\u30a3"", ""YouTube \u306e\u518d\u751f\u5c65\u6b74"", ""YouTube \u306e\u691c\u7d22\u5c65\u6b74""]",2:03 で再生済み,"[{""name"": ""Google \u5e83\u544a\u304b\u3089""}]",Coolblue Advertising
YouTube,Secret Room 6s 16x9 NL を視聴しました,https://www.youtube.com/watch?v=dBmOJ1OI6mU,,2026-01-19 00:45:38.036000,"[""YouTube""]","[""\u30a6\u30a7\u30d6\u3068\u30a2\u30d7\u30ea\u306e\u30a2\u30af\u30c6\u30a3\u30d3\u30c6\u30a3"", ""YouTube \u306e\u518d\u751f\u5c65\u6b74"", ""YouTube \u306e\u691c\u7d22\u5c65\u6b74""]",1:45 で再生済み,"[{""name"": ""Google \u5e83\u544a\u304b\u3089""}]",BookBeat Nederland
YouTube,Revolut NL ATL25 BrandAV Product Analytics Oversight 15 Digital 16x9 を視聴しました,https://www.youtube.com/watch?v=GpJP8pj7HH4,,2026-01-19 00:28:16.613000,"[""YouTube""]","[""\u30a6\u30a7\u30d6\u3068\u30a2\u30d7\u30ea\u306e\u30a2\u30af\u30c6\u30a3\u30d3\u30c6\u30a3"", ""YouTube \u306e\u518d\u751f\u5c65\u6b74"", ""YouTube \u306e\u691c\u7d22\u5c65\u6b74""]",1:28 で再生済み,"[{""name"": ""Google \u5e83\u544a\u304b\u3089""}]",Revolut
YouTube,NL-NL | D7636 | Blank Again | Mix | Seller | 16x9 | 15s | .mp4 を視聴しました,https://www.youtube.com/watch?v=HJ-ZJEI1f-A,,2026-01-19 00:16:20.303000,"[""YouTube""]","[""\u30a6\u30a7\u30d6\u3068\u30a2\u30d7\u30ea\u306e\u30a2\u30af\u30c6\u30a3\u30d3\u30c6\u30a3"", ""YouTube \u306e\u518d\u751f\u5c65\u6b74"", ""YouTube \u306e\u691c\u7d22\u5c65\u6b74""]",1:16 で再生済み,"[{""name"": ""Google \u5e83\u544a\u304b\u3089""}]",Vinted
YouTube,TROUWRINGENVOORDEEL PROMO FILMPJE goed 5 を視聴しました,https://www.youtube.com/watch?v=Yf5nvCxhGLI,,2026-01-19 00:02:09.652000,"[""YouTube""]","[""\u30a6\u30a7\u30d6\u3068\u30a2\u30d7\u30ea\u306e\u30a2\u30af\u30c6\u30a3\u30d3\u30c6\u30a3"", ""YouTube \u306e\u518d\u751f\u5c65\u6b74"", ""YouTube \u306e\u691c\u7d22\u5c65\u6b74""]",1:02 で再生済み,"[{""name"": ""Google \u5e83\u544a\u304b\u3089""}]",Trouwringenvoordeel.nl Trouwringen Juwelier Almelo
YouTube,Gijba Autolease. Zakelijke autolease zonder B K R. Wij beoordelen uw aanvraag op mogelijkheden. を視聴しました,https://www.youtube.com/watch?v=HXYRyXSF1v8,,2026-01-18 23:53:37.454000,"[""YouTube""]","[""\u30a6\u30a7\u30d6\u3068\u30a2\u30d7\u30ea\u306e\u30a2\u30af\u30c6\u30a3\u30d3\u30c6\u30a3"", ""YouTube \u306e\u518d\u751f\u5c65\u6b74"", ""YouTube \u306e\u691c\u7d22\u5c65\u6b74""]",0:53 で再生済み,"[{""name"": ""Google \u5e83\u544a\u304b\u3089""}]",Video ad upload channel for 529-855-5241
YouTube,00830 EN 1609 FPL Claudie Summer Playing with app on black piano Feels impossible  Shorter を視聴しました,https://www.youtube.com/watch?v=xKBcJ0GHU5Q,,2026-01-18 23:48:08.732000,"[""YouTube""]","[""\u30a6\u30a7\u30d6\u3068\u30a2\u30d7\u30ea\u306e\u30a2\u30af\u30c6\u30a3\u30d3\u30c6\u30a3"", ""YouTube \u306e\u518d\u751f\u5c65\u6b74"", ""YouTube \u306e\u691c\u7d22\u5c65\u6b74""]",0:48 で再生済み,"[{""name"": ""Google \u5e83\u544a\u304b\u3089""}]",flowkey – Learn piano
YouTube,SixTONESのオールナイトニッポン0 ラジオチャリティーミュージックソンSP 2021.12.25 03:00～05:00【京本大我】 を視聴しました,https://www.youtube.com/watch?v=LVqjeX_h9_o,"[{""name"": ""\u73e0\u674e"", ""url"": ""https://www.youtube.com/channel/UCKJW7iHvroS-aA-OCwrz8JQ""}]",2026-01-18 23:41:28.182000,"[""YouTube""]","[""YouTube \u306e\u518d\u751f\u5c65\u6b74""]",,,珠李
YouTube,CashbackXL 2025 を視聴しました,https://www.youtube.com/watch?v=KmMGuWXD73o,,2026-01-18 23:41:12.003000,"[""YouTube""]","[""\u30a6\u30a7\u30d6\u3068\u30a2\u30d7\u30ea\u306e\u30a2\u30af\u30c6\u30a3\u30d3\u30c6\u30a3"", ""YouTube \u306e\u518d\u751f\u5c65\u6b74"", ""YouTube \u306e\u691c\u7d22\u5c65\u6b74""]",0:41 で再生済み,"[{""name"": ""Google \u5e83\u544a\u304b\u3089""}]",Cashback XL
YouTube,【MV】CUTIE STREET「ちきゅーめいくあっぷ計画」 を視聴しました,https://www.youtube.com/watch?v=nB2qTzs2HTk,"[{""name"": ""KAWAII LAB."", ""url"": ""https://www.youtube.com/channel/UCW8Q9LBGGBgK6a-u0C0h95A""}]",2026-01-18 11:25:58.372000,"[""YouTube""]","[""YouTube \u306e\u518d\u751f\u5c65\u6b74""]",,,KAWAII LAB.
YouTube,【LIVE映像】CUTIE STREET『解』📍ぴあアリーナMM(2025/10/13) を視聴しました,https://www.youtube.com/watch?v=ovBxsHiob2E,"[{""name"": ""CUTIE STREET"", ""url"": ""https://www.youtube.com/channel/UCEz-AFAg3EUKsxraad1puQA""}]",2026-01-18 11:22:46.885000,"[""YouTube""]","[""YouTube \u306e\u518d\u751f\u5c65\u6b74""]",,,CUTIE STREET
YouTube,INH CARDS STDPLAN 420643 PurpleandwhiteABtest UGC 16x9 6s A 1 NL NL Jul2025 を視聴しました,https://www.youtube.com/watch?v=IzZkAdP7Gns,,2026-01-18 11:22:39.659000,"[""YouTube""]","[""\u30a6\u30a7\u30d6\u3068\u30a2\u30d7\u30ea\u306e\u30a2\u30af\u30c6\u30a3\u30d3\u30c6\u30a3"", ""YouTube \u306e\u518d\u751f\u5c65\u6b74"", ""YouTube \u306e\u691c\u7d22\u5c65\u6b74""]",12:22 で再生済み,"[{""name"": ""Google \u5e83\u544a\u304b\u3089""}]",Revolut
YouTube,Shortened: en us language learning journey variants language selector novo 30s vid 1080x1920 12 13 2 を視聴しました,https://www.youtube.com/watch?v=ZUj68p1zDvw,,2026-01-18 11:22:33.049000,"[""YouTube""]","[""\u30a6\u30a7\u30d6\u3068\u30a2\u30d7\u30ea\u306e\u30a2\u30af\u30c6\u30a3\u30d3\u30c6\u30a3"", ""YouTube \u306e\u518d\u751f\u5c65\u6b74"", ""YouTube \u306e\u691c\u7d22\u5c65\u6b74""]",12:22 で再生済み,"[{""name"": ""Google \u5e83\u544a\u304b\u3089""}]",Video ad upload channel for 110-014-9090
YouTube,https://www.drmartens.com/nl/nl/unisex/buzz/c/08470000?gad_source=2&gad_campaignid=23454279075&wbraid={wbraid} にアクセスしました,https://www.google.com/url?q=https://www.drmartens.com/nl/nl/unisex/buzz/c/08470000%3Fgad_source%3D2%26gad_campaignid%3D23454279075%26wbraid%3D%7Bwbraid%7D&usg=AOvVaw1RCipflLeX4RyxQ-dTsa1J,,2026-01-17 22:02:01.357000,"[""YouTube""]","[""\u30a6\u30a7\u30d6\u3068\u30a2\u30d7\u30ea\u306e\u30a2\u30af\u30c6\u30a3\u30d3\u30c6\u30a3"", ""YouTube \u306e\u518d\u751f\u5c65\u6b74"", ""YouTube \u306e\u691c\u7d22\u5c65\u6b74""]",,"[{""name"": ""Google \u5e83\u544a\u304b\u3089""}]",error
YouTube,-おまけ-【本編未公開】それぞれの赤外線通信で…優しいこーち を視聴しました,https://www.youtube.com/watch?v=gORfbrS4ZKk,"[{""name"": ""SixTONES"", ""url"": ""https://www.youtube.com/channel/UCwjAKjycHHT1QzHrQN5Stww""}]",2026-01-17 20:28:27.976000,"[""YouTube""]","[""YouTube \u306e\u518d\u751f\u5c65\u6b74""]",,,SixTONES
YouTube,SixTONES oﬃcial【未公開カット集】メンバーの自撮りを大公開！ を視聴しました,https://www.youtube.com/watch?v=bPKCNRJNzRg,"[{""name"": ""SixTONES"", ""url"": ""https://www.youtube.com/channel/UCwjAKjycHHT1QzHrQN5Stww""}]",2026-01-17 20:27:18.406000,"[""YouTube""]","[""YouTube \u306e\u518d\u751f\u5c65\u6b74""]",,,SixTONES
YouTube,YouTube のトップページで広告を視聴しました,,,2026-01-17 17:22:34.100000,"[""YouTube""]","[""\u30a6\u30a7\u30d6\u3068\u30a2\u30d7\u30ea\u306e\u30a2\u30af\u30c6\u30a3\u30d3\u30c6\u30a3"", ""YouTube \u306e\u518d\u751f\u5c65\u6b74""]",,"[{""name"": ""Google \u5e83\u544a\u304b\u3089""}]",error
YouTube,TENBLANK – 永遠前夜 / Forever Eve [Official Music Video] を視聴しました,https://www.youtube.com/watch?v=wMuDsubGMXE,"[{""name"": ""\u4f50\u85e4 \u5065 / Satoh Takeru"", ""url"": ""https://www.youtube.com/channel/UC3BSzbgMn2vLYS4Dp_i-bow""}]",2026-01-17 17:17:56.253000,"[""YouTube""]","[""YouTube \u306e\u518d\u751f\u5c65\u6b74""]",,,佐藤 健 / Satoh Takeru
YouTube,Revolut NL ATL25 BrandAV Brand 15 Digital 16x9 を視聴しました,https://www.youtube.com/watch?v=syUq1YCbbqM,,2026-01-17 17:17:45.291000,"[""YouTube""]","[""\u30a6\u30a7\u30d6\u3068\u30a2\u30d7\u30ea\u306e\u30a2\u30af\u30c6\u30a3\u30d3\u30c6\u30a3"", ""YouTube \u306e\u518d\u751f\u5c65\u6b74"", ""YouTube \u306e\u691c\u7d22\u5c65\u6b74""]",18:17 で再生済み,"[{""name"": ""Google \u5e83\u544a\u304b\u3089""}]",Revolut
YouTube,TENBLANK – Glass Heart [Official Music Video] を視聴しました,https://www.youtube.com/watch?v=imKsmnBqrWk,"[{""name"": ""\u4f50\u85e4 \u5065 / Satoh Takeru"", ""url"": ""https://www.youtube.com/channel/UC3BSzbgMn2vLYS4Dp_i-bow""}]",2026-01-17 17:12:59.874000,"[""YouTube""]","[""YouTube \u306e\u518d\u751f\u5c65\u6b74""]",,,佐藤 健 / Satoh Takeru
YouTube,TENBLANK – 旋律と結晶 / Crystalline Echo [Official Music Video] を視聴しました,https://www.youtube.com/watch?v=zKEfFHjwNA8,"[{""name"": ""\u4f50\u85e4 \u5065 / Satoh Takeru"", ""url"": ""https://www.youtube.com/channel/UC3BSzbgMn2vLYS4Dp_i-bow""}]",2026-01-17 17:11:20.898000,"[""YouTube""]","[""YouTube \u306e\u518d\u751f\u5c65\u6b74""]",,,佐藤 健 / Satoh Takeru
YouTube,Otrivin fijne nevel-spray maakt je verstopte neus vrij binnen 2 min en tot 12u lang. を視聴しました,https://www.youtube.com/watch?v=KrlblWUHFaU,,2026-01-17 17:11:04.984000,"[""YouTube""]","[""\u30a6\u30a7\u30d6\u3068\u30a2\u30d7\u30ea\u306e\u30a2\u30af\u30c6\u30a3\u30d3\u30c6\u30a3"", ""YouTube \u306e\u518d\u751f\u5c65\u6b74"", ""YouTube \u306e\u691c\u7d22\u5c65\u6b74""]",18:11 で再生済み,"[{""name"": ""Google \u5e83\u544a\u304b\u3089""}]",Otrivin NL
YouTube,Marktplaats Reclame | Supersnel adverteren met onze AI-tool を視聴しました,https://www.youtube.com/watch?v=wuOdp4HeYrQ,,2026-01-17 17:10:58.445000,"[""YouTube""]","[""\u30a6\u30a7\u30d6\u3068\u30a2\u30d7\u30ea\u306e\u30a2\u30af\u30c6\u30a3\u30d3\u30c6\u30a3"", ""YouTube \u306e\u518d\u751f\u5c65\u6b74"", ""YouTube \u306e\u691c\u7d22\u5c65\u6b74""]",18:10 で再生済み,"[{""name"": ""Google \u5e83\u544a\u304b\u3089""}]",Marktplaats
YouTube,Official髭男dism - Pretender［Official Video］ を視聴しました,https://www.youtube.com/watch?v=TQ8WlA2GXbk,"[{""name"": ""Official\u9aed\u7537dism"", ""url"": ""https://www.youtube.com/channel/UC3vg17IZ1IV73xx069jG44w""}]",2026-01-17 17:10:52.520000,"[""YouTube""]","[""YouTube \u306e\u518d\u751f\u5c65\u6b74""]",,,Official髭男dism
YouTube,Official髭男dism - I LOVE...［Official Video］ を視聴しました,https://www.youtube.com/watch?v=bt8wNQJaKAk,"[{""name"": ""Official\u9aed\u7537dism"", ""url"": ""https://www.youtube.com/channel/UC3vg17IZ1IV73xx069jG44w""}]",2026-01-17 17:06:03.412000,"[""YouTube""]","[""YouTube \u306e\u518d\u751f\u5c65\u6b74""]",,,Official髭男dism
YouTube,Official髭男dism - I LOVE...［Official Live Video］ を視聴しました,https://www.youtube.com/watch?v=mKk6o3ZkubA,"[{""name"": ""Official\u9aed\u7537dism"", ""url"": ""https://www.youtube.com/channel/UC3vg17IZ1IV73xx069jG44w""}]",2026-01-17 17:05:56.296000,"[""YouTube""]","[""YouTube \u306e\u518d\u751f\u5c65\u6b74""]",,,Official髭男dism
YouTube,Official髭男dism - 115万キロのフィルム［Official Live Video］ を視聴しました,https://www.youtube.com/watch?v=ljDRzQz3ULE,"[{""name"": ""Official\u9aed\u7537dism"", ""url"": ""https://www.youtube.com/channel/UC3vg17IZ1IV73xx069jG44w""}]",2026-01-17 17:04:26.160000,"[""YouTube""]","[""YouTube \u306e\u518d\u751f\u5c65\u6b74""]",,,Official髭男dism
YouTube,NL-NL | D7637 | Blank Again | Mix | Buyer | 16x9 | 10s | .mp4 を視聴しました,https://www.youtube.com/watch?v=9A2xhQoZIZg,,2026-01-17 17:04:15.583000,"[""YouTube""]","[""\u30a6\u30a7\u30d6\u3068\u30a2\u30d7\u30ea\u306e\u30a2\u30af\u30c6\u30a3\u30d3\u30c6\u30a3"", ""YouTube \u306e\u518d\u751f\u5c65\u6b74"", ""YouTube \u306e\u691c\u7d22\u5c65\u6b74""]",18:04 で再生済み,"[{""name"": ""Google \u5e83\u544a\u304b\u3089""}]",Vinted
YouTube,Finally Taco Friday! を視聴しました,https://www.youtube.com/watch?v=EmIVbh-KAvc,,2026-01-17 17:04:08.701000,"[""YouTube""]","[""\u30a6\u30a7\u30d6\u3068\u30a2\u30d7\u30ea\u306e\u30a2\u30af\u30c6\u30a3\u30d3\u30c6\u30a3"", ""YouTube \u306e\u518d\u751f\u5c65\u6b74"", ""YouTube \u306e\u691c\u7d22\u5c65\u6b74""]",18:04 で再生済み,"[{""name"": ""Google \u5e83\u544a\u304b\u3089""}]",Santa Maria Benelux
YouTube,宇多田ヒカル - First Love / THE FIRST TAKE を視聴しました,https://www.youtube.com/watch?v=iBUV7dxGhno,"[{""name"": ""THE FIRST TAKE"", ""url"": ""https://www.youtube.com/channel/UC9zY_E8mcAo_Oq772LEZq8Q""}]",2026-01-17 16:59:18.142000,"[""YouTube""]","[""YouTube \u306e\u518d\u751f\u5c65\u6b74""]",,,THE FIRST TAKE
YouTube,"桑田佳祐 – 明日晴れるかな [Live at TOKYO DOME, 2022] を視聴しました",https://www.youtube.com/watch?v=7JXEqX7M4Kc,"[{""name"": ""\u6851\u7530\u4f73\u7950"", ""url"": ""https://www.youtube.com/channel/UCaZ17KNeiVkQkeG7i2WDOnQ""}]",2026-01-17 16:56:51.779000,"[""YouTube""]","[""YouTube \u306e\u518d\u751f\u5c65\u6b74""]",,,桑田佳祐
YouTube,"15"" APS Laura | Achmea を視聴しました",https://www.youtube.com/watch?v=8qNHEenXA2U,,2026-01-17 16:56:36.381000,"[""YouTube""]","[""\u30a6\u30a7\u30d6\u3068\u30a2\u30d7\u30ea\u306e\u30a2\u30af\u30c6\u30a3\u30d3\u30c6\u30a3"", ""YouTube \u306e\u518d\u751f\u5c65\u6b74"", ""YouTube \u306e\u691c\u7d22\u5c65\u6b74""]",17:56 で再生済み,"[{""name"": ""Google \u5e83\u544a\u304b\u3089""}]",Achmea
YouTube,twix global 2025 TIMTO five nine 16x9 olv 6s  16lufs NL v1 770440 8 を視聴しました,https://www.youtube.com/watch?v=NGs-ph4SBy0,,2026-01-17 16:56:29.666000,"[""YouTube""]","[""\u30a6\u30a7\u30d6\u3068\u30a2\u30d7\u30ea\u306e\u30a2\u30af\u30c6\u30a3\u30d3\u30c6\u30a3"", ""YouTube \u306e\u518d\u751f\u5c65\u6b74"", ""YouTube \u306e\u691c\u7d22\u5c65\u6b74""]",17:56 で再生済み,"[{""name"": ""Google \u5e83\u544a\u304b\u3089""}]",Twix Nederland
YouTube,Mr.Children 「しるし」 MUSIC VIDEO を視聴しました,https://www.youtube.com/watch?v=xXA5StMti8c,"[{""name"": ""Mr.Children Official Channel"", ""url"": ""https://www.youtube.com/channel/UCXteDRy5qB0IjA8WPusCJ7w""}]",2026-01-17 16:50:37.529000,"[""YouTube""]","[""YouTube \u306e\u518d\u751f\u5c65\u6b74""]",,,Mr.Children Official Channel
YouTube,Mr.Children 「HANABI」 MUSIC VIDEO を視聴しました,https://www.youtube.com/watch?v=EXxaBXKjl6Q,"[{""name"": ""Mr.Children Official Channel"", ""url"": ""https://www.youtube.com/channel/UCXteDRy5qB0IjA8WPusCJ7w""}]",2026-01-17 16:44:39.308000,"[""YouTube""]","[""YouTube \u306e\u518d\u751f\u5c65\u6b74""]",,,Mr.Children Official Channel
YouTube,Mr.Children 「Sign」 MUSIC VIDEO を視聴しました,https://www.youtube.com/watch?v=4wuWJ7GAc2s,"[{""name"": ""Mr.Children Official Channel"", ""url"": ""https://www.youtube.com/channel/UCXteDRy5qB0IjA8WPusCJ7w""}]",2026-01-17 16:39:11.257000,"[""YouTube""]","[""YouTube \u306e\u518d\u751f\u5c65\u6b74""]",,,Mr.Children Official Channel
YouTube,NLNL - TRUE MATCH - 6SEC - EMOTIONAL を視聴しました,https://www.youtube.com/watch?v=CvtUaw8wtdc,,2026-01-17 16:38:29.808000,"[""YouTube""]","[""\u30a6\u30a7\u30d6\u3068\u30a2\u30d7\u30ea\u306e\u30a2\u30af\u30c6\u30a3\u30d3\u30c6\u30a3"", ""YouTube \u306e\u518d\u751f\u5c65\u6b74"", ""YouTube \u306e\u691c\u7d22\u5c65\u6b74""]",17:38 で再生済み,"[{""name"": ""Google \u5e83\u544a\u304b\u3089""}]",L'Oréal Paris Netherlands
YouTube,LANDAL BEACH 15SEC 20251126 Consideration 16x9 cashback を視聴しました,https://www.youtube.com/watch?v=hO2fJQelq_U,,2026-01-17 16:32:13.104000,"[""YouTube""]","[""\u30a6\u30a7\u30d6\u3068\u30a2\u30d7\u30ea\u306e\u30a2\u30af\u30c6\u30a3\u30d3\u30c6\u30a3"", ""YouTube \u306e\u518d\u751f\u5c65\u6b74"", ""YouTube \u306e\u691c\u7d22\u5c65\u6b74""]",17:32 で再生済み,"[{""name"": ""Google \u5e83\u544a\u304b\u3089""}]",Landal
YouTube,Marktplaats Reclame | Supersnel adverteren met onze AI-tool を視聴しました,https://www.youtube.com/watch?v=GyUCnI4KAOU,,2026-01-17 16:31:52.771000,"[""YouTube""]","[""\u30a6\u30a7\u30d6\u3068\u30a2\u30d7\u30ea\u306e\u30a2\u30af\u30c6\u30a3\u30d3\u30c6\u30a3"", ""YouTube \u306e\u518d\u751f\u5c65\u6b74"", ""YouTube \u306e\u691c\u7d22\u5c65\u6b74""]",17:31 で再生済み,"[{""name"": ""Google \u5e83\u544a\u304b\u3089""}]",Marktplaats
YouTube,MNY | LIFTER GLAZE OIL BALM | NL | 6 SEC | SHAY MITCHELL を視聴しました,https://www.youtube.com/watch?v=IvC_OzKR-vI,,2026-01-17 16:25:23.524000,"[""YouTube""]","[""\u30a6\u30a7\u30d6\u3068\u30a2\u30d7\u30ea\u306e\u30a2\u30af\u30c6\u30a3\u30d3\u30c6\u30a3"", ""YouTube \u306e\u518d\u751f\u5c65\u6b74"", ""YouTube \u306e\u691c\u7d22\u5c65\u6b74""]",17:25 で再生済み,"[{""name"": ""Google \u5e83\u544a\u304b\u3089""}]",maybellinenl
YouTube,snickers eu football 1224 round table have you ever jose 20 16x9 guide v2 NL 200591 3 を視聴しました,https://www.youtube.com/watch?v=_AZYN7f0UZo,,2026-01-17 16:25:03.269000,"[""YouTube""]","[""\u30a6\u30a7\u30d6\u3068\u30a2\u30d7\u30ea\u306e\u30a2\u30af\u30c6\u30a3\u30d3\u30c6\u30a3"", ""YouTube \u306e\u518d\u751f\u5c65\u6b74"", ""YouTube \u306e\u691c\u7d22\u5c65\u6b74""]",17:25 で再生済み,"[{""name"": ""Google \u5e83\u544a\u304b\u3089""}]",Snickers Nederland
YouTube,れいちゃんカー🚗の卒業旅行で富士スピードウェイでドミニクトレット祭り開催したわんぱく三人組を皆様にお届けするけどトカゲくんがシュミレーター欲しいって言っててまじでバーキンレベルで高額だから絶対むり を視聴しました,https://www.youtube.com/watch?v=xhiAKWH3zSE,"[{""name"": ""\u4ef2\u91cc\u4f9d\u7d17\u3067\u3059\u3002"", ""url"": ""https://www.youtube.com/channel/UCJyGoLz_sLHHHI1uEPg6UhA""}]",2026-01-17 16:21:58.911000,"[""YouTube""]","[""YouTube \u306e\u518d\u751f\u5c65\u6b74""]",,,仲里依紗です。
YouTube,Japro 2026 - NL - Gen-z deal 1 を視聴しました,https://www.youtube.com/watch?v=dPrwJKAfHqU,,2026-01-17 16:21:45.940000,"[""YouTube""]","[""\u30a6\u30a7\u30d6\u3068\u30a2\u30d7\u30ea\u306e\u30a2\u30af\u30c6\u30a3\u30d3\u30c6\u30a3"", ""YouTube \u306e\u518d\u751f\u5c65\u6b74"", ""YouTube \u306e\u691c\u7d22\u5c65\u6b74""]",17:21 で再生済み,"[{""name"": ""Google \u5e83\u544a\u304b\u3089""}]",bol
YouTube,4 Hu Openair 15 Sec Solletico Abbraccio 221124 NL を視聴しました,https://www.youtube.com/watch?v=O0fHhmeapoA,,2026-01-17 16:14:47.236000,"[""YouTube""]","[""\u30a6\u30a7\u30d6\u3068\u30a2\u30d7\u30ea\u306e\u30a2\u30af\u30c6\u30a3\u30d3\u30c6\u30a3"", ""YouTube \u306e\u518d\u751f\u5c65\u6b74"", ""YouTube \u306e\u691c\u7d22\u5c65\u6b74""]",17:14 で再生済み,"[{""name"": ""Google \u5e83\u544a\u304b\u3089""}]",hu openair
YouTube,NL-NL | D7637 | Blank Again | Mix | Buyer | 16x9 | 15s | .mp4 を視聴しました,https://www.youtube.com/watch?v=ZrPcvQ8YETk,,2026-01-17 16:14:31.879000,"[""YouTube""]","[""\u30a6\u30a7\u30d6\u3068\u30a2\u30d7\u30ea\u306e\u30a2\u30af\u30c6\u30a3\u30d3\u30c6\u30a3"", ""YouTube \u306e\u518d\u751f\u5c65\u6b74"", ""YouTube \u306e\u691c\u7d22\u5c65\u6b74""]",17:14 で再生済み,"[{""name"": ""Google \u5e83\u544a\u304b\u3089""}]",Vinted
YouTube,SixTONES【「映画 少年たち」 公開記念】初登場だ！関西ジャニーズJr.!!! 一緒にロケ地巡りSP を視聴しました,https://www.youtube.com/watch?v=bgYZ9XWx_HQ,"[{""name"": ""\u30b8\u30e5\u30cb\u30a2CHANNEL"", ""url"": ""https://www.youtube.com/channel/UC1cHlPIE-kqiPvpyYz2O8rQ""}]",2026-01-17 16:10:17.975000,"[""YouTube""]","[""YouTube \u306e\u518d\u751f\u5c65\u6b74""]",,,ジュニアCHANNEL
YouTube,森本慎太郎【ブラジル縦断旅〜＃4】野生のジャガーを探せ!! を視聴しました,https://www.youtube.com/watch?v=0xf_nnAsDis,"[{""name"": ""\u30a2\u30de\u30be\u30f3\u68ee\u672c\u30c1\u30e3\u30f3\u30cd\u30eb"", ""url"": ""https://www.youtube.com/channel/UCl_2lY1kI-6p9DO5-94RJ5A""}]",2026-01-17 16:09:50.634000,"[""YouTube""]","[""YouTube \u306e\u518d\u751f\u5c65\u6b74""]",,,アマゾン森本チャンネル
YouTube,19 DPG Kiosk 2025Q4 NL Dagbladen VK2ADTr1 15 16X9 R128 NOSUBS TVC を視聴しました,https://www.youtube.com/watch?v=XIrqOi5eaD4,,2026-01-17 16:09:32.459000,"[""YouTube""]","[""\u30a6\u30a7\u30d6\u3068\u30a2\u30d7\u30ea\u306e\u30a2\u30af\u30c6\u30a3\u30d3\u30c6\u30a3"", ""YouTube \u306e\u518d\u751f\u5c65\u6b74"", ""YouTube \u306e\u691c\u7d22\u5c65\u6b74""]",17:09 で再生済み,"[{""name"": ""Google \u5e83\u544a\u304b\u3089""}]",Kiosk
YouTube,自宅の落ち葉が尋常じゃない件【掃地獄】 を視聴しました,https://www.youtube.com/watch?v=OO1RUugk0Q0,"[{""name"": ""\u3059\u3057\u3089\u30fc\u3081\u3093\u300a\u306b\u304f\u300b\u21902nd"", ""url"": ""https://www.youtube.com/channel/UC78zfX-wGho3o6MrrnzLzMw""}]",2026-01-17 16:01:48.267000,"[""YouTube""]","[""YouTube \u306e\u518d\u751f\u5c65\u6b74""]",,,すしらーめん《にく》←2nd
YouTube,Thuisbezorgd.nl を視聴しました,https://www.youtube.com/watch?v=oxl4GuCbfzA,,2026-01-17 16:01:40.873000,"[""YouTube""]","[""\u30a6\u30a7\u30d6\u3068\u30a2\u30d7\u30ea\u306e\u30a2\u30af\u30c6\u30a3\u30d3\u30c6\u30a3"", ""YouTube \u306e\u518d\u751f\u5c65\u6b74"", ""YouTube \u306e\u691c\u7d22\u5c65\u6b74""]",17:01 で再生済み,"[{""name"": ""Google \u5e83\u544a\u304b\u3089""}]",Thuisbezorgd.nl - Online Eten Bestellen
YouTube,"SixTONESのオールナイトニッポンサタデースペシャル. 田中樹 くん,ジェシー くん 2026年01月17日 を視聴しました",https://www.youtube.com/watch?v=hZ0vDCbMegQ,"[{""name"": ""sixtones\u30aa\u30fc\u30eb\u30ca\u30a4\u30c8\u30cb\u30c3\u30dd\u30f3"", ""url"": ""https://www.youtube.com/channel/UC9UpTEbSiYnGA7dn6mqktrA""}]",2026-01-17 16:00:19.321000,"[""YouTube""]","[""YouTube \u306e\u518d\u751f\u5c65\u6b74""]",,,sixtonesオールナイトニッポン
YouTube,SixTONESのオールナイトニッポンサタデースペシャル  2026.01.17 を視聴しました,https://www.youtube.com/watch?v=kaetf8EZzrI,"[{""name"": ""Sun Radio"", ""url"": ""https://www.youtube.com/channel/UCq88duEk46tPjlkDIIq4A3g""}]",2026-01-17 14:32:03.127000,"[""YouTube""]","[""YouTube \u306e\u518d\u751f\u5c65\u6b74""]",,,Sun Radio
YouTube,"[Nongshim] SHIN RAMYUN X aespa ""Spicy Happiness In Noodles""(30"") | #SHIN #shinramyun #nongshim を視聴しました",https://www.youtube.com/watch?v=8cr3H-JUTZ8,,2026-01-17 14:31:55.599000,"[""YouTube""]","[""\u30a6\u30a7\u30d6\u3068\u30a2\u30d7\u30ea\u306e\u30a2\u30af\u30c6\u30a3\u30d3\u30c6\u30a3"", ""YouTube \u306e\u518d\u751f\u5c65\u6b74"", ""YouTube \u306e\u691c\u7d22\u5c65\u6b74""]",15:31 で再生済み,"[{""name"": ""Google \u5e83\u544a\u304b\u3089""}]",error
YouTube,Een winter vol voordeel met Thuisvoordeel van Essent | Thuisvoordeel YT dagjesuit 6 を視聴しました,https://www.youtube.com/watch?v=9sFduu63Phk,,2026-01-17 14:31:48.186000,"[""YouTube""]","[""\u30a6\u30a7\u30d6\u3068\u30a2\u30d7\u30ea\u306e\u30a2\u30af\u30c6\u30a3\u30d3\u30c6\u30a3"", ""YouTube \u306e\u518d\u751f\u5c65\u6b74"", ""YouTube \u306e\u691c\u7d22\u5c65\u6b74""]",15:31 で再生済み,"[{""name"": ""Google \u5e83\u544a\u304b\u3089""}]",Essent Energie
YouTube,Outmate-Air - Val op met onze promotietenten を視聴しました,https://www.youtube.com/watch?v=3UYiopSk1n8,,2026-01-16 13:59:03.696000,"[""YouTube""]","[""\u30a6\u30a7\u30d6\u3068\u30a2\u30d7\u30ea\u306e\u30a2\u30af\u30c6\u30a3\u30d3\u30c6\u30a3"", ""YouTube \u306e\u518d\u751f\u5c65\u6b74"", ""YouTube \u306e\u691c\u7d22\u5c65\u6b74""]",14:59 で再生済み,"[{""name"": ""Google \u5e83\u544a\u304b\u3089""}]",Outmate-Air
YouTube,NL-NL | D6412 | SA-UAC1-VO | Women | Seller | 16x9 | 15s | .mp4 を視聴しました,https://www.youtube.com/watch?v=EjL2UJimc4M,,2026-01-16 13:58:42.541000,"[""YouTube""]","[""\u30a6\u30a7\u30d6\u3068\u30a2\u30d7\u30ea\u306e\u30a2\u30af\u30c6\u30a3\u30d3\u30c6\u30a3"", ""YouTube \u306e\u518d\u751f\u5c65\u6b74"", ""YouTube \u306e\u691c\u7d22\u5c65\u6b74""]",14:58 で再生済み,"[{""name"": ""Google \u5e83\u544a\u304b\u3089""}]",Vinted
YouTube,"Cicaplast B5+ | Verzachtende, herstellende balsem. Anti-restlittekens. | La Roche-Posay NL を視聴しました",https://www.youtube.com/watch?v=L5UR0tVFeDI,,2026-01-16 13:50:53.862000,"[""YouTube""]","[""\u30a6\u30a7\u30d6\u3068\u30a2\u30d7\u30ea\u306e\u30a2\u30af\u30c6\u30a3\u30d3\u30c6\u30a3"", ""YouTube \u306e\u518d\u751f\u5c65\u6b74"", ""YouTube \u306e\u691c\u7d22\u5c65\u6b74""]",14:50 で再生済み,"[{""name"": ""Google \u5e83\u544a\u304b\u3089""}]",La Roche-Posay NL
YouTube,Uitsneden van kortingsbonnen video を視聴しました,https://www.youtube.com/watch?v=HfYh-WNoqVs,,2026-01-16 13:50:33.195000,"[""YouTube""]","[""\u30a6\u30a7\u30d6\u3068\u30a2\u30d7\u30ea\u306e\u30a2\u30af\u30c6\u30a3\u30d3\u30c6\u30a3"", ""YouTube \u306e\u518d\u751f\u5c65\u6b74"", ""YouTube \u306e\u691c\u7d22\u5c65\u6b74""]",14:50 で再生済み,"[{""name"": ""Google \u5e83\u544a\u304b\u3089""}]",Van Suilichem Online
YouTube,Shortened: 00845 EN 1609 QBS Julian fur elise Talking Head If this looks like this to you PainPoint2 を視聴しました,https://www.youtube.com/watch?v=TxUzgXeHByE,,2026-01-16 13:43:01.006000,"[""YouTube""]","[""\u30a6\u30a7\u30d6\u3068\u30a2\u30d7\u30ea\u306e\u30a2\u30af\u30c6\u30a3\u30d3\u30c6\u30a3"", ""YouTube \u306e\u518d\u751f\u5c65\u6b74"", ""YouTube \u306e\u691c\u7d22\u5c65\u6b74""]",14:43 で再生済み,"[{""name"": ""Google \u5e83\u544a\u304b\u3089""}]",Video ad upload channel for 981-674-1940
YouTube,【木村さ〜〜ん！】大パニック！？木村拓哉＆Takaが作る愛情料理でワンちゃん大興奮！ を視聴しました,https://www.youtube.com/watch?v=Gruz06xrcvE,"[{""name"": ""\u6728\u6751\u62d3\u54c9"", ""url"": ""https://www.youtube.com/channel/UCE-lBtQTa3A8gYgbl8xRMig""}]",2026-01-16 13:38:40.060000,"[""YouTube""]","[""YouTube \u306e\u518d\u751f\u5c65\u6b74""]",,,木村拓哉
YouTube,GOF3D7861_EN_FZ当风冷到能把你吹到-单人口播-演员-Jataun_1920x1080 を視聴しました,https://www.youtube.com/watch?v=8uoWZL-kpss,,2026-01-16 13:34:10.497000,"[""YouTube""]","[""\u30a6\u30a7\u30d6\u3068\u30a2\u30d7\u30ea\u306e\u30a2\u30af\u30c6\u30a3\u30d3\u30c6\u30a3"", ""YouTube \u306e\u518d\u751f\u5c65\u6b74"", ""YouTube \u306e\u691c\u7d22\u5c65\u6b74""]",14:34 で再生済み,"[{""name"": ""Google \u5e83\u544a\u304b\u3089""}]",Whiteout Survival
YouTube,Red Bull Vet NL 15sec 1920x1080 YouTube を視聴しました,https://www.youtube.com/watch?v=iorhh9RhBtM,,2026-01-16 13:33:55.034000,"[""YouTube""]","[""\u30a6\u30a7\u30d6\u3068\u30a2\u30d7\u30ea\u306e\u30a2\u30af\u30c6\u30a3\u30d3\u30c6\u30a3"", ""YouTube \u306e\u518d\u751f\u5c65\u6b74"", ""YouTube \u306e\u691c\u7d22\u5c65\u6b74""]",14:33 で再生済み,"[{""name"": ""Google \u5e83\u544a\u304b\u3089""}]",Red Bull Gives You Wiiings
YouTube,DIOR ADDICT THE NEW FRAGRANCES - ANYA を視聴しました,https://www.youtube.com/watch?v=qnwM7z3Oe9w,,2026-01-16 13:28:40.352000,"[""YouTube""]","[""\u30a6\u30a7\u30d6\u3068\u30a2\u30d7\u30ea\u306e\u30a2\u30af\u30c6\u30a3\u30d3\u30c6\u30a3"", ""YouTube \u306e\u518d\u751f\u5c65\u6b74"", ""YouTube \u306e\u691c\u7d22\u5c65\u6b74""]",14:28 で再生済み,"[{""name"": ""Google \u5e83\u544a\u304b\u3089""}]",Christian Dior
YouTube,BLJ_3225_AG27_1080x1920_WW を視聴しました,https://www.youtube.com/watch?v=baaiaqoJOLU,,2026-01-16 13:28:33.907000,"[""YouTube""]","[""\u30a6\u30a7\u30d6\u3068\u30a2\u30d7\u30ea\u306e\u30a2\u30af\u30c6\u30a3\u30d3\u30c6\u30a3"", ""YouTube \u306e\u518d\u751f\u5c65\u6b74"", ""YouTube \u306e\u691c\u7d22\u5c65\u6b74""]",14:28 で再生済み,"[{""name"": ""Google \u5e83\u544a\u304b\u3089""}]",Voodoo
YouTube,SixTONES【ガラケーで平成エモ体験】みんなも共感してるれる？…青春です😏 を視聴しました,https://www.youtube.com/watch?v=KR9X6RUIM64,"[{""name"": ""SixTONES"", ""url"": ""https://www.youtube.com/channel/UCwjAKjycHHT1QzHrQN5Stww""}]",2026-01-16 13:22:03.063000,"[""YouTube""]","[""YouTube \u306e\u518d\u751f\u5c65\u6b74""]",,,SixTONES
YouTube,Learn piano with flowkey を視聴しました,https://www.youtube.com/watch?v=BlBt8-xPiiE,,2026-01-16 13:21:56.173000,"[""YouTube""]","[""\u30a6\u30a7\u30d6\u3068\u30a2\u30d7\u30ea\u306e\u30a2\u30af\u30c6\u30a3\u30d3\u30c6\u30a3"", ""YouTube \u306e\u518d\u751f\u5c65\u6b74"", ""YouTube \u306e\u691c\u7d22\u5c65\u6b74""]",14:21 で再生済み,"[{""name"": ""Google \u5e83\u544a\u304b\u3089""}]",flowkey – Learn piano
YouTube,推しメンのために推薦入試を選んだりのまる #kawaiilab #candytune #きゃんちゅー #福山梨乃 #共通テスト #fyp を視聴しました,https://www.youtube.com/watch?v=P92WypTChPM,"[{""name"": ""kawaii lab. radio"", ""url"": ""https://www.youtube.com/channel/UCaNFSDd9uuKHWAgNrrizgiQ""}]",2026-01-16 12:42:23.444000,"[""YouTube""]","[""YouTube \u306e\u518d\u751f\u5c65\u6b74""]",,,kawaii lab. radio
YouTube,プライドのない二宮和也#嵐#SnowMan#目黒蓮＃かっこいい＃面白い＃可愛い＃仲良し を視聴しました,https://www.youtube.com/watch?v=VJwtEeSw-P0,"[{""name"": ""\u30c6\u30b1\u30c6\u30b1\u3055\u3093"", ""url"": ""https://www.youtube.com/channel/UC3W2eVcT1puAAhUX8zuFHIw""}]",2026-01-16 12:42:22.161000,"[""YouTube""]","[""YouTube \u306e\u518d\u751f\u5c65\u6b74""]",,,テケテケさん
YouTube,狙い撃ち🔫🩵🧡🩷💜💛💚#kawaiilab #カワラボ#MORESTAR#もあすた を視聴しました,https://www.youtube.com/watch?v=1zonGMwaO50,"[{""name"": ""MORE STAR"", ""url"": ""https://www.youtube.com/channel/UCBkLxz038AbxBA8CMw6o9oA""}]",2026-01-16 12:42:19.241000,"[""YouTube""]","[""YouTube \u306e\u518d\u751f\u5c65\u6b74""]",,,MORE STAR
YouTube,【ｴﾐｯ】---☆彡リアルの私もかわいいっていってくれる？´･_･`☆彡--- #ぷりきゅきゅ #CUTIESTREET #きゅーすと #アイドル #KAWAII を視聴しました,https://www.youtube.com/watch?v=Gn07R_V18r4,"[{""name"": ""CUTIE STREET"", ""url"": ""https://www.youtube.com/channel/UCEz-AFAg3EUKsxraad1puQA""}]",2026-01-16 12:42:13.639000,"[""YouTube""]","[""YouTube \u306e\u518d\u751f\u5c65\u6b74""]",,,CUTIE STREET
YouTube,ユニクロでお嬢様コーデが完成しました💎🥂✨ #shorts を視聴しました,https://www.youtube.com/watch?v=V2BkkEM-UoQ,"[{""name"": ""\u3042\u3055\u304e\u30fc\u306b\u3087"", ""url"": ""https://www.youtube.com/channel/UCqD72KlQed6DB-cPEaEYdEg""}]",2026-01-16 12:42:11.995000,"[""YouTube""]","[""YouTube \u306e\u518d\u751f\u5c65\u6b74""]",,,あさぎーにょ
YouTube,「ブラッシュアップライフ」「お姉ちゃん人生２周目でしょ？」秀才の妹が、姉の“再履歴”を見抜いた日常会話 を視聴しました,https://www.youtube.com/watch?v=Ffn3r_1PHd4,"[{""name"": ""Th\u1ee7y\u9593\u306e\u7f8e\u5b66 "", ""url"": ""https://www.youtube.com/channel/UC8LVL7ZycduEIMwuI1RqC2A""}]",2026-01-16 12:42:05.580000,"[""YouTube""]","[""YouTube \u306e\u518d\u751f\u5c65\u6b74""]",,,Thủy間の美学 
YouTube,あのちゃん「しまむらだもん」 ホリケン「しまむらもオシャレよWW」 ガチ死ぬWWWWW #しゃべくり007 #しゃべくりセブン #しゃべくり #ネプチューン を視聴しました,https://www.youtube.com/watch?v=IDc62p49EaI,"[{""name"": ""Sweet Cake\ud83c\udf69"", ""url"": ""https://www.youtube.com/channel/UCo4XVUAu78IcAE1o2bggF7Q""}]",2026-01-16 12:42:02.144000,"[""YouTube""]","[""YouTube \u306e\u518d\u751f\u5c65\u6b74""]",,,Sweet Cake🍩
YouTube,足音が1人分？ #CUTIESTREET #ぷりきゅきゅ を視聴しました,https://www.youtube.com/watch?v=eGqlUE2j6Uw,"[{""name"": ""CUTIE STREET"", ""url"": ""https://www.youtube.com/channel/UCEz-AFAg3EUKsxraad1puQA""}]",2026-01-16 12:41:57.517000,"[""YouTube""]","[""YouTube \u306e\u518d\u751f\u5c65\u6b74""]",,,CUTIE STREET
YouTube,え、12月なのに？#sixtones #shorts を視聴しました,https://www.youtube.com/watch?v=Zw8sDPz4EpM,"[{""name"": ""\u30a2\u30a4\u30c9\u30eb\u5927\u597d\u304d\u56f3\u9451"", ""url"": ""https://www.youtube.com/channel/UCAtoeb-wP2lEP7XQcrcICow""}]",2026-01-16 12:41:56.439000,"[""YouTube""]","[""YouTube \u306e\u518d\u751f\u5c65\u6b74""]",,,アイドル大好き図鑑
YouTube,かわいいだけじゃだめですかデビューライブと比べてみた！#古澤里紗#cutiestreet#きゅーすと#アイドル#shorts#かわいいだけじゃだめですか を視聴しました,https://www.youtube.com/watch?v=6DX6ekfEJQI,"[{""name"": ""CUTIESTREET\u63a8\u3057\u30c1\u30e3\u30f3\u30cd\u30eb"", ""url"": ""https://www.youtube.com/channel/UCczmk1U1uPIqJCF8qfXVj0w""}]",2026-01-16 12:41:54.218000,"[""YouTube""]","[""YouTube \u306e\u518d\u751f\u5c65\u6b74""]",,,CUTIESTREET推しチャンネル
YouTube,https://www.youtube.com/watch?v=2OZnlc9gxAE を視聴しました,https://www.youtube.com/watch?v=2OZnlc9gxAE,,2026-01-16 12:41:53.469000,"[""YouTube""]","[""YouTube \u306e\u518d\u751f\u5c65\u6b74""]",,,error
YouTube,るしあの頭にも注目ダ！ッダダ#もっとキラッと#MORESTAR#もあすた を視聴しました,https://www.youtube.com/watch?v=DZa_PEmfNws,"[{""name"": ""MORE STAR"", ""url"": ""https://www.youtube.com/channel/UCBkLxz038AbxBA8CMw6o9oA""}]",2026-01-16 12:41:51.796000,"[""YouTube""]","[""YouTube \u306e\u518d\u751f\u5c65\u6b74""]",,,MORE STAR
YouTube,【#松村北斗 & #髙地優吾 & #田中樹】14th Single「バリア」 #SixTONES_バリア  #SixTONES_MILESixTONES #Shorts を視聴しました,https://www.youtube.com/watch?v=7_h1DZADJIE,"[{""name"": ""SixTONES"", ""url"": ""https://www.youtube.com/channel/UCwjAKjycHHT1QzHrQN5Stww""}]",2026-01-16 12:41:49.875000,"[""YouTube""]","[""YouTube \u306e\u518d\u751f\u5c65\u6b74""]",,,SixTONES
YouTube,先輩にビビるタイムレス😂#shorts #snowman#timelesz   #舘様#康二#ふっかさん#菊池風磨#松島聡 #佐藤勝利 を視聴しました,https://www.youtube.com/watch?v=hJOPzSj3pMQ,"[{""name"": ""\u305f\u3044\u3080\u305f\u3044\u3080"", ""url"": ""https://www.youtube.com/channel/UC0EENffSRU3pwwwUBMfkuKg""}]",2026-01-16 12:41:48.562000,"[""YouTube""]","[""YouTube \u306e\u518d\u751f\u5c65\u6b74""]",,,たいむたいむ
YouTube,永瀬廉のモノマネをする福山雅治＃福山雅治＃大泉洋＃永瀬廉＃かっこいい＃面白い＃仲良し を視聴しました,https://www.youtube.com/watch?v=cdbnLGDn2bw,"[{""name"": ""\u30c6\u30b1\u30c6\u30b1\u3055\u3093"", ""url"": ""https://www.youtube.com/channel/UC3W2eVcT1puAAhUX8zuFHIw""}]",2026-01-16 12:41:47.401000,"[""YouTube""]","[""YouTube \u306e\u518d\u751f\u5c65\u6b74""]",,,テケテケさん
YouTube,【歌詞動画】SixTONES × Rebellion 新曲めっちゃかっこいい😎 を視聴しました,https://www.youtube.com/watch?v=Q86R5ZLCX78,"[{""name"": ""\u3061\u3048\u306e\u308f"", ""url"": ""https://www.youtube.com/channel/UCX7b2oA1iBPs1y0ZN0V3z9g""}]",2026-01-16 12:41:43.379000,"[""YouTube""]","[""YouTube \u306e\u518d\u751f\u5c65\u6b74""]",,,ちえのわ
YouTube,自分の私物、他人が着ても気付かない説ｗｗｗ #水曜日のダウンタウン #ドッキリ #お笑い #バラエティ を視聴しました,https://www.youtube.com/watch?v=M-vx6IBWqN0,"[{""name"": ""\u8179\u7b4b\u5d29\u58caTV"", ""url"": ""https://www.youtube.com/channel/UCUkDJrbXRWl_D_hlKrKVGcA""}]",2026-01-16 12:41:39.542000,"[""YouTube""]","[""YouTube \u306e\u518d\u751f\u5c65\u6b74""]",,,腹筋崩壊TV
YouTube,"🌟#もあすた 初・バックカバー掲載📚

1/14(水)発売
『ぴあMUSIC COMPLEX（PMC）Vol.39』

MORE STARがバックカバーに登場💫
撮り下ろし写真 &
#PMC だけのメンバーインタビューも❣️

▼詳細はこちら
https://lp.p.pia.jp/article/series/202961/445865/index.html

全国の書店でもご購入いただけます📚
是非お買い求め下さい🫶

＊笹原なな花については撮影当日の諸事情により写真掲載はございませが、誌面のインタビュー掲載はございます。

#PMC39
#MORESTAR
#KAWAIILAB #カワラボ を表示しました",https://www.youtube.com/post/UgkxGfhmGFc4Yo1NwPBHYBhgrM12Wc9bgny7,"[{""name"": ""MORE STAR"", ""url"": ""https://www.youtube.com/channel/UCBkLxz038AbxBA8CMw6o9oA""}]",2026-01-16 12:41:39.002000,"[""YouTube""]","[""YouTube \u306e\u518d\u751f\u5c65\u6b74""]",,,error
YouTube,2025年忘れたくない SixTONES #sixtones #ストーンズ #ジャニーズ #ゴールデンストーンズ を視聴しました,https://www.youtube.com/watch?v=OCC9FufSsKk,"[{""name"": ""\u30b8\u30e3\u30cb\u30fc\u30ba\u96d1\u5b66\u30e9\u30dc"", ""url"": ""https://www.youtube.com/channel/UCdMG_bNXkWMO998svoqmPPA""}]",2026-01-16 12:40:58.125000,"[""YouTube""]","[""YouTube \u306e\u518d\u751f\u5c65\u6b74""]",,,ジャニーズ雑学ラボ
YouTube,#radiotrithuc #triếtlýcuộcsống #sachnoi を視聴しました,https://www.youtube.com/watch?v=wcXR0xWqirY,"[{""name"": ""Small Lessons, Big Impac"", ""url"": ""https://www.youtube.com/channel/UC3aV6KQYIAcsgpl370nFAtg""}]",2026-01-16 12:40:57.166000,"[""YouTube""]","[""YouTube \u306e\u518d\u751f\u5c65\u6b74""]",,,"Small Lessons, Big Impac"
YouTube,宮本ツインズテレパシープレー⑤ #バスケ #宮本ツインズ  #福岡第一高等学校 を視聴しました,https://www.youtube.com/watch?v=7QaO2J1H5WY,"[{""name"": ""POKY"", ""url"": ""https://www.youtube.com/channel/UC4QnFue2AFNLRcKwL9XAkjg""}]",2026-01-16 12:40:56.171000,"[""YouTube""]","[""YouTube \u306e\u518d\u751f\u5c65\u6b74""]",,,POKY
YouTube,『キンプリ💛髙橋海人👑衝撃的な出来事』#キンプリ #髙橋海人 #永瀬廉 を視聴しました,https://www.youtube.com/watch?v=tgsJpVjkojY,"[{""name"": ""NI_KP_SN_ST_RMPG_EN-"", ""url"": ""https://www.youtube.com/channel/UCdaHLbZhwIuewOUdGzmEbkQ""}]",2026-01-16 12:40:53.780000,"[""YouTube""]","[""YouTube \u306e\u518d\u751f\u5c65\u6b74""]",,,NI_KP_SN_ST_RMPG_EN-
YouTube,明日オフ#snowman#shorts #めめ#しょっぴー #ふっかさん#それスノ#ダンス#面白い #バラエティ を視聴しました,https://www.youtube.com/watch?v=6z_Kd4x7Flg,"[{""name"": ""\u3059\u306e\u3061\u3083\u3093"", ""url"": ""https://www.youtube.com/channel/UC92ApdQ3Wnhhd2DV7Zsv_rA""}]",2026-01-16 12:40:51.464000,"[""YouTube""]","[""YouTube \u306e\u518d\u751f\u5c65\u6b74""]",,,すのちゃん
YouTube,【神ファンサ】ひとちゃんから神ファンサもらいました！！#超ときめき宣伝部 #画面越しのエンジェル #ときクリ2025 #超とき宣 #ロックオンフリータイム #live #坂井仁香 #ひとちゃん を視聴しました,https://www.youtube.com/watch?v=is-CXZrSR_8,"[{""name"": ""\u3061\u3073\u306c\u3044\u30d4\u30a2\u30b9\u306e\u3068\u304d\u3081\u304d\u5099\u5fd8\u9332"", ""url"": ""https://www.youtube.com/channel/UCCTP8OaRi8tgRkSjJfjaYZg""}]",2026-01-16 12:40:48.085000,"[""YouTube""]","[""YouTube \u306e\u518d\u751f\u5c65\u6b74""]",,,ちびぬいピアスのときめき備忘録
YouTube,㊗️300万再生🙏#山田裕貴 【すーぱーぴー？】#superbeaver #渋谷龍太 ラジオ radio オールナイトニッポン を視聴しました,https://www.youtube.com/watch?v=48layiFDj4Q,"[{""name"": ""\u6c17\u306b\u306a\u308b\u4eba\u7269\u5927\u8f9e\u5178 \u3061\u3083\u3093\u306d\u308b"", ""url"": ""https://www.youtube.com/channel/UCGfwAaUx0-pvw4SQxPISmmg""}]",2026-01-16 12:40:43.529000,"[""YouTube""]","[""YouTube \u306e\u518d\u751f\u5c65\u6b74""]",,,気になる人物大辞典 ちゃんねる
YouTube,頼りないしんちゃん兄妹です#クレヨンしんちゃん #anime #cartoon #アニメ #漫画 を視聴しました,https://www.youtube.com/watch?v=Fsz9D0GOX9o,"[{""name"": ""\u4e54\u4e54\u5267\u573a"", ""url"": ""https://www.youtube.com/channel/UCMhgsekWdW6MF0HgQPVWtTQ""}]",2026-01-16 12:40:42.427000,"[""YouTube""]","[""YouTube \u306e\u518d\u751f\u5c65\u6b74""]",,,乔乔剧场
YouTube,乃木坂の円陣を促した松村北斗、神プレー過ぎる #sixtones #松村北斗 #乃木坂46 を視聴しました,https://www.youtube.com/watch?v=WhzafhD-v3Q,"[{""name"": ""\u5742\u9053\u65e5\u8a1846"", ""url"": ""https://www.youtube.com/channel/UCoBEE-8fAOU8Dy_T3q4AQjA""}]",2026-01-16 12:40:39.625000,"[""YouTube""]","[""YouTube \u306e\u518d\u751f\u5c65\u6b74""]",,,坂道日記46
YouTube,https://www.youtube.com/watch?v=qeEEGC1JTP0 を視聴しました,https://www.youtube.com/watch?v=qeEEGC1JTP0,,2026-01-16 12:39:55.404000,"[""YouTube""]","[""YouTube \u306e\u518d\u751f\u5c65\u6b74""]",,,error
YouTube,【アニメ】気づかず46年間お互いに狙い合ってた殺し屋のカップル を視聴しました,https://www.youtube.com/watch?v=iRS6wTl3CFQ,"[{""name"": ""\u30aa\u30e0\u30aa\u30e0\u30a2\u30cb\u30e1\u3010\u30b3\u30f3\u30c8\u3011"", ""url"": ""https://www.youtube.com/channel/UCHDfvwrTKE17xyzt4Fvhk4Q""}]",2026-01-16 12:39:54.105000,"[""YouTube""]","[""YouTube \u306e\u518d\u751f\u5c65\u6b74""]",,,オムオムアニメ【コント】
YouTube,Thuisbezorgd.nl を視聴しました,https://www.youtube.com/watch?v=lSByUl871XQ,,2026-01-16 12:39:52.163000,"[""YouTube""]","[""\u30a6\u30a7\u30d6\u3068\u30a2\u30d7\u30ea\u306e\u30a2\u30af\u30c6\u30a3\u30d3\u30c6\u30a3"", ""YouTube \u306e\u518d\u751f\u5c65\u6b74""]",,"[{""name"": ""Google \u5e83\u544a\u304b\u3089""}]",Thuisbezorgd.nl - Online Eten Bestellen
YouTube,元々可愛いとか嬉しすぎる言葉よね #恋愛  #恋人 #青春 #恋愛相談 #恋愛運 #カップル を視聴しました,https://www.youtube.com/watch?v=xXUH0HBLxUs,"[{""name"": ""\u3086\u306e@\u604b\u611b"", ""url"": ""https://www.youtube.com/channel/UCfpQhGk1Xb0TUFeasXCy7RA""}]",2026-01-16 12:39:49.344000,"[""YouTube""]","[""YouTube \u306e\u518d\u751f\u5c65\u6b74""]",,,ゆの@恋愛
YouTube,2026年1月16日 を視聴しました,https://www.youtube.com/watch?v=9DBhfemkbew,"[{""name"": ""\u82f1\u8a9e\u738b\u5b50"", ""url"": ""https://www.youtube.com/channel/UCr79HgGTLwuewmAveyZpUPA""}]",2026-01-16 12:39:44.524000,"[""YouTube""]","[""YouTube \u306e\u518d\u751f\u5c65\u6b74""]",,,英語王子
YouTube,佐野飯、毎回おもろすぎるw #佐野勇斗 を視聴しました,https://www.youtube.com/watch?v=NoKn9JQOrS0,"[{""name"": ""\u3046\u304b"", ""url"": ""https://www.youtube.com/channel/UCixJYVoQKISGJwOykbCfS2w""}]",2026-01-16 12:39:42.880000,"[""YouTube""]","[""YouTube \u306e\u518d\u751f\u5c65\u6b74""]",,,うか
YouTube,どこイジったらいいねんw #山田涼介 #heysayjump #アイドル #俳優 #イケメン #モテる #モテ男 #恋愛テクニック #推し #推し活 を視聴しました,https://www.youtube.com/watch?v=l8_sJeL1E_Y,"[{""name"": ""\u3086\u304b@\u604b\u611b"", ""url"": ""https://www.youtube.com/channel/UC0rzSu7DMrsRkEMAl84ey6Q""}]",2026-01-16 12:39:40.263000,"[""YouTube""]","[""YouTube \u306e\u518d\u751f\u5c65\u6b74""]",,,ゆか@恋愛
YouTube,Doritos® Loaded を視聴しました,https://www.youtube.com/watch?v=IdhaNWd-bQs,,2026-01-16 12:39:38.707000,"[""YouTube""]","[""\u30a6\u30a7\u30d6\u3068\u30a2\u30d7\u30ea\u306e\u30a2\u30af\u30c6\u30a3\u30d3\u30c6\u30a3"", ""YouTube \u306e\u518d\u751f\u5c65\u6b74""]",,"[{""name"": ""Google \u5e83\u544a\u304b\u3089""}]",Doritos Nederland
YouTube,先輩の袖捲れるのも選ばれしジュニアだけだもんな！#shorts を視聴しました,https://www.youtube.com/watch?v=gUYdNIXK-Ck,"[{""name"": ""\u30a2\u30a4\u30c9\u30eb\u5927\u597d\u304d\u56f3\u9451"", ""url"": ""https://www.youtube.com/channel/UCAtoeb-wP2lEP7XQcrcICow""}]",2026-01-16 12:39:37.803000,"[""YouTube""]","[""YouTube \u306e\u518d\u751f\u5c65\u6b74""]",,,アイドル大好き図鑑
YouTube,「ブラッシュアップライフ第5話」友人の便秘薬がきっかけで祖父を救い 「たった2か月の交際で1億の損失…見なかったことにしよう」 を視聴しました,https://www.youtube.com/watch?v=27NHVR419Xc,"[{""name"": ""Quan Ho"", ""url"": ""https://www.youtube.com/channel/UCh3Vik2foyo0QFOrZYiK5GQ""}]",2026-01-16 12:39:36.306000,"[""YouTube""]","[""YouTube \u306e\u518d\u751f\u5c65\u6b74""]",,,Quan Ho
YouTube,【D.U.N.K.】田中樹(SixTONES) Verse「ID」DAY1 Special Collaboration version #D_U_N_K_ を視聴しました,https://www.youtube.com/watch?v=_jQXjjqBZnk,"[{""name"": ""D.U.N.K."", ""url"": ""https://www.youtube.com/channel/UCKoyIpGbN4VYk3MAeB7SvjA""}]",2026-01-16 12:39:34.458000,"[""YouTube""]","[""YouTube \u306e\u518d\u751f\u5c65\u6b74""]",,,D.U.N.K.
YouTube,https://www.youtube.com/watch?v=Y0QqXWfle7A を視聴しました,https://www.youtube.com/watch?v=Y0QqXWfle7A,,2026-01-16 12:39:30.746000,"[""YouTube""]","[""YouTube \u306e\u518d\u751f\u5c65\u6b74""]",,,error
YouTube,"デジカメで撮った📸

💙増田彩乃 💛古澤里紗
💜真鍋凪咲 🩵梅田みゆ

『ぷりきゅきゅ』

▼MV
youtu.be/65u0ucGOkiI

#CUTIESTREET #きゅーすと 
#KAWAIIMAKER #きゅーてすと を表示しました",https://www.youtube.com/post/UgkxoRSIu1zX5mvQAB47Qpk85IoxmYxGC2gN,"[{""name"": ""CUTIE STREET"", ""url"": ""https://www.youtube.com/channel/UCEz-AFAg3EUKsxraad1puQA""}]",2026-01-16 12:39:30.198000,"[""YouTube""]","[""YouTube \u306e\u518d\u751f\u5c65\u6b74""]",,,error
YouTube,絶対色感おじさん を視聴しました,https://www.youtube.com/watch?v=Q7y2i-EPJH0,"[{""name"": ""\u306a\u3093\u304b\u6c17\u6301\u3061\u3044\u3044"", ""url"": ""https://www.youtube.com/channel/UCQlzehqgTr0yfzxQZogbbCg""}]",2026-01-16 12:39:28.671000,"[""YouTube""]","[""YouTube \u306e\u518d\u751f\u5c65\u6b74""]",,,なんか気持ちいい
YouTube,時計の価値に気づかれるSixTONES #sixtones #田中樹 #ジェシー #森本慎太郎 #髙地優吾 #松村北斗 #京本大我 を視聴しました,https://www.youtube.com/watch?v=A1l1ASAt4WQ,"[{""name"": ""\u30c0\u30a4\u30e4\u306e\u5947\u8de1"", ""url"": ""https://www.youtube.com/channel/UCpvPfWB261vopp9KSbAP_Pw""}]",2026-01-16 12:38:43.032000,"[""YouTube""]","[""YouTube \u306e\u518d\u751f\u5c65\u6b74""]",,,ダイヤの奇跡
YouTube,原创D2-251219第50周-位面2欧美-混剪-录屏前贴大黄狗-ai-pwYGH-蜜蜂-休闲-zyzYGH-720x1280.mp4 を視聴しました,https://www.youtube.com/watch?v=0kVXvQeBEwI,,2026-01-16 12:38:41.836000,"[""YouTube""]","[""\u30a6\u30a7\u30d6\u3068\u30a2\u30d7\u30ea\u306e\u30a2\u30af\u30c6\u30a3\u30d3\u30c6\u30a3"", ""YouTube \u306e\u518d\u751f\u5c65\u6b74""]",,"[{""name"": ""Google \u5e83\u544a\u304b\u3089""}]",Epic Heroes
YouTube,「ブラッシュアップライフ」『あの未来も訪れない』その代わりに、私は“絵に描いたような優等生”という青春を手に入れた を視聴しました,https://www.youtube.com/watch?v=BOyDt6K342k,"[{""name"": ""Th\u1ee7y\u9593\u306e\u7f8e\u5b66 "", ""url"": ""https://www.youtube.com/channel/UC8LVL7ZycduEIMwuI1RqC2A""}]",2026-01-16 12:38:39.113000,"[""YouTube""]","[""YouTube \u306e\u518d\u751f\u5c65\u6b74""]",,,Thủy間の美学 
YouTube,【嵐】全世代が惚れてしまう相葉ちゃん集#嵐 #相葉雅紀 #shorts を視聴しました,https://www.youtube.com/watch?v=Y8Bk3no19qk,"[{""name"": ""\u3044\u3044\u306d\u304c\u597d\u7269\u3055\u3093"", ""url"": ""https://www.youtube.com/channel/UCNro-n_AlHg3TEYMbzWr-yA""}]",2026-01-16 12:38:37.576000,"[""YouTube""]","[""YouTube \u306e\u518d\u751f\u5c65\u6b74""]",,,いいねが好物さん
YouTube,【恋愛ルビの正しいふりかた】の感想！【おげれつたなか】先生【大感動】【切り抜き】#BL #shorts #ボーイズラブ を視聴しました,https://www.youtube.com/watch?v=B3-utr9k92Y,"[{""name"": ""\u4e00\u9053\u5c0f\u767d_kohaku_ichidou"", ""url"": ""https://www.youtube.com/channel/UCmo5-wxq3Ole-Cer6ieqOvw""}]",2026-01-16 12:38:36.359000,"[""YouTube""]","[""YouTube \u306e\u518d\u751f\u5c65\u6b74""]",,,一道小白_kohaku_ichidou
YouTube,ひたむきシンデレラ1年前と比べてみた！#桜庭遥花#cutiestreet#きゅーすと#アイドル#shorts#かわいいだけじゃだめですか を視聴しました,https://www.youtube.com/watch?v=b3Odn53zncY,"[{""name"": ""CUTIESTREET\u63a8\u3057\u30c1\u30e3\u30f3\u30cd\u30eb"", ""url"": ""https://www.youtube.com/channel/UCczmk1U1uPIqJCF8qfXVj0w""}]",2026-01-16 12:38:34.196000,"[""YouTube""]","[""YouTube \u306e\u518d\u751f\u5c65\u6b74""]",,,CUTIESTREET推しチャンネル
YouTube,Learn piano with flowkey を視聴しました,https://www.youtube.com/watch?v=F7hC9r8aH08,,2026-01-16 12:38:32.854000,"[""YouTube""]","[""\u30a6\u30a7\u30d6\u3068\u30a2\u30d7\u30ea\u306e\u30a2\u30af\u30c6\u30a3\u30d3\u30c6\u30a3"", ""YouTube \u306e\u518d\u751f\u5c65\u6b74""]",,"[{""name"": ""Google \u5e83\u544a\u304b\u3089""}]",flowkey – Learn piano
YouTube,【夫が寝たあとに】泣かない注射 最強ドクターの技 #夫が寝たあとに #藤本美貴 #横澤夏子 #ママ #子供 #子育て #育児#夫#夫婦 を視聴しました,https://www.youtube.com/watch?v=PJvcZ7nEMn8,"[{""name"": ""\u592b\u304c\u5bdd\u305f\u3042\u3068\u306b\u3010\u516c\u5f0f\u3011"", ""url"": ""https://www.youtube.com/channel/UC09hthLsb6suAwttk_YK5Eg""}]",2026-01-16 12:38:27.857000,"[""YouTube""]","[""YouTube \u306e\u518d\u751f\u5c65\u6b74""]",,,夫が寝たあとに【公式】
YouTube,"【切り抜き】初めての月足の家で暴れるまつかれ(FRUITS ZIPPERのオールナイトニッポンX,9月28日放送分) #fruitzipper #ふるっぱー #月足天音 を視聴しました",https://www.youtube.com/watch?v=KNOjI2TFmgM,"[{""name"": ""\u30ed\u30de\u30fc\u30ea\u30aa"", ""url"": ""https://www.youtube.com/channel/UC_WhfPyayAbnc4kxk3ifOWw""}]",2026-01-16 12:38:26.059000,"[""YouTube""]","[""YouTube \u306e\u518d\u751f\u5c65\u6b74""]",,,ロマーリオ
YouTube,GOF3D7666_EN_FZAI解说-切冰冻三文鱼-渔网捕鱼切割_1080x1920 を視聴しました,https://www.youtube.com/watch?v=7gS74vc2sYY,,2026-01-16 12:38:21.286000,"[""YouTube""]","[""\u30a6\u30a7\u30d6\u3068\u30a2\u30d7\u30ea\u306e\u30a2\u30af\u30c6\u30a3\u30d3\u30c6\u30a3"", ""YouTube \u306e\u518d\u751f\u5c65\u6b74""]",,"[{""name"": ""Google \u5e83\u544a\u304b\u3089""}]",Whiteout Survival
YouTube,共演した #SixTONES #髙地優吾 へ 大好きなのにクレーム！？ #shorts  #切り抜き #片桐仁  #佐藤仁美 #ドラマ #舞台 #俳優 を視聴しました,https://www.youtube.com/watch?v=fdrk-hhfmiA,"[{""name"": ""\u30cf\u30f3\u30bf\u30fcch"", ""url"": ""https://www.youtube.com/channel/UC7oJmIL4_MTSHY9uQChAK0A""}]",2026-01-16 12:38:18.438000,"[""YouTube""]","[""YouTube \u306e\u518d\u751f\u5c65\u6b74""]",,,ハンターch
YouTube,ターザンロープが爆発するドッキリ を視聴しました,https://www.youtube.com/watch?v=2X2J-_lFhZc,"[{""name"": ""\u3059\u3057\u3089\u30fc\u3081\u3093\u300a\u308a\u304f\u300b"", ""url"": ""https://www.youtube.com/channel/UCljYHFazflmGaDr5Lo90KmA""}]",2026-01-16 12:38:16.015000,"[""YouTube""]","[""YouTube \u306e\u518d\u751f\u5c65\u6b74""]",,,すしらーめん《りく》
YouTube,Blurry: Koekjes bakken: zebrakoekjes - Allerhande を視聴しました,https://www.youtube.com/watch?v=W4QXVRizuv4,,2026-01-16 12:38:14.408000,"[""YouTube""]","[""\u30a6\u30a7\u30d6\u3068\u30a2\u30d7\u30ea\u306e\u30a2\u30af\u30c6\u30a3\u30d3\u30c6\u30a3"", ""YouTube \u306e\u518d\u751f\u5c65\u6b74""]",,"[{""name"": ""Google \u5e83\u544a\u304b\u3089""}]",Video ad upload channel for 952-034-2899
YouTube,ニノが天才だと分かる瞬間w#すごい #面白集 #shorts を視聴しました,https://www.youtube.com/watch?v=TRXWIHNXnag,"[{""name"": ""\u3053\u308c\u30a8\u30a8\u3084\u3093"", ""url"": ""https://www.youtube.com/channel/UC3FqX2adoxzuOwrbRt_c_Gw""}]",2026-01-16 12:37:53.516000,"[""YouTube""]","[""YouTube \u306e\u518d\u751f\u5c65\u6b74""]",,,これエエやん
YouTube,お父さんー！北斗くん反省してないみたいですよ#sixtones #shorts を視聴しました,https://www.youtube.com/watch?v=jFmAgUDVrV4,"[{""name"": ""\u30a2\u30a4\u30c9\u30eb\u5927\u597d\u304d\u56f3\u9451"", ""url"": ""https://www.youtube.com/channel/UCAtoeb-wP2lEP7XQcrcICow""}]",2026-01-16 12:37:52.571000,"[""YouTube""]","[""YouTube \u306e\u518d\u751f\u5c65\u6b74""]",,,アイドル大好き図鑑
YouTube,NL-NL | D7637 | Blank Again | Mix | Buyer | 9x16 | 6s | .mp4 を視聴しました,https://www.youtube.com/watch?v=SqTllUlmIgk,,2026-01-16 12:37:51.140000,"[""YouTube""]","[""\u30a6\u30a7\u30d6\u3068\u30a2\u30d7\u30ea\u306e\u30a2\u30af\u30c6\u30a3\u30d3\u30c6\u30a3"", ""YouTube \u306e\u518d\u751f\u5c65\u6b74""]",,"[{""name"": ""Google \u5e83\u544a\u304b\u3089""}]",Vinted
YouTube,さのじん🩷💛最高www を視聴しました,https://www.youtube.com/watch?v=wjNOV6evmKw,"[{""name"": ""\u3079\u3061\u3087\u3076\u30fc"", ""url"": ""https://www.youtube.com/channel/UCbqzFF3tnw_0znXHHQtWXQQ""}]",2026-01-16 12:37:50.379000,"[""YouTube""]","[""YouTube \u306e\u518d\u751f\u5c65\u6b74""]",,,べちょぶー
YouTube,SixTONES森本さんはノープラン派？プラン立てたい派？ を視聴しました,https://www.youtube.com/watch?v=j4x0oDm_6sw,"[{""name"": ""\u3010\u516c\u5f0f\u3011TBS\u591c\u4f1a\u30c1\u30e3\u30f3\u30cd\u30eb"", ""url"": ""https://www.youtube.com/channel/UC1_FZLauVGh08u0eMKCte1g""}]",2026-01-16 12:37:48.100000,"[""YouTube""]","[""YouTube \u306e\u518d\u751f\u5c65\u6b74""]",,,【公式】TBS夜会チャンネル
YouTube,SixTONES official【ガラケーで平成エモ体験！】みんなも共感してるれる？…青春です😏 を視聴しました,https://www.youtube.com/watch?v=OeKwqHX_JXM,"[{""name"": ""SixTONES"", ""url"": ""https://www.youtube.com/channel/UCwjAKjycHHT1QzHrQN5Stww""}]",2026-01-16 12:37:00.462000,"[""YouTube""]","[""YouTube \u306e\u518d\u751f\u5c65\u6b74""]",,,SixTONES
YouTube,ORION 京ジェ を視聴しました,https://www.youtube.com/watch?v=XiP577LDaME,"[{""name"": ""K"", ""url"": ""https://www.youtube.com/channel/UCTGbg-vP0vLXr6A4fbTdPrg""}]",2026-01-15 13:49:12.726000,"[""YouTube""]","[""YouTube \u306e\u518d\u751f\u5c65\u6b74""]",,,error
YouTube,ヒルナンデス を視聴しました,https://www.youtube.com/watch?v=B0BfnuVBOqQ,"[{""name"": ""K"", ""url"": ""https://www.youtube.com/channel/UCTGbg-vP0vLXr6A4fbTdPrg""}]",2026-01-15 13:48:44.114000,"[""YouTube""]","[""YouTube \u306e\u518d\u751f\u5c65\u6b74""]",,,error
YouTube,スターゲイザー　The Covers を視聴しました,https://www.youtube.com/watch?v=fzhHXo5tNH8,"[{""name"": ""K"", ""url"": ""https://www.youtube.com/channel/UCTGbg-vP0vLXr6A4fbTdPrg""}]",2026-01-15 13:45:07.270000,"[""YouTube""]","[""YouTube \u306e\u518d\u751f\u5c65\u6b74""]",,,K
YouTube,やさしいキスをして The Covers を視聴しました,https://www.youtube.com/watch?v=nVBNeOhAGsk,"[{""name"": ""K"", ""url"": ""https://www.youtube.com/channel/UCTGbg-vP0vLXr6A4fbTdPrg""}]",2026-01-15 13:44:49.740000,"[""YouTube""]","[""YouTube \u306e\u518d\u751f\u5c65\u6b74""]",,,K
YouTube,FNS 冬 Sign を視聴しました,https://www.youtube.com/watch?v=scoFGFlCJZ0,"[{""name"": ""K"", ""url"": ""https://www.youtube.com/channel/UCTGbg-vP0vLXr6A4fbTdPrg""}]",2026-01-15 13:40:52.196000,"[""YouTube""]","[""YouTube \u306e\u518d\u751f\u5c65\u6b74""]",,,error
YouTube,モーツァルト を視聴しました,https://www.youtube.com/watch?v=geIjJ6EOOds,"[{""name"": ""K"", ""url"": ""https://www.youtube.com/channel/UCTGbg-vP0vLXr6A4fbTdPrg""}]",2026-01-12 08:13:08.945000,"[""YouTube""]","[""YouTube \u306e\u518d\u751f\u5c65\u6b74""]",,,error
YouTube,SixTONESのオールナイトニッポンサタデースペシャル  2026.01.10 を視聴しました,https://www.youtube.com/watch?v=e50Y4extpdI,"[{""name"": ""Sun Radio"", ""url"": ""https://www.youtube.com/channel/UCq88duEk46tPjlkDIIq4A3g""}]",2026-01-10 14:31:37.067000,"[""YouTube""]","[""YouTube \u306e\u518d\u751f\u5c65\u6b74""]",,,Sun Radio
YouTube,Learn piano with flowkey を視聴しました,https://www.youtube.com/watch?v=4Wa_3rxev9s,,2026-01-10 14:31:11.880000,"[""YouTube""]","[""\u30a6\u30a7\u30d6\u3068\u30a2\u30d7\u30ea\u306e\u30a2\u30af\u30c6\u30a3\u30d3\u30c6\u30a3"", ""YouTube \u306e\u518d\u751f\u5c65\u6b74"", ""YouTube \u306e\u691c\u7d22\u5c65\u6b74""]",15:31 で再生済み,"[{""name"": ""Google \u5e83\u544a\u304b\u3089""}]",flowkey – Learn piano
YouTube,INFMAC SAVINGS IAS  RhodeMacro AV 16x9 6s A1 NA NL NL Dec2025 VO を視聴しました,https://www.youtube.com/watch?v=5JWNFzEOagY,,2026-01-10 14:31:04.949000,"[""YouTube""]","[""\u30a6\u30a7\u30d6\u3068\u30a2\u30d7\u30ea\u306e\u30a2\u30af\u30c6\u30a3\u30d3\u30c6\u30a3"", ""YouTube \u306e\u518d\u751f\u5c65\u6b74"", ""YouTube \u306e\u691c\u7d22\u5c65\u6b74""]",15:31 で再生済み,"[{""name"": ""Google \u5e83\u544a\u304b\u3089""}]",Revolut
YouTube,Shortened: en us smec animated career variant subtitles vo 30s vid 1920x1080 12 13 2024 を視聴しました,https://www.youtube.com/watch?v=JttriFT-15I,,2026-01-10 14:30:57.917000,"[""YouTube""]","[""\u30a6\u30a7\u30d6\u3068\u30a2\u30d7\u30ea\u306e\u30a2\u30af\u30c6\u30a3\u30d3\u30c6\u30a3"", ""YouTube \u306e\u518d\u751f\u5c65\u6b74"", ""YouTube \u306e\u691c\u7d22\u5c65\u6b74""]",15:30 で再生済み,"[{""name"": ""Google \u5e83\u544a\u304b\u3089""}]",Video ad upload channel for 110-014-9090
YouTube,The magical science of storytelling | David JP Phillips | TEDxStockholm を視聴しました,https://www.youtube.com/watch?v=Nj-hdQMa3uA,"[{""name"": ""TEDx Talks"", ""url"": ""https://www.youtube.com/channel/UCsT0YIqwnpJCM-mx7-gSA4Q""}]",2026-01-08 23:39:58.218000,"[""YouTube""]","[""YouTube \u306e\u518d\u751f\u5c65\u6b74""]",,,TEDx Talks
YouTube,How I Overcame My Fear of Public Speaking | Dr. Justin Moseley | TEDxWilmington を視聴しました,https://www.youtube.com/watch?v=aImrjNPrh30,"[{""name"": ""TEDx Talks"", ""url"": ""https://www.youtube.com/channel/UCsT0YIqwnpJCM-mx7-gSA4Q""}]",2026-01-08 23:38:45.680000,"[""YouTube""]","[""YouTube \u306e\u518d\u751f\u5c65\u6b74""]",,,TEDx Talks
YouTube,YTB AUD ACO を視聴しました,https://www.youtube.com/watch?v=mv7t-SegLw8,,2026-01-08 23:38:15.012000,"[""YouTube""]","[""\u30a6\u30a7\u30d6\u3068\u30a2\u30d7\u30ea\u306e\u30a2\u30af\u30c6\u30a3\u30d3\u30c6\u30a3"", ""YouTube \u306e\u518d\u751f\u5c65\u6b74"", ""YouTube \u306e\u691c\u7d22\u5c65\u6b74""]",0:38 で再生済み,"[{""name"": ""Google \u5e83\u544a\u304b\u3089""}]",STRATO Nederland
YouTube,How to avoid death By PowerPoint | David JP Phillips | TEDxStockholmSalon を視聴しました,https://www.youtube.com/watch?v=Iwpi1Lm6dFo,"[{""name"": ""TEDx Talks"", ""url"": ""https://www.youtube.com/channel/UCsT0YIqwnpJCM-mx7-gSA4Q""}]",2026-01-08 23:18:37.277000,"[""YouTube""]","[""YouTube \u306e\u518d\u751f\u5c65\u6b74""]",,,TEDx Talks
YouTube,Thuisbezorgd.nl を視聴しました,https://www.youtube.com/watch?v=EbZrw1KXgXY,,2026-01-08 23:18:07.591000,"[""YouTube""]","[""\u30a6\u30a7\u30d6\u3068\u30a2\u30d7\u30ea\u306e\u30a2\u30af\u30c6\u30a3\u30d3\u30c6\u30a3"", ""YouTube \u306e\u518d\u751f\u5c65\u6b74"", ""YouTube \u306e\u691c\u7d22\u5c65\u6b74""]",0:18 で再生済み,"[{""name"": ""Google \u5e83\u544a\u304b\u3089""}]",Thuisbezorgd.nl - Online Eten Bestellen
YouTube,House of Villains | Stream nu を視聴しました,https://www.youtube.com/watch?v=GvABM2mTS-g,,2026-01-08 23:18:00.886000,"[""YouTube""]","[""\u30a6\u30a7\u30d6\u3068\u30a2\u30d7\u30ea\u306e\u30a2\u30af\u30c6\u30a3\u30d3\u30c6\u30a3"", ""YouTube \u306e\u518d\u751f\u5c65\u6b74"", ""YouTube \u306e\u691c\u7d22\u5c65\u6b74""]",0:18 で再生済み,"[{""name"": ""Google \u5e83\u544a\u304b\u3089""}]",Videoland
YouTube,The 5 Vocal Foundations of Great Communication | Vinh Giang on UNSTOPPABLE を視聴しました,https://www.youtube.com/watch?v=CuaY4qe4V34,"[{""name"": ""Kerwin Rae Podcast Clips"", ""url"": ""https://www.youtube.com/channel/UCxDSxcM0N2crE1MnHKL8MwA""}]",2026-01-08 23:04:49.744000,"[""YouTube""]","[""YouTube \u306e\u518d\u751f\u5c65\u6b74""]",,,Kerwin Rae Podcast Clips
YouTube,NL-NL | D7637 | Blank Again | Mix | Buyer | 16x9 | 10s | .mp4 を視聴しました,https://www.youtube.com/watch?v=9A2xhQoZIZg,,2026-01-08 23:04:42.655000,"[""YouTube""]","[""\u30a6\u30a7\u30d6\u3068\u30a2\u30d7\u30ea\u306e\u30a2\u30af\u30c6\u30a3\u30d3\u30c6\u30a3"", ""YouTube \u306e\u518d\u751f\u5c65\u6b74"", ""YouTube \u306e\u691c\u7d22\u5c65\u6b74""]",0:04 で再生済み,"[{""name"": ""Google \u5e83\u544a\u304b\u3089""}]",Vinted
YouTube,Mr.Children 「Sign」 MUSIC VIDEO を視聴しました,https://www.youtube.com/watch?v=4wuWJ7GAc2s,"[{""name"": ""Mr.Children Official Channel"", ""url"": ""https://www.youtube.com/channel/UCXteDRy5qB0IjA8WPusCJ7w""}]",2026-01-07 20:26:58.463000,"[""YouTube""]","[""YouTube \u306e\u518d\u751f\u5c65\u6b74""]",,,Mr.Children Official Channel
YouTube,Mr.Children「シーソーゲーム ～勇敢な恋の歌～」from TOUR 2017 Thanksgiving 25 を視聴しました,https://www.youtube.com/watch?v=ACt_DfVjqIY,"[{""name"": ""Mr.Children Official Channel"", ""url"": ""https://www.youtube.com/channel/UCXteDRy5qB0IjA8WPusCJ7w""}]",2026-01-07 20:26:44.377000,"[""YouTube""]","[""YouTube \u306e\u518d\u751f\u5c65\u6b74""]",,,Mr.Children Official Channel
YouTube,Shortened: Learn piano with flowkey を視聴しました,https://www.youtube.com/watch?v=0_6__gapk0o,,2026-01-07 20:26:03.963000,"[""YouTube""]","[""\u30a6\u30a7\u30d6\u3068\u30a2\u30d7\u30ea\u306e\u30a2\u30af\u30c6\u30a3\u30d3\u30c6\u30a3"", ""YouTube \u306e\u518d\u751f\u5c65\u6b74"", ""YouTube \u306e\u691c\u7d22\u5c65\u6b74""]",21:26 で再生済み,"[{""name"": ""Google \u5e83\u544a\u304b\u3089""}]",Video ad upload channel for 981-674-1940
YouTube,Mr.Children「Sign」 TOUR POPSAURUS 2012 Live を視聴しました,https://www.youtube.com/watch?v=7aJmUeLMZi4,"[{""name"": ""Mr.Children Official Channel"", ""url"": ""https://www.youtube.com/channel/UCXteDRy5qB0IjA8WPusCJ7w""}]",2026-01-07 20:14:55.414000,"[""YouTube""]","[""YouTube \u306e\u518d\u751f\u5c65\u6b74""]",,,Mr.Children Official Channel
YouTube,FNS 冬 Sign を視聴しました,https://www.youtube.com/watch?v=scoFGFlCJZ0,"[{""name"": ""K"", ""url"": ""https://www.youtube.com/channel/UCTGbg-vP0vLXr6A4fbTdPrg""}]",2026-01-07 20:14:30.618000,"[""YouTube""]","[""YouTube \u306e\u518d\u751f\u5c65\u6b74""]",,,error
YouTube,"【MV Teaser 佐野愛花】

1/10(土)Release & MV解禁❤️
#CUTIESTREET New Music Video

『ぷりきゅきゅ』

▼MV Teaser 佐野愛花
https://youtu.be/DJ1rrdylHAw

Lyrics/Compose/Arrange：YUPPA
Choreography：えりなっち
Director：Mimori Takagi
KAWAII LAB. Producer：木村ミサ

#CUTIESTREET #きゅーすと
#KAWAIIMAKER #きゅーてすと を表示しました",https://www.youtube.com/post/UgkxOS4ThCZjRsbYEQbEwm7UNCBsSzayhkvE,"[{""name"": ""CUTIE STREET"", ""url"": ""https://www.youtube.com/channel/UCEz-AFAg3EUKsxraad1puQA""}]",2026-01-07 17:00:37.704000,"[""YouTube""]","[""YouTube \u306e\u518d\u751f\u5c65\u6b74""]",,,error
YouTube,Samen delen we het AD AD 2025Q4 PontKoffie TVC を視聴しました,https://www.youtube.com/watch?v=C0vCJfEgo6Q,,2026-01-06 19:27:27.594000,"[""YouTube""]","[""\u30a6\u30a7\u30d6\u3068\u30a2\u30d7\u30ea\u306e\u30a2\u30af\u30c6\u30a3\u30d3\u30c6\u30a3"", ""YouTube \u306e\u518d\u751f\u5c65\u6b74"", ""YouTube \u306e\u691c\u7d22\u5c65\u6b74""]",20:27 で再生済み,"[{""name"": ""Google \u5e83\u544a\u304b\u3089""}]",AD
YouTube,NL-NL | D7636 | Blank Again | Mix | Seller | 16x9 | 15s | .mp4 を視聴しました,https://www.youtube.com/watch?v=HJ-ZJEI1f-A,,2026-01-06 19:21:25.009000,"[""YouTube""]","[""\u30a6\u30a7\u30d6\u3068\u30a2\u30d7\u30ea\u306e\u30a2\u30af\u30c6\u30a3\u30d3\u30c6\u30a3"", ""YouTube \u306e\u518d\u751f\u5c65\u6b74"", ""YouTube \u306e\u691c\u7d22\u5c65\u6b74""]",20:21 で再生済み,"[{""name"": ""Google \u5e83\u544a\u304b\u3089""}]",Vinted
YouTube,Akkerwikke - Seizoensgebonden vers & lokaal を視聴しました,https://www.youtube.com/watch?v=OOifJx6GO00,,2026-01-06 19:15:32.353000,"[""YouTube""]","[""\u30a6\u30a7\u30d6\u3068\u30a2\u30d7\u30ea\u306e\u30a2\u30af\u30c6\u30a3\u30d3\u30c6\u30a3"", ""YouTube \u306e\u518d\u751f\u5c65\u6b74"", ""YouTube \u306e\u691c\u7d22\u5c65\u6b74""]",20:15 で再生済み,"[{""name"": ""Google \u5e83\u544a\u304b\u3089""}]",Video ad upload channel
YouTube,"Document of ""Glass Heart"" 【ep.6】Vibrato Behind The Scenes を視聴しました",https://www.youtube.com/watch?v=f1RIXPQP_po,"[{""name"": ""\u4f50\u85e4 \u5065 / Satoh Takeru"", ""url"": ""https://www.youtube.com/channel/UC3BSzbgMn2vLYS4Dp_i-bow""}]",2026-01-06 19:09:18.971000,"[""YouTube""]","[""YouTube \u306e\u518d\u751f\u5c65\u6b74""]",,,佐藤 健 / Satoh Takeru
YouTube,5.0/MG | Evergreen | EN-UK | YouTube Shorts | Q3TrialsFitness15 を視聴しました,https://www.youtube.com/watch?v=B7rikTPIk0Y,,2026-01-06 19:09:11.739000,"[""YouTube""]","[""\u30a6\u30a7\u30d6\u3068\u30a2\u30d7\u30ea\u306e\u30a2\u30af\u30c6\u30a3\u30d3\u30c6\u30a3"", ""YouTube \u306e\u518d\u751f\u5c65\u6b74"", ""YouTube \u306e\u691c\u7d22\u5c65\u6b74""]",20:09 で再生済み,"[{""name"": ""Google \u5e83\u544a\u304b\u3089""}]",WHOOP
YouTube,en us chess playablestyle v02 nointro gameplay vo 25s vid 1080x1920 12 11 2025 を視聴しました,https://www.youtube.com/watch?v=zRSWGqZg32o,,2026-01-06 19:05:59.697000,"[""YouTube""]","[""\u30a6\u30a7\u30d6\u3068\u30a2\u30d7\u30ea\u306e\u30a2\u30af\u30c6\u30a3\u30d3\u30c6\u30a3"", ""YouTube \u306e\u518d\u751f\u5c65\u6b74"", ""YouTube \u306e\u691c\u7d22\u5c65\u6b74""]",20:05 で再生済み,"[{""name"": ""Google \u5e83\u544a\u304b\u3089""}]",Duolingo
YouTube,INH DAILYBANKING FOREX 392801 NLMatthyTrustMacro AV 16x9 6s A 1 NL NL Apr2025 を視聴しました,https://www.youtube.com/watch?v=Y9keSa7CUx4,,2026-01-06 19:05:52.954000,"[""YouTube""]","[""\u30a6\u30a7\u30d6\u3068\u30a2\u30d7\u30ea\u306e\u30a2\u30af\u30c6\u30a3\u30d3\u30c6\u30a3"", ""YouTube \u306e\u518d\u751f\u5c65\u6b74"", ""YouTube \u306e\u691c\u7d22\u5c65\u6b74""]",20:05 で再生済み,"[{""name"": ""Google \u5e83\u544a\u304b\u3089""}]",Revolut
YouTube,ANWB 500EURO SQUARE 10s no URL VO を視聴しました,https://www.youtube.com/watch?v=DJTYa-mDHt8,,2026-01-06 19:00:17.983000,"[""YouTube""]","[""\u30a6\u30a7\u30d6\u3068\u30a2\u30d7\u30ea\u306e\u30a2\u30af\u30c6\u30a3\u30d3\u30c6\u30a3"", ""YouTube \u306e\u518d\u751f\u5c65\u6b74"", ""YouTube \u306e\u691c\u7d22\u5c65\u6b74""]",20:00 で再生済み,"[{""name"": ""Google \u5e83\u544a\u304b\u3089""}]",ANWB Communicatie
YouTube,"Shortened: 00838 EN 1609 QBS Julian fur elise Talking Head, Playing with app on white piano Do you h を視聴しました",https://www.youtube.com/watch?v=SEjKurK65kA,,2026-01-06 18:59:20.353000,"[""YouTube""]","[""\u30a6\u30a7\u30d6\u3068\u30a2\u30d7\u30ea\u306e\u30a2\u30af\u30c6\u30a3\u30d3\u30c6\u30a3"", ""YouTube \u306e\u518d\u751f\u5c65\u6b74"", ""YouTube \u306e\u691c\u7d22\u5c65\u6b74""]",19:59 で再生済み,"[{""name"": ""Google \u5e83\u544a\u304b\u3089""}]",Video ad upload channel for 981-674-1940
YouTube,GOF3D7858_EN_FZ老板日常-单人口播-演员-Joshua_1080x1920 を視聴しました,https://www.youtube.com/watch?v=TkseHpqQTCs,,2026-01-06 18:52:43.062000,"[""YouTube""]","[""\u30a6\u30a7\u30d6\u3068\u30a2\u30d7\u30ea\u306e\u30a2\u30af\u30c6\u30a3\u30d3\u30c6\u30a3"", ""YouTube \u306e\u518d\u751f\u5c65\u6b74"", ""YouTube \u306e\u691c\u7d22\u5c65\u6b74""]",19:52 で再生済み,"[{""name"": ""Google \u5e83\u544a\u304b\u3089""}]",Whiteout Survival
YouTube,沖縄の海に家族全員テンション上がりすぎて急に素潜り対決が始まったかと思いきや途中から亀まで仲間入りしてきて可愛過ぎた横で雄史は誰よりも長く潜り続けて最終的にトリトンになりかけてて草 を視聴しました,https://www.youtube.com/watch?v=DiJ_CG4_A70,"[{""name"": ""\u4ef2\u91cc\u4f9d\u7d17\u3067\u3059\u3002"", ""url"": ""https://www.youtube.com/channel/UCJyGoLz_sLHHHI1uEPg6UhA""}]",2026-01-06 18:47:35.803000,"[""YouTube""]","[""YouTube \u306e\u518d\u751f\u5c65\u6b74""]",,,仲里依紗です。
YouTube,5.0/MG | Evergreen | EN-UK | YouTube In-Feed | Q3TrialsFitness15 を視聴しました,https://www.youtube.com/watch?v=K3Fj9sHjDU0,,2026-01-06 18:47:14.568000,"[""YouTube""]","[""\u30a6\u30a7\u30d6\u3068\u30a2\u30d7\u30ea\u306e\u30a2\u30af\u30c6\u30a3\u30d3\u30c6\u30a3"", ""YouTube \u306e\u518d\u751f\u5c65\u6b74"", ""YouTube \u306e\u691c\u7d22\u5c65\u6b74""]",19:47 で再生済み,"[{""name"": ""Google \u5e83\u544a\u304b\u3089""}]",WHOOP
YouTube,INH CARDS STDPLAN 420643 PurpleandwhiteABtest UGC 16x9 6s A 1 NL NL Jul2025 を視聴しました,https://www.youtube.com/watch?v=IzZkAdP7Gns,,2026-01-06 18:47:08.135000,"[""YouTube""]","[""\u30a6\u30a7\u30d6\u3068\u30a2\u30d7\u30ea\u306e\u30a2\u30af\u30c6\u30a3\u30d3\u30c6\u30a3"", ""YouTube \u306e\u518d\u751f\u5c65\u6b74"", ""YouTube \u306e\u691c\u7d22\u5c65\u6b74""]",19:47 で再生済み,"[{""name"": ""Google \u5e83\u544a\u304b\u3089""}]",Revolut
YouTube,【#2】彩乃は下投げです【CUTIE STREET SHORT DOCUMENTARY】 を視聴しました,https://www.youtube.com/watch?v=BGHLUKAwHHA,"[{""name"": ""CUTIE STREET"", ""url"": ""https://www.youtube.com/channel/UCEz-AFAg3EUKsxraad1puQA""}]",2026-01-06 18:42:36.227000,"[""YouTube""]","[""YouTube \u306e\u518d\u751f\u5c65\u6b74""]",,,CUTIE STREET
YouTube,Shortened: en us language learning journey variants language selector novo 30s vid 1080x1920 12 13 2 を視聴しました,https://www.youtube.com/watch?v=ZUj68p1zDvw,,2026-01-06 18:42:29.080000,"[""YouTube""]","[""\u30a6\u30a7\u30d6\u3068\u30a2\u30d7\u30ea\u306e\u30a2\u30af\u30c6\u30a3\u30d3\u30c6\u30a3"", ""YouTube \u306e\u518d\u751f\u5c65\u6b74"", ""YouTube \u306e\u691c\u7d22\u5c65\u6b74""]",19:42 で再生済み,"[{""name"": ""Google \u5e83\u544a\u304b\u3089""}]",Video ad upload channel for 110-014-9090
YouTube,"【 2025年 衣装まとめ❤️💚 】

LIVEやテレビでの歌唱を
華やかに彩ってくれた衣装達。

2025年、沢山の衣装が仲間入り👗

❤️佐野愛花 💚板倉可奈

▼𝒀𝒐𝒖𝑻𝒖𝒃𝒆チャンネル✨
https://youtube.com/@cutie_street?si=GO3cCwn1KWQG83SX

#CUTIESTREET #きゅーすと 
#KAWAIIMAKER #きゅーてすと を表示しました",https://www.youtube.com/post/UgkxQyms9MHcnTIj1Mrd_k-gx9M4t5LV_FKj,"[{""name"": ""CUTIE STREET"", ""url"": ""https://www.youtube.com/channel/UCEz-AFAg3EUKsxraad1puQA""}]",2026-01-06 18:42:07.074000,"[""YouTube""]","[""YouTube \u306e\u518d\u751f\u5c65\u6b74""]",,,error
YouTube,"困ったさん

🌸サクラバハルカ

Zipper
amzn.to/47L0u4Y

#CUTIESTREET #きゅーすと 
#KAWAIIMAKER #きゅーてすと を表示しました",https://www.youtube.com/post/UgkxiVBgKYO0PMfw8oWPD59MJHLntRcmCvAP,"[{""name"": ""CUTIE STREET"", ""url"": ""https://www.youtube.com/channel/UCEz-AFAg3EUKsxraad1puQA""}]",2026-01-06 18:42:07.074000,"[""YouTube""]","[""YouTube \u306e\u518d\u751f\u5c65\u6b74""]",,,error
YouTube,"【#きゅーすとだいありー #2】
https://youtu.be/BGHLUKAwHHA

#2  『彩乃は下投げです』

SHORT DOCUMENTARY企画。

KAWAII MAKERとして、夢に向かって奮闘の毎日。そんな日常から、とあるワンシーンを切り出していく。

オチがある時もない時も
尺が長い時も短い時も
時系列がある時もない時も

CUTIE STREETはずっと生きている。

普段なら世に出ないような
彼女達のリアルを残していく。

映像日記（だいありー）として。

#CUTIESTREET #きゅーすと 
#KAWAIIMAKER #きゅーてすと を表示しました",https://www.youtube.com/post/UgkxKd9KKfzGCYP6M3WB8TEmkw2k1OqG7eT6,"[{""name"": ""CUTIE STREET"", ""url"": ""https://www.youtube.com/channel/UCEz-AFAg3EUKsxraad1puQA""}]",2026-01-06 18:42:07.074000,"[""YouTube""]","[""YouTube \u306e\u518d\u751f\u5c65\u6b74""]",,,error
YouTube,「ブラッシュアップライフ第4話」「巻きたい」という気持ちが現場を動かす。大渋滞を乗り越えて撮影を３時間早めた、チームの奇跡 を視聴しました,https://www.youtube.com/watch?v=R9TifDxN6Nw,"[{""name"": ""N\u00e1ng T\u1ea1"", ""url"": ""https://www.youtube.com/channel/UC4sej9STiiFzxM4sHsUS1qg""}]",2026-01-06 11:28:48.024000,"[""YouTube""]","[""YouTube \u306e\u518d\u751f\u5c65\u6b74""]",,,Náng Tạ
YouTube,きゅーてすとっさんへお誕生日おめでとうございます！#cutiestreet #かわいいだけじゃだめですか #きゅーすと #お祝い #川本笑瑠 さん#真鍋凪咲 さん を視聴しました,https://www.youtube.com/watch?v=oYxKU36cFJY,"[{""name"": ""\u307f\u3084\u3063\u3061"", ""url"": ""https://www.youtube.com/channel/UCYABcHUQWX65t3Whx5ggTfw""}]",2026-01-06 11:28:20.266000,"[""YouTube""]","[""YouTube \u306e\u518d\u751f\u5c65\u6b74""]",,,みやっち
YouTube,https://www.youtube.com/watch?v=Xa5has1CGEo を視聴しました,https://www.youtube.com/watch?v=Xa5has1CGEo,,2026-01-06 11:27:24.925000,"[""YouTube""]","[""YouTube \u306e\u518d\u751f\u5c65\u6b74""]",,,error
YouTube,【夫が寝たあとに】初公開！ちゃんみなの育児姿 #夫が寝たあとに #藤本美貴 #ミキティ #横澤夏子#ちゃんみな #shorts を視聴しました,https://www.youtube.com/watch?v=VqFPLkQmY1o,"[{""name"": ""\u592b\u304c\u5bdd\u305f\u3042\u3068\u306b\u3010\u516c\u5f0f\u3011"", ""url"": ""https://www.youtube.com/channel/UC09hthLsb6suAwttk_YK5Eg""}]",2026-01-06 11:26:28.642000,"[""YouTube""]","[""YouTube \u306e\u518d\u751f\u5c65\u6b74""]",,,夫が寝たあとに【公式】
YouTube,【G63なのに！】 リセールが良い秘密...グランドエディション入荷！ を視聴しました,https://www.youtube.com/watch?v=9TLCcgEIuTM,"[{""name"": ""MARUGEN -G\u30af\u30e9\u30b9\u5c02\u9580\u5e97-"", ""url"": ""https://www.youtube.com/channel/UC_L1xKhMWCTiYW0NNUetoew""}]",2026-01-06 11:26:27.545000,"[""YouTube""]","[""YouTube \u306e\u518d\u751f\u5c65\u6b74""]",,,MARUGEN -Gクラス専門店-
YouTube,北斗嬉しそう？？年末に特大きょもほくをありがとう🖤🩷#きょもほく#京本大我#松村北斗#sixtones #fyp を視聴しました,https://www.youtube.com/watch?v=v7i-rnav7Vo,"[{""name"": ""yuan"", ""url"": ""https://www.youtube.com/channel/UCM1atRyuh6EElXTUxvhYY9A""}]",2026-01-06 11:26:24.924000,"[""YouTube""]","[""YouTube \u306e\u518d\u751f\u5c65\u6b74""]",,,yuamnnn
YouTube,Shortened: 何世杰10 を視聴しました,https://www.youtube.com/watch?v=bqmnhS9vI08,,2026-01-06 11:26:23.542000,"[""YouTube""]","[""\u30a6\u30a7\u30d6\u3068\u30a2\u30d7\u30ea\u306e\u30a2\u30af\u30c6\u30a3\u30d3\u30c6\u30a3"", ""YouTube \u306e\u518d\u751f\u5c65\u6b74""]",,"[{""name"": ""Google \u5e83\u544a\u304b\u3089""}]",Video ad upload channel for 311-099-9752
YouTube,https://www.youtube.com/watch?v=4W6vihz1-64 を視聴しました,https://www.youtube.com/watch?v=4W6vihz1-64,,2026-01-06 11:26:10.246000,"[""YouTube""]","[""YouTube \u306e\u518d\u751f\u5c65\u6b74""]",,,error
YouTube,狩野英孝が天才だと分かる瞬間w#お笑い #すごい #shorts を視聴しました,https://www.youtube.com/watch?v=9ibUyWv6RqA,"[{""name"": ""\u30c8\u30e0\u306e\u30a8\u30b5"", ""url"": ""https://www.youtube.com/channel/UCDlainOS2922JUjSUz4KDKw""}]",2026-01-06 11:25:24.452000,"[""YouTube""]","[""YouTube \u306e\u518d\u751f\u5c65\u6b74""]",,,トムのエサ
YouTube,最高に熱い”最高の2人”全日本大学駅伝を走り終えた2人の漢＃陸上＃箱根駅伝＃全日本大学駅伝＃おすすめ＃駅伝＃感動＃青山学院大学#shorts を視聴しました,https://www.youtube.com/watch?v=NPuqq8KIn-s,"[{""name"": ""\u30b5\u30ab\u30a6-SAKAU-"", ""url"": ""https://www.youtube.com/channel/UC7vuxqS6O1hUP81cPl1iy8g""}]",2026-01-06 11:25:22.223000,"[""YouTube""]","[""YouTube \u306e\u518d\u751f\u5c65\u6b74""]",,,サカウ-SAKAU-
YouTube,ポッパー？板倉可奈 #CUTIESTREET #きゅーすとのうた を視聴しました,https://www.youtube.com/watch?v=v684bGPj6bs,"[{""name"": ""CUTIE STREET"", ""url"": ""https://www.youtube.com/channel/UCEz-AFAg3EUKsxraad1puQA""}]",2026-01-06 11:25:20.122000,"[""YouTube""]","[""YouTube \u306e\u518d\u751f\u5c65\u6b74""]",,,CUTIE STREET
YouTube,NL 0000887 FAMILY COOKING Speekly Anouk Hook2 2 2551 Video UGC 9x16 を視聴しました,https://www.youtube.com/watch?v=zbUkTxnkUCA,,2026-01-06 11:25:18.649000,"[""YouTube""]","[""\u30a6\u30a7\u30d6\u3068\u30a2\u30d7\u30ea\u306e\u30a2\u30af\u30c6\u30a3\u30d3\u30c6\u30a3"", ""YouTube \u306e\u518d\u751f\u5c65\u6b74""]",,"[{""name"": ""Google \u5e83\u544a\u304b\u3089""}]",Picnic
YouTube,男性陣耳塞いでください！！＃ちゃんみな＃YURI＃Tiger＃ノノガ＃SKY-HI＃HANA を視聴しました,https://www.youtube.com/watch?v=jr8gFNfweQo,"[{""name"": ""\u3089\u3089"", ""url"": ""https://www.youtube.com/channel/UCENzgTmV0AIN5RWz-m7x3XQ""}]",2026-01-06 11:25:17.281000,"[""YouTube""]","[""YouTube \u306e\u518d\u751f\u5c65\u6b74""]",,,らら
YouTube,#PR @YouTubeJapan  特別コラボ企画！！【#おもしろコメント拾ってみた 💬】マグネシウムに水をかけたら大爆発するって本当！？ #実験 #Shorts を視聴しました,https://www.youtube.com/watch?v=STLx0ph8Xmc,"[{""name"": ""\u3059\u3057\u3089\u30fc\u3081\u3093\u300a\u308a\u304f\u300b"", ""url"": ""https://www.youtube.com/channel/UCljYHFazflmGaDr5Lo90KmA""}]",2026-01-06 11:23:30.670000,"[""YouTube""]","[""YouTube \u306e\u518d\u751f\u5c65\u6b74""]",,,すしらーめん《りく》
YouTube,先輩のライブを見て感動する後輩達#すごい #最高のシーン #感動 #shorts を視聴しました,https://www.youtube.com/watch?v=GuDSok4i83E,"[{""name"": ""\u30c8\u30e0\u306e\u30a8\u30b5"", ""url"": ""https://www.youtube.com/channel/UCDlainOS2922JUjSUz4KDKw""}]",2026-01-06 11:23:28.264000,"[""YouTube""]","[""YouTube \u306e\u518d\u751f\u5c65\u6b74""]",,,トムのエサ
YouTube,ケンティーからのLINE#sixtones #shorts を視聴しました,https://www.youtube.com/watch?v=3jLvbtXQG7k,"[{""name"": ""\u30a2\u30a4\u30c9\u30eb\u5927\u597d\u304d\u56f3\u9451"", ""url"": ""https://www.youtube.com/channel/UCAtoeb-wP2lEP7XQcrcICow""}]",2026-01-06 11:23:22.584000,"[""YouTube""]","[""YouTube \u306e\u518d\u751f\u5c65\u6b74""]",,,アイドル大好き図鑑
YouTube,スイーツか本物を当てるゲームでまさかの…#雑学 #shorts #スイーツ を視聴しました,https://www.youtube.com/watch?v=cISfU4fa710,"[{""name"": ""\u3057\u3083\u3044\u306b\u30fc!"", ""url"": ""https://www.youtube.com/channel/UC0GWXepz3mpwisfAFwRwcsw""}]",2026-01-06 11:23:20.986000,"[""YouTube""]","[""YouTube \u306e\u518d\u751f\u5c65\u6b74""]",,,しゃいにー!
YouTube,【嵐】松潤の腹筋崩壊まとめ #嵐 #松本潤 #shorts を視聴しました,https://www.youtube.com/watch?v=UklqxiaxECw,"[{""name"": ""\u3044\u3044\u306d\u304c\u597d\u7269\u3055\u3093"", ""url"": ""https://www.youtube.com/channel/UCNro-n_AlHg3TEYMbzWr-yA""}]",2026-01-06 11:23:15.464000,"[""YouTube""]","[""YouTube \u306e\u518d\u751f\u5c65\u6b74""]",,,いいねが好物さん
YouTube,GOF3D7666_EN_FZAI解说-切冰冻三文鱼-渔网捕鱼切割_1080x1920 を視聴しました,https://www.youtube.com/watch?v=7gS74vc2sYY,,2026-01-06 11:23:10.730000,"[""YouTube""]","[""\u30a6\u30a7\u30d6\u3068\u30a2\u30d7\u30ea\u306e\u30a2\u30af\u30c6\u30a3\u30d3\u30c6\u30a3"", ""YouTube \u306e\u518d\u751f\u5c65\u6b74""]",,"[{""name"": ""Google \u5e83\u544a\u304b\u3089""}]",Whiteout Survival
YouTube,誰よりも教習所にいた風磨くん💜#timelesz #菊池風磨 #shortvideo を視聴しました,https://www.youtube.com/watch?v=gbtuRUmh82A,"[{""name"": ""\u305f\u3044\u3080\u308c\u3059\u307e\u30fc\u30fc\u3093"", ""url"": ""https://www.youtube.com/channel/UC1LLiAUjd9cbgqqwFXdlS-g""}]",2026-01-06 11:22:29.020000,"[""YouTube""]","[""YouTube \u306e\u518d\u751f\u5c65\u6b74""]",,,たいむれすまーーん
YouTube,🌟🎍𝟐𝟎𝟐𝟔は、MORE STARこの9人で「馬九行久(うまくいく)」❣️一緒に駆け抜けよう⛩️🐎💫 #morestar #もあすた #kawaiilab #ダンス を視聴しました,https://www.youtube.com/watch?v=fx4UXx1SKAs,"[{""name"": ""MORE STAR"", ""url"": ""https://www.youtube.com/channel/UCBkLxz038AbxBA8CMw6o9oA""}]",2026-01-06 11:22:25.505000,"[""YouTube""]","[""YouTube \u306e\u518d\u751f\u5c65\u6b74""]",,,MORE STAR
YouTube,向井康二バラエティーの神降臨の瞬間w #面白い #バラエティー #スター #shorts を視聴しました,https://www.youtube.com/watch?v=iel5qNJdE1E,"[{""name"": ""\u548c\u98a8\u30ec\u30b8\u30e3\u30fc\u90e8"", ""url"": ""https://www.youtube.com/channel/UCV_0JJdS19Eaz4Ocz1KSoHg""}]",2026-01-06 11:21:26.881000,"[""YouTube""]","[""YouTube \u306e\u518d\u751f\u5c65\u6b74""]",,,和風レジャー部
YouTube,https://www.youtube.com/watch?v=plGFXq6jXwk を視聴しました,https://www.youtube.com/watch?v=plGFXq6jXwk,,2026-01-06 11:20:04.935000,"[""YouTube""]","[""YouTube \u306e\u518d\u751f\u5c65\u6b74""]",,,error
YouTube,広告かと思った #板倉可奈 #佐野愛花 #CUTIESTREET を視聴しました,https://www.youtube.com/watch?v=crAFuSDTbvw,"[{""name"": ""CUTIE STREET"", ""url"": ""https://www.youtube.com/channel/UCEz-AFAg3EUKsxraad1puQA""}]",2026-01-06 11:20:01.944000,"[""YouTube""]","[""YouTube \u306e\u518d\u751f\u5c65\u6b74""]",,,CUTIE STREET
YouTube,京本大我と田中樹の可愛すぎエピソード5選 #京本大我 #田中樹 #sixtones #ストーンズ #ジャニーズ を視聴しました,https://www.youtube.com/watch?v=tPuCji0V4Cw,"[{""name"": ""\u3057\u308d\u306d\u3053\u306e\u30b8\u30e3\u30cb\u30fc\u30ba\u90e8\u5c4b"", ""url"": ""https://www.youtube.com/channel/UC2og0VnT47-gkGM6P3gwDMQ""}]",2026-01-06 11:18:01.343000,"[""YouTube""]","[""YouTube \u306e\u518d\u751f\u5c65\u6b74""]",,,しろねこのジャニーズ部屋
YouTube,アマゾン森本【ブラジル縦断旅〜＃1】日本からの出発~その１ を視聴しました,https://www.youtube.com/watch?v=GIt4b4p9oJw,"[{""name"": ""\u30a2\u30de\u30be\u30f3\u68ee\u672c\u30c1\u30e3\u30f3\u30cd\u30eb"", ""url"": ""https://www.youtube.com/channel/UCl_2lY1kI-6p9DO5-94RJ5A""}]",2026-01-06 11:17:58.903000,"[""YouTube""]","[""YouTube \u306e\u518d\u751f\u5c65\u6b74""]",,,アマゾン森本チャンネル
YouTube,間宮くんアリツア当選#sixtones #shorts を視聴しました,https://www.youtube.com/watch?v=2v5rMwK9lxM,"[{""name"": ""\u30a2\u30a4\u30c9\u30eb\u5927\u597d\u304d\u56f3\u9451"", ""url"": ""https://www.youtube.com/channel/UCAtoeb-wP2lEP7XQcrcICow""}]",2026-01-06 11:16:42.902000,"[""YouTube""]","[""YouTube \u306e\u518d\u751f\u5c65\u6b74""]",,,アイドル大好き図鑑
YouTube,NL-NL | D7637 | Blank Again | Mix | Buyer | 9x16 | 10s | .mp4 を視聴しました,https://www.youtube.com/watch?v=zjF8ng_wwpU,,2026-01-06 11:16:41.227000,"[""YouTube""]","[""\u30a6\u30a7\u30d6\u3068\u30a2\u30d7\u30ea\u306e\u30a2\u30af\u30c6\u30a3\u30d3\u30c6\u30a3"", ""YouTube \u306e\u518d\u751f\u5c65\u6b74""]",,"[{""name"": ""Google \u5e83\u544a\u304b\u3089""}]",Vinted
YouTube,https://www.youtube.com/watch?v=rTz5hJzuUWw を視聴しました,https://www.youtube.com/watch?v=rTz5hJzuUWw,,2026-01-06 11:14:58.318000,"[""YouTube""]","[""YouTube \u306e\u518d\u751f\u5c65\u6b74""]",,,error
YouTube,SixTONESってこんな喋るの？？笑#sixtones  #ジェシー #京本大我 #松村北斗 #髙地優吾 #森本慎太郎 #田中樹 #しょうチャンネル を視聴しました,https://www.youtube.com/watch?v=_K4zvkIxxzo,"[{""name"": ""6\u3064\u306e\u97f3\u8272"", ""url"": ""https://www.youtube.com/channel/UC69LxlL4ZTFGm6zfFNVagog""}]",2026-01-06 11:12:49.720000,"[""YouTube""]","[""YouTube \u306e\u518d\u751f\u5c65\u6b74""]",,,6つの音色
YouTube,#京本大我 主演『憧れの作家は人間じゃありませんでした』コメント到着💭 を視聴しました,https://www.youtube.com/watch?v=MWIpzgB9z-c,"[{""name"": ""Storm FILM Official"", ""url"": ""https://www.youtube.com/channel/UCzDM-Rh69mT7I5vK3ipPb3A""}]",2026-01-06 11:10:08.023000,"[""YouTube""]","[""YouTube \u306e\u518d\u751f\u5c65\u6b74""]",,,Storm FILM Official
YouTube,SixTONES 髙地優吾がビビりすぎて謎の覚醒！『俺を怒らせたらどうなるか見せてやろう』【新幹線０号】 を視聴しました,https://www.youtube.com/watch?v=RpkcoQ8LXGc,"[{""name"": ""\u653e\u8ab2\u5f8c GAMING LIFE"", ""url"": ""https://www.youtube.com/channel/UCvmTVIw2ZCJg49XHR0OoSAg""}]",2026-01-05 17:18:27.609000,"[""YouTube""]","[""YouTube \u306e\u518d\u751f\u5c65\u6b74""]",,,放課後 GAMING LIFE
YouTube,Learn piano with flowkey を視聴しました,https://www.youtube.com/watch?v=BlBt8-xPiiE,,2026-01-05 17:18:19.874000,"[""YouTube""]","[""\u30a6\u30a7\u30d6\u3068\u30a2\u30d7\u30ea\u306e\u30a2\u30af\u30c6\u30a3\u30d3\u30c6\u30a3"", ""YouTube \u306e\u518d\u751f\u5c65\u6b74"", ""YouTube \u306e\u691c\u7d22\u5c65\u6b74""]",18:18 で再生済み,"[{""name"": ""Google \u5e83\u544a\u304b\u3089""}]",flowkey – Learn piano
YouTube,Shortened: en us language learning journey variants language selector novo 30s vid 1080x1920 12 13 2 を視聴しました,https://www.youtube.com/watch?v=ZUj68p1zDvw,,2026-01-05 17:18:13.398000,"[""YouTube""]","[""\u30a6\u30a7\u30d6\u3068\u30a2\u30d7\u30ea\u306e\u30a2\u30af\u30c6\u30a3\u30d3\u30c6\u30a3"", ""YouTube \u306e\u518d\u751f\u5c65\u6b74"", ""YouTube \u306e\u691c\u7d22\u5c65\u6b74""]",18:18 で再生済み,"[{""name"": ""Google \u5e83\u544a\u304b\u3089""}]",Video ad upload channel for 110-014-9090
YouTube,冰瓶子 を視聴しました,https://www.youtube.com/watch?v=hWxc1oMYhHo,,2026-01-04 21:54:46.053000,"[""YouTube""]","[""\u30a6\u30a7\u30d6\u3068\u30a2\u30d7\u30ea\u306e\u30a2\u30af\u30c6\u30a3\u30d3\u30c6\u30a3"", ""YouTube \u306e\u518d\u751f\u5c65\u6b74"", ""YouTube \u306e\u691c\u7d22\u5c65\u6b74""]",22:54 で再生済み,"[{""name"": ""Google \u5e83\u544a\u304b\u3089""}]",Games Kid
YouTube,Vertical: 25 08 CleanerApp FallInto video V3  1920x1080 34s EN ZenkoArtsiom を視聴しました,https://www.youtube.com/watch?v=23-r3-xEDAU,,2026-01-04 21:49:09.645000,"[""YouTube""]","[""\u30a6\u30a7\u30d6\u3068\u30a2\u30d7\u30ea\u306e\u30a2\u30af\u30c6\u30a3\u30d3\u30c6\u30a3"", ""YouTube \u306e\u518d\u751f\u5c65\u6b74"", ""YouTube \u306e\u691c\u7d22\u5c65\u6b74""]",22:49 で再生済み,"[{""name"": ""Google \u5e83\u544a\u304b\u3089""}]",Video ad upload channel
YouTube,Shortened: en us smec animated career variant subtitles vo 30s vid 1920x1080 12 13 2024 を視聴しました,https://www.youtube.com/watch?v=JttriFT-15I,,2026-01-04 21:41:58.597000,"[""YouTube""]","[""\u30a6\u30a7\u30d6\u3068\u30a2\u30d7\u30ea\u306e\u30a2\u30af\u30c6\u30a3\u30d3\u30c6\u30a3"", ""YouTube \u306e\u518d\u751f\u5c65\u6b74"", ""YouTube \u306e\u691c\u7d22\u5c65\u6b74""]",22:41 で再生済み,"[{""name"": ""Google \u5e83\u544a\u304b\u3089""}]",Video ad upload channel for 110-014-9090
YouTube,"コロ助とブタゴリラが着いたのはパンダの檻🐼⁉️
🚀キテレツ大百科動画更新🚀

「大当り! 宝くじでパンダと３千万円!?」
を公開しました！

🔻あらすじ
引き換え期限が切れた3千万円の宝くじを諦めきれないブタゴリラは、英一の目をを盗み、コロ助と航時機で過去へ戻るが、着いたのはパンダの檻だった。

今すぐチェック👇
https://youtu.be/ioyN_GPhgpQ

📺アニメ『ドラえもん』はテレビ朝日系列 毎週土曜ごご5時から放送中！

✅『ドラえもんTV』では、1,400話以上見放題！
https://douga.tv-asahi.co.jp/plan/doraemon

#キテレツ大百科 #Kiteretsu #パンダ を表示しました",https://www.youtube.com/post/Ugkxdu1DgvvvSd8bbrWeIGoYzpBNasOS55Nw,"[{""name"": ""\u3010\u516c\u5f0f\u3011\u30c9\u30e9\u3048\u3082\u3093 / \u85e4\u5b50\u30fbF\u30fb\u4e0d\u4e8c\u96c4\u30c1\u30e3\u30f3\u30cd\u30eb"", ""url"": ""https://www.youtube.com/channel/UChX6YTx96D5yEW7EUD7KdZQ""}]",2026-01-04 21:41:53.770000,"[""YouTube""]","[""YouTube \u306e\u518d\u751f\u5c65\u6b74""]",,,error
YouTube,SixTONES - JAPONICA STYLE [English Ver.] (Lyric Video) を視聴しました,https://www.youtube.com/watch?v=QB4LWVwDCeg,"[{""name"": ""SixTONES"", ""url"": ""https://www.youtube.com/channel/UCwjAKjycHHT1QzHrQN5Stww""}]",2026-01-04 20:49:58.192000,"[""YouTube""]","[""YouTube \u306e\u518d\u751f\u5c65\u6b74""]",,,SixTONES
YouTube,黒磯がしんのすけ家で家政婦をしている #クレヨンしんちゃん #コントチャンネル #アニメ  #動漫 を視聴しました,https://www.youtube.com/watch?v=xCgCyh_wblI,"[{""name"": ""\u91ce\u539f\u5bb6\u30d5\u30a1\u30df\u30ea\u30fc\u30e9\u30d6"", ""url"": ""https://www.youtube.com/channel/UCaUioEqNjDSWKoeYRPLD8gg""}]",2026-01-04 19:32:46.382000,"[""YouTube""]","[""YouTube \u306e\u518d\u751f\u5c65\u6b74""]",,,野原家ファミリーラブ
YouTube,SixTONES ANN We are SixTONES！！第4弾 を視聴しました,https://www.youtube.com/watch?v=o7byXxExWFQ,"[{""name"": ""\u3061\u3048\u306e\u308f"", ""url"": ""https://www.youtube.com/channel/UCX7b2oA1iBPs1y0ZN0V3z9g""}]",2026-01-04 19:32:45.055000,"[""YouTube""]","[""YouTube \u306e\u518d\u751f\u5c65\u6b74""]",,,ちえのわ
YouTube,"ファントムシータ - ウタカタララバイ, キミと××××したいだけ, レディメイド, おともだち / THE FIRST TAKE を視聴しました",https://www.youtube.com/watch?v=LgjQX5fLStc,"[{""name"": ""THE FIRST TAKE"", ""url"": ""https://www.youtube.com/channel/UC9zY_E8mcAo_Oq772LEZq8Q""}]",2026-01-04 19:32:43.393000,"[""YouTube""]","[""YouTube \u306e\u518d\u751f\u5c65\u6b74""]",,,THE FIRST TAKE
YouTube,可愛すぎて胸が苦しくなるwww を視聴しました,https://www.youtube.com/watch?v=OBxAoMxd3f8,"[{""name"": ""\u52d5\u7269\u597d\u304d\u306e\u70ba\u306e\u52d5\u753b"", ""url"": ""https://www.youtube.com/channel/UC44e1BPvMG2QewdA-QQ1DvQ""}]",2026-01-04 19:32:42.057000,"[""YouTube""]","[""YouTube \u306e\u518d\u751f\u5c65\u6b74""]",,,動物好きの為の動画
YouTube,”もう一回”観たくなるシーン映画『ファーストキス　1ST KISS』大ヒット上映中 #shorts を視聴しました,https://www.youtube.com/watch?v=4Ucz6Z-CO-M,"[{""name"": ""\u6771\u5b9dMOVIE\u30c1\u30e3\u30f3\u30cd\u30eb"", ""url"": ""https://www.youtube.com/channel/UCTDMT3aL30noTVFgNPA9XtQ""}]",2026-01-04 19:31:54.760000,"[""YouTube""]","[""YouTube \u306e\u518d\u751f\u5c65\u6b74""]",,,東宝MOVIEチャンネル
YouTube,海外でバズったディズニーキャラの神ファンサTOP5 を視聴しました,https://www.youtube.com/watch?v=c2eG0isExFk,"[{""name"": ""\u30ef\u30fc\u30eb\u30c9\u30cf\u30c3\u30af"", ""url"": ""https://www.youtube.com/channel/UCpINXzgnom9unyFKq2u7aQg""}]",2026-01-04 19:31:52.441000,"[""YouTube""]","[""YouTube \u306e\u518d\u751f\u5c65\u6b74""]",,,ワールドハック
YouTube,【真顔ダチャレンジ】こんな遊び方はいかが？😐#もっとキラッと #MORESTAR #もあすた #KAWAIIlAB #カワラボ を視聴しました,https://www.youtube.com/watch?v=rILcCxxtNb8,"[{""name"": ""MORE STAR"", ""url"": ""https://www.youtube.com/channel/UCBkLxz038AbxBA8CMw6o9oA""}]",2026-01-04 19:31:51.235000,"[""YouTube""]","[""YouTube \u306e\u518d\u751f\u5c65\u6b74""]",,,MORE STAR
YouTube,【英語】ｷﾁﾝﾚﾓﾝﾍﾟｯﾊﾟｰﾛｰｽﾄ選手権#ふるっぱー #切り抜き #ショート #fruitszipper #櫻井優衣 #松本かれん #月足天音 #鎮西寿々歌 #仲川瑠夏 #早瀬ノエル #真中まな を視聴しました,https://www.youtube.com/watch?v=lIK4QGXOyB4,"[{""name"": ""\u3075\u308b\u3063\u3071\u30fc\u611b\u6ea2\u308cch\u3010\u4e00\u77ac\u3067\u597d\u304d\u306b\u306a\u308bFRUITSZIPPER\u3011"", ""url"": ""https://www.youtube.com/channel/UC00zCgXuk3i3oyYzcGUOxxQ""}]",2026-01-04 19:31:49.299000,"[""YouTube""]","[""YouTube \u306e\u518d\u751f\u5c65\u6b74""]",,,ふるっぱー愛溢れch【一瞬で好きになるFRUITSZIPPER】
YouTube,ビジュ全盛期#ミセスグリーンアップル #青と夏 #大森元貴 #おしら#しらスタ#Mrs. GREEN APPLE を視聴しました,https://www.youtube.com/watch?v=ap-m7rlOxX8,"[{""name"": ""\u9752\u30ea\u30f3\u30b4\u5a66\u4eba10bit"", ""url"": ""https://www.youtube.com/channel/UCjW-knFYJfYDv2F1eN1vFYQ""}]",2026-01-04 19:31:47.378000,"[""YouTube""]","[""YouTube \u306e\u518d\u751f\u5c65\u6b74""]",,,青リンゴ婦人10bit
YouTube,鉄腕DASHにミタゾノさん #松岡昌宏 #TOKIO #アイドル  #ジャニーズ を視聴しました,https://www.youtube.com/watch?v=T_bbSy4hlfs,"[{""name"": ""\u30a2\u30a4\u30c9\u30eb\u30a2\u30c3\u30d72025"", ""url"": ""https://www.youtube.com/channel/UCroTrlsCnAk4u6w975xGSOQ""}]",2026-01-04 19:31:33.837000,"[""YouTube""]","[""YouTube \u306e\u518d\u751f\u5c65\u6b74""]",,,アイドルアップ2025
YouTube,尊いSixTONES#sixtones #shorts を視聴しました,https://www.youtube.com/watch?v=D_KXgrTmDjI,"[{""name"": ""\u30a2\u30a4\u30c9\u30eb\u5927\u597d\u304d\u56f3\u9451"", ""url"": ""https://www.youtube.com/channel/UCAtoeb-wP2lEP7XQcrcICow""}]",2026-01-04 19:31:31.472000,"[""YouTube""]","[""YouTube \u306e\u518d\u751f\u5c65\u6b74""]",,,アイドル大好き図鑑
YouTube,https://www.youtube.com/watch?v=ZA7GcYyWsRk を視聴しました,https://www.youtube.com/watch?v=ZA7GcYyWsRk,,2026-01-04 19:31:24.161000,"[""YouTube""]","[""YouTube \u306e\u518d\u751f\u5c65\u6b74""]",,,error
YouTube,人は騙されて成長する　　　　　　　　#shorts #おすすめ #海外 #すごい #おもしろ #tiktokvideo #保育園#先生#ポーズ を視聴しました,https://www.youtube.com/watch?v=7pkpTw9N_Yw,"[{""name"": ""X\u6700\u9ad8"", ""url"": ""https://www.youtube.com/channel/UC15T400AYCfdr4jAH0NPfVg""}]",2026-01-04 19:31:21.910000,"[""YouTube""]","[""YouTube \u306e\u518d\u751f\u5c65\u6b74""]",,,X最高
YouTube,ジュースの飲み方が赤ちゃんすぎる松本かれん #fruitszipper #松本かれん #月足天音 #ふるっぱー #フルーツジッパー を視聴しました,https://www.youtube.com/watch?v=URiWz_93_fw,"[{""name"": ""NEW KAWAII ch"", ""url"": ""https://www.youtube.com/channel/UCDJkrY1kYK1Nj8phI4EFSjg""}]",2026-01-04 19:31:20.916000,"[""YouTube""]","[""YouTube \u306e\u518d\u751f\u5c65\u6b74""]",,,NEW KAWAII ch
YouTube,どんどん返し雑になっていくの面白すぎるwww#ちはやふる #清原果耶 #新田真剣佑 #広瀬すず を視聴しました,https://www.youtube.com/watch?v=S0G77QkadmU,"[{""name"": ""Japanese_starhistory"", ""url"": ""https://www.youtube.com/channel/UCfbByvJY5i5vpKQjm7CajVQ""}]",2026-01-04 19:31:19.006000,"[""YouTube""]","[""YouTube \u306e\u518d\u751f\u5c65\u6b74""]",,,Japanese_starhistory
YouTube,300人の子役と撮影する方法 を視聴しました,https://www.youtube.com/watch?v=n1vk1DBXl7Q,"[{""name"": ""\u307e\u3063\u3057\u3085\u30e0\u30fc\u30d3\u30fc"", ""url"": ""https://www.youtube.com/channel/UC6gf55fuoTIhEOh90cZKINA""}]",2026-01-04 19:30:03.589000,"[""YouTube""]","[""YouTube \u306e\u518d\u751f\u5c65\u6b74""]",,,まっしゅムービー
YouTube,【WEB CM解禁②】Essential × CUTIE STREET🌈 #ハッピー世界！ #CUTIESTREET を視聴しました,https://www.youtube.com/watch?v=DICtI9tl4jI,"[{""name"": ""CUTIE STREET"", ""url"": ""https://www.youtube.com/channel/UCEz-AFAg3EUKsxraad1puQA""}]",2026-01-04 19:30:01.015000,"[""YouTube""]","[""YouTube \u306e\u518d\u751f\u5c65\u6b74""]",,,CUTIE STREET
YouTube,アマゾン森本【ブラジル縦断旅〜#2】イグアスの滝~その１ を視聴しました,https://www.youtube.com/watch?v=nqhoJJOMICU,"[{""name"": ""\u30a2\u30de\u30be\u30f3\u68ee\u672c\u30c1\u30e3\u30f3\u30cd\u30eb"", ""url"": ""https://www.youtube.com/channel/UCl_2lY1kI-6p9DO5-94RJ5A""}]",2026-01-04 19:29:59.800000,"[""YouTube""]","[""YouTube \u306e\u518d\u751f\u5c65\u6b74""]",,,アマゾン森本チャンネル
YouTube,200%、100%、30%、自由、自由って感じ？？⭐️#もっとキラッと#MORESTAR #もあすた #KAWAIIlAB #カワラボ を視聴しました,https://www.youtube.com/watch?v=C6aenB1M_Bc,"[{""name"": ""MORE STAR"", ""url"": ""https://www.youtube.com/channel/UCBkLxz038AbxBA8CMw6o9oA""}]",2026-01-04 19:29:55.711000,"[""YouTube""]","[""YouTube \u306e\u518d\u751f\u5c65\u6b74""]",,,MORE STAR
YouTube,【#SixTONES】ベストアルバム「MILESixTONES -Best Tracks-」収録「Amazing!!!!!!」MV公開中！ #SixTONES_Amazing #shorts を視聴しました,https://www.youtube.com/watch?v=32udmAdWVRk,"[{""name"": ""SixTONES"", ""url"": ""https://www.youtube.com/channel/UCwjAKjycHHT1QzHrQN5Stww""}]",2026-01-04 19:29:53.671000,"[""YouTube""]","[""YouTube \u306e\u518d\u751f\u5c65\u6b74""]",,,SixTONES
YouTube,【嵐】ニノ&手越の相性◎な瞬間#嵐 #二宮和也 #shorts を視聴しました,https://www.youtube.com/watch?v=TJf8rJ9fSXg,"[{""name"": ""\u3044\u3044\u306d\u304c\u597d\u7269\u3055\u3093"", ""url"": ""https://www.youtube.com/channel/UCNro-n_AlHg3TEYMbzWr-yA""}]",2026-01-04 19:29:45.858000,"[""YouTube""]","[""YouTube \u306e\u518d\u751f\u5c65\u6b74""]",,,いいねが好物さん
YouTube,ミセス最速放送事故#ミセスグリーンアップル を視聴しました,https://www.youtube.com/watch?v=oFaPdfwcqlA,"[{""name"": ""\u30eb\u30cd\u30b5\u30f3\u30b9\u30b4\u30c3\u30c8"", ""url"": ""https://www.youtube.com/channel/UC_36W7iuvMIi4PwDAwcqkcw""}]",2026-01-04 19:29:43.699000,"[""YouTube""]","[""YouTube \u306e\u518d\u751f\u5c65\u6b74""]",,,ルネサンスゴット
YouTube,マジックに騙される松潤がおもろすぎるw#すごい #最高のシーン #shorts を視聴しました,https://www.youtube.com/watch?v=baZV0-P0eAM,"[{""name"": ""\u3053\u308c\u30a8\u30a8\u3084\u3093"", ""url"": ""https://www.youtube.com/channel/UC3FqX2adoxzuOwrbRt_c_Gw""}]",2026-01-04 19:29:22.121000,"[""YouTube""]","[""YouTube \u306e\u518d\u751f\u5c65\u6b74""]",,,これエエやん
YouTube,よくわかったな #fruitszipper #フルーツジッパー を視聴しました,https://www.youtube.com/watch?v=6u5Bxqu3dio,"[{""name"": ""\u304f\u308a\u307e\u3064\u661f\u4eba"", ""url"": ""https://www.youtube.com/channel/UCWUdlEl6I7-Aue4qmb07eLw""}]",2026-01-04 19:29:18.117000,"[""YouTube""]","[""YouTube \u306e\u518d\u751f\u5c65\u6b74""]",,,くりまつ星人
YouTube,松潤のやらかしが可愛すぎるw#すごい #最高のシーン #バズれ #shorts を視聴しました,https://www.youtube.com/watch?v=FjsrVit1fho,"[{""name"": ""\u7dd1\u304a\u3058\u3043\u306e\u30b7\u30e7\u30fc\u30c8"", ""url"": ""https://www.youtube.com/channel/UC-yOfEFvIc48ouq4jMCz4YA""}]",2026-01-04 19:29:07.335000,"[""YouTube""]","[""YouTube \u306e\u518d\u751f\u5c65\u6b74""]",,,緑おじぃのショート
YouTube,【対決】泣くのはどっち？？  #増田彩乃 #真鍋凪咲 #桜庭遥花 #CUTIESTREET #かわいいさがしてくれますか？ を視聴しました,https://www.youtube.com/watch?v=f7R_bjhbW9M,"[{""name"": ""CUTIE STREET"", ""url"": ""https://www.youtube.com/channel/UCEz-AFAg3EUKsxraad1puQA""}]",2026-01-04 19:29:06.440000,"[""YouTube""]","[""YouTube \u306e\u518d\u751f\u5c65\u6b74""]",,,CUTIE STREET
YouTube,https://www.youtube.com/watch?v=hNwPf1KfI9U を視聴しました,https://www.youtube.com/watch?v=hNwPf1KfI9U,,2026-01-04 19:28:54.803000,"[""YouTube""]","[""YouTube \u306e\u518d\u751f\u5c65\u6b74""]",,,error
YouTube,ラジオで見えないのを良いことに全力で登場したい【ガスト貸切】#星野源 #shorts #オールナイトニッポン を視聴しました,https://www.youtube.com/watch?v=-qDLcm6ClGs,"[{""name"": ""\u3059\u3057\u3089\u30fc\u3081\u3093\u300a\u308a\u304f\u300b"", ""url"": ""https://www.youtube.com/channel/UCljYHFazflmGaDr5Lo90KmA""}]",2026-01-04 19:28:52.028000,"[""YouTube""]","[""YouTube \u306e\u518d\u751f\u5c65\u6b74""]",,,すしらーめん《りく》
YouTube,よにのちゃんねる【後編!!】グランピングBBQ!!の日 を視聴しました,https://www.youtube.com/watch?v=LVWSQ0ivFZ0,"[{""name"": ""\u3088\u306b\u306e\u3061\u3083\u3093\u306d\u308b"", ""url"": ""https://www.youtube.com/channel/UC2alHD2WkakOiTxCxF-uMAg""}]",2026-01-04 19:28:50.805000,"[""YouTube""]","[""YouTube \u306e\u518d\u751f\u5c65\u6b74""]",,,よにのちゃんねる
YouTube,脱力！おいもエンジン🍠💨 を視聴しました,https://www.youtube.com/watch?v=Oz1TPbsmhus,"[{""name"": ""\u3059\u3057\u3089\u30fc\u3081\u3093\u300a\u306b\u304f\u300b\u21902nd"", ""url"": ""https://www.youtube.com/channel/UC78zfX-wGho3o6MrrnzLzMw""}]",2026-01-04 19:28:49.190000,"[""YouTube""]","[""YouTube \u306e\u518d\u751f\u5c65\u6b74""]",,,すしらーめん《にく》←2nd
YouTube,罠にハメられる大野くん#すごい #面白い #shorts を視聴しました,https://www.youtube.com/watch?v=R4gp3G37UO4,"[{""name"": ""\u3053\u308c\u30a8\u30a8\u3084\u3093"", ""url"": ""https://www.youtube.com/channel/UC3FqX2adoxzuOwrbRt_c_Gw""}]",2026-01-04 19:28:47.682000,"[""YouTube""]","[""YouTube \u306e\u518d\u751f\u5c65\u6b74""]",,,これエエやん
YouTube,アマゾン森本【ブラジル縦断旅〜#2】イグアスの滝~その２ を視聴しました,https://www.youtube.com/watch?v=jF8RRV_DmbM,"[{""name"": ""\u30a2\u30de\u30be\u30f3\u68ee\u672c\u30c1\u30e3\u30f3\u30cd\u30eb"", ""url"": ""https://www.youtube.com/channel/UCl_2lY1kI-6p9DO5-94RJ5A""}]",2026-01-04 19:28:45.973000,"[""YouTube""]","[""YouTube \u306e\u518d\u751f\u5c65\u6b74""]",,,アマゾン森本チャンネル
YouTube,Shortened: 何世杰10 を視聴しました,https://www.youtube.com/watch?v=bqmnhS9vI08,,2026-01-04 19:28:42.027000,"[""YouTube""]","[""\u30a6\u30a7\u30d6\u3068\u30a2\u30d7\u30ea\u306e\u30a2\u30af\u30c6\u30a3\u30d3\u30c6\u30a3"", ""YouTube \u306e\u518d\u751f\u5c65\u6b74""]",,"[{""name"": ""Google \u5e83\u544a\u304b\u3089""}]",Video ad upload channel for 311-099-9752
YouTube,現場監督の安全意識がスゴイ⛑️ を視聴しました,https://www.youtube.com/watch?v=14cmDiilIYo,"[{""name"": ""\u3059\u3057\u3089\u30fc\u3081\u3093\u300a\u308a\u304f\u300b"", ""url"": ""https://www.youtube.com/channel/UCljYHFazflmGaDr5Lo90KmA""}]",2026-01-04 19:28:41.055000,"[""YouTube""]","[""YouTube \u306e\u518d\u751f\u5c65\u6b74""]",,,すしらーめん《りく》
YouTube,フィッシャーズ鬼ごっこで圧倒的なズルをする人#shorts を視聴しました,https://www.youtube.com/watch?v=jPcugKHmJjA,"[{""name"": ""\u3059\u3057\u3089\u30fc\u3081\u3093\u300a\u306b\u304f\u300b\u21902nd"", ""url"": ""https://www.youtube.com/channel/UC78zfX-wGho3o6MrrnzLzMw""}]",2026-01-04 19:28:37.333000,"[""YouTube""]","[""YouTube \u306e\u518d\u751f\u5c65\u6b74""]",,,すしらーめん《にく》←2nd
YouTube,Japanese door!!😂😂 を視聴しました,https://www.youtube.com/watch?v=MR5b7Fa5R50,"[{""name"": ""\u3059\u3057\u3089\u30fc\u3081\u3093\u300a\u308a\u304f\u300b"", ""url"": ""https://www.youtube.com/channel/UCljYHFazflmGaDr5Lo90KmA""}]",2026-01-04 19:28:15.112000,"[""YouTube""]","[""YouTube \u306e\u518d\u751f\u5c65\u6b74""]",,,すしらーめん《りく》
YouTube,【MV Teaser 萩田そら】MORE STAR『ハグ！』 を視聴しました,https://www.youtube.com/watch?v=pux-1K7irHo,"[{""name"": ""KAWAII LAB."", ""url"": ""https://www.youtube.com/channel/UCW8Q9LBGGBgK6a-u0C0h95A""}]",2026-01-04 19:27:32.538000,"[""YouTube""]","[""YouTube \u306e\u518d\u751f\u5c65\u6b74""]",,,KAWAII LAB.
YouTube,"🌟⛩️𝟐𝟎𝟐𝟔 新年のご挨拶🎍🌟

#山本るしあ より皆様へ
【❤️新年の手書きメッセージ❤️】

❤️山本るしあ

出身：北海道
生年月日：2007/10/13（18歳）
担当カラー：赤色
特技 / 趣味：ダンス、オールラウンダーなところ / 寝ること、妹と話すこと

▼もっと知ってね
https://m.youtube.com/watch?v=UeyO7Zi2sqk&feature=youtu.be

🎧楽曲を聴く
『もっと、キラッと』
https://kawaii-lab.lnk.to/More_Sparkly

『ハグ！』
https://kawaii-lab.lnk.to/HUG

🎥MVを観る
https://m.youtube.com/watch?v=XwVtZ4xywkc&feature=youtu.be

#MORESTAR #もあすた
#KAWAIILAB #カワラボ を表示しました",https://www.youtube.com/post/UgkxdfBH9f0Qp9EZ3CH0RMcy7UTv0YXwH4q1,"[{""name"": ""MORE STAR"", ""url"": ""https://www.youtube.com/channel/UCBkLxz038AbxBA8CMw6o9oA""}]",2026-01-04 19:27:26.469000,"[""YouTube""]","[""YouTube \u306e\u518d\u751f\u5c65\u6b74""]",,,error
YouTube,google en nl 10s 1080x1080 Bloem UGC1 Stud CONS Intro FA を視聴しました,https://www.youtube.com/watch?v=zD-w6rlRi40,,2026-01-04 16:22:49.023000,"[""YouTube""]","[""\u30a6\u30a7\u30d6\u3068\u30a2\u30d7\u30ea\u306e\u30a2\u30af\u30c6\u30a3\u30d3\u30c6\u30a3"", ""YouTube \u306e\u518d\u751f\u5c65\u6b74"", ""YouTube \u306e\u691c\u7d22\u5c65\u6b74""]",17:22 で再生済み,"[{""name"": ""Google \u5e83\u544a\u304b\u3089""}]",Swapfiets
YouTube,REV NL ATL25 FREQUENCY GLOBAL FX 6s PM 16x9 を視聴しました,https://www.youtube.com/watch?v=uFZZcRPc_5E,,2026-01-04 16:10:18.893000,"[""YouTube""]","[""\u30a6\u30a7\u30d6\u3068\u30a2\u30d7\u30ea\u306e\u30a2\u30af\u30c6\u30a3\u30d3\u30c6\u30a3"", ""YouTube \u306e\u518d\u751f\u5c65\u6b74"", ""YouTube \u306e\u691c\u7d22\u5c65\u6b74""]",17:10 で再生済み,"[{""name"": ""Google \u5e83\u544a\u304b\u3089""}]",Revolut
YouTube,【木村さ〜〜ん！】木村拓哉＆Taka「ドッグフードを作る企画」がまったく違う内容になりそうです！TAKASAAAAN！ を視聴しました,https://www.youtube.com/watch?v=aiyBK07W9i8,"[{""name"": ""\u6728\u6751\u62d3\u54c9"", ""url"": ""https://www.youtube.com/channel/UCE-lBtQTa3A8gYgbl8xRMig""}]",2026-01-04 15:57:33.719000,"[""YouTube""]","[""YouTube \u306e\u518d\u751f\u5c65\u6b74""]",,,木村拓哉
YouTube,GOF3D7827_EN_FZ混剪-弹力绳交易-摆刀切木头_1080x1920 を視聴しました,https://www.youtube.com/watch?v=DKc9Ylllqtc,,2026-01-04 15:57:26.716000,"[""YouTube""]","[""\u30a6\u30a7\u30d6\u3068\u30a2\u30d7\u30ea\u306e\u30a2\u30af\u30c6\u30a3\u30d3\u30c6\u30a3"", ""YouTube \u306e\u518d\u751f\u5c65\u6b74"", ""YouTube \u306e\u691c\u7d22\u5c65\u6b74""]",16:57 で再生済み,"[{""name"": ""Google \u5e83\u544a\u304b\u3089""}]",Whiteout Survival
YouTube,Shortened: en us language learning journey variants language selector novo 30s vid 1080x1920 12 13 2 を視聴しました,https://www.youtube.com/watch?v=ZUj68p1zDvw,,2026-01-04 15:57:20.167000,"[""YouTube""]","[""\u30a6\u30a7\u30d6\u3068\u30a2\u30d7\u30ea\u306e\u30a2\u30af\u30c6\u30a3\u30d3\u30c6\u30a3"", ""YouTube \u306e\u518d\u751f\u5c65\u6b74"", ""YouTube \u306e\u691c\u7d22\u5c65\u6b74""]",16:57 で再生済み,"[{""name"": ""Google \u5e83\u544a\u304b\u3089""}]",Video ad upload channel for 110-014-9090
YouTube,【MV Teaser 板倉可奈】CUTIE STREET『ぷりきゅきゅ』 を視聴しました,https://www.youtube.com/watch?v=tf8Ennxtv2Y,"[{""name"": ""KAWAII LAB."", ""url"": ""https://www.youtube.com/channel/UCW8Q9LBGGBgK6a-u0C0h95A""}]",2026-01-03 17:01:52.902000,"[""YouTube""]","[""YouTube \u306e\u518d\u751f\u5c65\u6b74""]",,,KAWAII LAB.
YouTube,"🌟⛩️𝟐𝟎𝟐𝟔 新年のご挨拶🎍🌟

#中山こはく より皆様へ
【🩶新年の手書きメッセージ🩶】

🩶中山こはく

出身：神奈川県
生年月日：2008/07/30（17歳）
担当カラー：シルバー色
特技 / 趣味：絵を描くこと、ペットボトルの水を横から飲むこと、50音の決まった縦の行だけで話すこと / パン・甘いものを食べること

▼もっと知ってね
https://m.youtube.com/watch?v=fZjErYGxK24&feature=youtu.be

🎧楽曲を聴く
『もっと、キラッと』
https://kawaii-lab.lnk.to/More_Sparkly

『ハグ！』
https://kawaii-lab.lnk.to/HUG

🎥MVを観る
https://m.youtube.com/watch?v=XwVtZ4xywkc&feature=youtu.be

#MORESTAR #もあすた
#KAWAIILAB #カワラボ を表示しました",https://www.youtube.com/post/UgkxER5hu9J5ahpUTKURX738aA2NNm40Kz-o,"[{""name"": ""MORE STAR"", ""url"": ""https://www.youtube.com/channel/UCBkLxz038AbxBA8CMw6o9oA""}]",2026-01-03 17:01:32.462000,"[""YouTube""]","[""YouTube \u306e\u518d\u751f\u5c65\u6b74""]",,,error
YouTube,"🌟⛩️𝟐𝟎𝟐𝟔 新年のご挨拶🎍🌟

#山本るしあ より皆様へ
【❤️新年の手書きメッセージ❤️】

❤️山本るしあ

出身：北海道
生年月日：2007/10/13（18歳）
担当カラー：赤色
特技 / 趣味：ダンス、オールラウンダーなところ / 寝ること、妹と話すこと

▼もっと知ってね
https://m.youtube.com/watch?v=UeyO7Zi2sqk&feature=youtu.be

🎧楽曲を聴く
『もっと、キラッと』
https://kawaii-lab.lnk.to/More_Sparkly

『ハグ！』
https://kawaii-lab.lnk.to/HUG

🎥MVを観る
https://m.youtube.com/watch?v=XwVtZ4xywkc&feature=youtu.be

#MORESTAR #もあすた
#KAWAIILAB #カワラボ を表示しました",https://www.youtube.com/post/UgkxdfBH9f0Qp9EZ3CH0RMcy7UTv0YXwH4q1,"[{""name"": ""MORE STAR"", ""url"": ""https://www.youtube.com/channel/UCBkLxz038AbxBA8CMw6o9oA""}]",2026-01-03 17:01:32.462000,"[""YouTube""]","[""YouTube \u306e\u518d\u751f\u5c65\u6b74""]",,,error
YouTube,"💎2026年の #きゅーてすと へ💎

🩷桜庭遥花
あけましておめでとう！！
2026年もずっといっしょだよ！
今年もだいすきー♡

🧡川本笑瑠
2026年は年女です！
全部""うま""くいくと信じて
全部の目標を絶対にきゅーてすとと一緒に達成したいです。！！
2026年も太陽頑張ります🔅🧡

💙増田彩乃
はっぴーにゅーいやー！🐴⭐︎
今年も！うま~！い！ご飯を！
いっぱい食べて、パカラッと♩
幸せな時間を過ごそうだよ〜！
今年も宜しくお願い致します！

💜真鍋凪咲
2026年も沢山思い出作ろうね〜！！
いっぱい食べて寝て健康に過ごしましょう☺️

❤️佐野愛花
2026年も、きゅーてすとが私の原動力です⸝·⸝⋆꙳
一緒に最高の景色を見にいこうね♡♡

🩵梅田みゆ
明けましておめでとう！！
2026年もたくさん思い出つくろうね~♡
今年もよろしくお願いします☺️

💛古澤里紗
ステージに立って黄色が見えた時
アイドルとしてキラキラできますっ
いつもほんとにありがとう(ᐢ∩ ̫ ‹ᐢ)︎ ◝✩
2026年ももっーーーともっと
メロメロにさせちゃうぞーーと⋆⸜💛⸝‍⋆

💚板倉可奈
あけましておめでとうございます！🐴⟡.*
今年もみなさんが過ごす日常をより楽しくはっぴーにできるようにっ！頑張ります！✊🏻
今年もよろしくお願いいたします💎

#CUTIESTREET #きゅーすと 
#KAWAIIMAKER #きゅーてすと を表示しました",https://www.youtube.com/post/UgkxpjeObkDnaTriPACzy9Fm2ekNrFwiIBe8,"[{""name"": ""CUTIE STREET"", ""url"": ""https://www.youtube.com/channel/UCEz-AFAg3EUKsxraad1puQA""}]",2026-01-03 17:01:24.867000,"[""YouTube""]","[""YouTube \u306e\u518d\u751f\u5c65\u6b74""]",,,error
YouTube,【#ジェシー & #京本大我】8th Single「Good Luck!」  #SixTONES_GoodLuck  #SixTONES_MILESixTONES #Shorts を視聴しました,https://www.youtube.com/watch?v=UMNow1TeOXY,"[{""name"": ""SixTONES"", ""url"": ""https://www.youtube.com/channel/UCwjAKjycHHT1QzHrQN5Stww""}]",2026-01-03 17:00:16.105000,"[""YouTube""]","[""YouTube \u306e\u518d\u751f\u5c65\u6b74""]",,,SixTONES
YouTube,SixTONESのオールナイトニッポンサタデースペシャル  2026.01.03 を視聴しました,https://www.youtube.com/watch?v=HyBjg2o4glk,"[{""name"": ""Sun Radio"", ""url"": ""https://www.youtube.com/channel/UCq88duEk46tPjlkDIIq4A3g""}]",2026-01-03 14:31:02.553000,"[""YouTube""]","[""YouTube \u306e\u518d\u751f\u5c65\u6b74""]",,,Sun Radio
YouTube,D-reizen - Met Hansie op vakantie (Dec. 2025) を視聴しました,https://www.youtube.com/watch?v=cOpNSMjHaq4,,2026-01-03 14:30:49.421000,"[""YouTube""]","[""\u30a6\u30a7\u30d6\u3068\u30a2\u30d7\u30ea\u306e\u30a2\u30af\u30c6\u30a3\u30d3\u30c6\u30a3"", ""YouTube \u306e\u518d\u751f\u5c65\u6b74"", ""YouTube \u306e\u691c\u7d22\u5c65\u6b74""]",15:30 で再生済み,"[{""name"": ""Google \u5e83\u544a\u304b\u3089""}]",D-reizen
YouTube,竹内涼真＆町田啓太『10DANCE』撮影秘話「毎日誰よりも一緒にいた」初挑戦の社交ダンス「絶妙な距離感」での撮影で互いに「愛を感じた瞬間」＆カメラ目線で情熱的な一言を！めざましテレビ未公開インタビュー を視聴しました,https://www.youtube.com/watch?v=nppHBhRyHMs,"[{""name"": ""\u3081\u3056\u307e\u3057media"", ""url"": ""https://www.youtube.com/channel/UC3gp1pr5NYX87DU7nPjlmpA""}]",2026-01-03 09:49:07.033000,"[""YouTube""]","[""YouTube \u306e\u518d\u751f\u5c65\u6b74""]",,,めざましmedia
YouTube,google en nl 10s 1920x1080 Bloem UGC1 Stud CONS Intro FA を視聴しました,https://www.youtube.com/watch?v=gqKpgT6Ew-I,,2026-01-03 09:48:50.698000,"[""YouTube""]","[""\u30a6\u30a7\u30d6\u3068\u30a2\u30d7\u30ea\u306e\u30a2\u30af\u30c6\u30a3\u30d3\u30c6\u30a3"", ""YouTube \u306e\u518d\u751f\u5c65\u6b74"", ""YouTube \u306e\u691c\u7d22\u5c65\u6b74""]",10:48 で再生済み,"[{""name"": ""Google \u5e83\u544a\u304b\u3089""}]",Swapfiets
YouTube,INFMAC SAVINGS IAS  RhodeMacro AV 16x9 6s A1 NA NL NL Dec2025 VO を視聴しました,https://www.youtube.com/watch?v=5JWNFzEOagY,,2026-01-03 09:48:43.599000,"[""YouTube""]","[""\u30a6\u30a7\u30d6\u3068\u30a2\u30d7\u30ea\u306e\u30a2\u30af\u30c6\u30a3\u30d3\u30c6\u30a3"", ""YouTube \u306e\u518d\u751f\u5c65\u6b74"", ""YouTube \u306e\u691c\u7d22\u5c65\u6b74""]",10:48 で再生済み,"[{""name"": ""Google \u5e83\u544a\u304b\u3089""}]",Revolut
YouTube,Accepteer overal betalingen! Je bent altijd flexibel met myPOS Go 2 を視聴しました,https://www.youtube.com/watch?v=HWohJxg8Im0,,2026-01-03 08:36:22.041000,"[""YouTube""]","[""\u30a6\u30a7\u30d6\u3068\u30a2\u30d7\u30ea\u306e\u30a2\u30af\u30c6\u30a3\u30d3\u30c6\u30a3"", ""YouTube \u306e\u518d\u751f\u5c65\u6b74"", ""YouTube \u306e\u691c\u7d22\u5c65\u6b74""]",9:36 で再生済み,"[{""name"": ""Google \u5e83\u544a\u304b\u3089""}]",myPOS Nederland
YouTube,Shortened: en us language learning journey variants language selector vo 30s vid 1920x1080 12 13 202 を視聴しました,https://www.youtube.com/watch?v=1iZY-eGtX_o,,2026-01-03 08:36:14.289000,"[""YouTube""]","[""\u30a6\u30a7\u30d6\u3068\u30a2\u30d7\u30ea\u306e\u30a2\u30af\u30c6\u30a3\u30d3\u30c6\u30a3"", ""YouTube \u306e\u518d\u751f\u5c65\u6b74"", ""YouTube \u306e\u691c\u7d22\u5c65\u6b74""]",9:36 で再生済み,"[{""name"": ""Google \u5e83\u544a\u304b\u3089""}]",Video ad upload channel for 110-014-9090
YouTube,"『10DANCE』で話題の町田啓太「同い年なのに敬語が取れない」ファーストサマーウイカと”おもしろトーク”「甘いもの大好き」軽部真一アナに""教官""として食生活のアドバイス【めざましテレビ未公開】 を視聴しました",https://www.youtube.com/watch?v=y_oHP93xnBg,"[{""name"": ""\u3081\u3056\u307e\u3057media"", ""url"": ""https://www.youtube.com/channel/UC3gp1pr5NYX87DU7nPjlmpA""}]",2026-01-03 08:29:05.851000,"[""YouTube""]","[""YouTube \u306e\u518d\u751f\u5c65\u6b74""]",,,めざましmedia
YouTube,"🌟⛩️𝟐𝟎𝟐𝟔 新年のご挨拶🎍🌟

#山本るしあ より皆様へ
【❤️新年の手書きメッセージ❤️】

❤️山本るしあ

出身：北海道
生年月日：2007/10/13（18歳）
担当カラー：赤色
特技 / 趣味：ダンス、オールラウンダーなところ / 寝ること、妹と話すこと

▼もっと知ってね
https://m.youtube.com/watch?v=UeyO7Zi2sqk&feature=youtu.be

🎧楽曲を聴く
『もっと、キラッと』
https://kawaii-lab.lnk.to/More_Sparkly

『ハグ！』
https://kawaii-lab.lnk.to/HUG

🎥MVを観る
https://m.youtube.com/watch?v=XwVtZ4xywkc&feature=youtu.be

#MORESTAR #もあすた
#KAWAIILAB #カワラボ を表示しました",https://www.youtube.com/post/UgkxdfBH9f0Qp9EZ3CH0RMcy7UTv0YXwH4q1,"[{""name"": ""MORE STAR"", ""url"": ""https://www.youtube.com/channel/UCBkLxz038AbxBA8CMw6o9oA""}]",2026-01-02 17:06:54.233000,"[""YouTube""]","[""YouTube \u306e\u518d\u751f\u5c65\u6b74""]",,,error
YouTube,"【MV Teaser 板倉可奈】

1/10(土)Release & MV解禁💚
#CUTIESTREET New Music Video

『ぷりきゅきゅ』

▼MV Teaser 板倉可奈
https://youtu.be/tf8Ennxtv2Y

Lyrics/Compose/Arrange：YUPPA
Choreography：えりなっち
Director：Mimori Takagi
KAWAII LAB. Producer：木村ミサ

#CUTIESTREET #きゅーすと
#KAWAIIMAKER #きゅーてすと を表示しました",https://www.youtube.com/post/Ugkxwu6KSqH4V2dqBahuHUddL7YRyjcJS2NH,"[{""name"": ""CUTIE STREET"", ""url"": ""https://www.youtube.com/channel/UCEz-AFAg3EUKsxraad1puQA""}]",2026-01-02 17:06:45.076000,"[""YouTube""]","[""YouTube \u306e\u518d\u751f\u5c65\u6b74""]",,,error
YouTube,【新曲】 #板倉可奈💚 ぷりきゅきゅ #CUTIESTREET #きゅーすと を視聴しました,https://www.youtube.com/watch?v=OsD3i4DYjwI,"[{""name"": ""CUTIE STREET"", ""url"": ""https://www.youtube.com/channel/UCEz-AFAg3EUKsxraad1puQA""}]",2026-01-02 17:06:19.599000,"[""YouTube""]","[""YouTube \u306e\u518d\u751f\u5c65\u6b74""]",,,CUTIE STREET
YouTube,すしらーめんりくの実験を真似するのは犯罪ですか？【すしらー法律事務所】#shorts を視聴しました,https://www.youtube.com/watch?v=x3NThaKwB3s,"[{""name"": ""\u3059\u3057\u3089\u30fc\u3081\u3093\u300a\u308a\u304f\u300b"", ""url"": ""https://www.youtube.com/channel/UCljYHFazflmGaDr5Lo90KmA""}]",2026-01-02 17:04:54.545000,"[""YouTube""]","[""YouTube \u306e\u518d\u751f\u5c65\u6b74""]",,,すしらーめん《りく》
YouTube,【SixTONES 6周年企画】Live 映像を観て語り合おう⽣配信 を視聴しました,https://www.youtube.com/watch?v=RSHYV14Vbfs,"[{""name"": ""SixTONES"", ""url"": ""https://www.youtube.com/channel/UCwjAKjycHHT1QzHrQN5Stww""}]",2026-01-02 12:34:32.200000,"[""YouTube""]","[""YouTube \u306e\u518d\u751f\u5c65\u6b74""]",,,SixTONES
YouTube,SixTONES【新年早々…緊急生配信】6周年なんで特別な夜に✨ を視聴しました,https://www.youtube.com/watch?v=LdYrHO9RKjw,"[{""name"": ""SixTONES"", ""url"": ""https://www.youtube.com/channel/UCwjAKjycHHT1QzHrQN5Stww""}]",2026-01-02 12:01:40.545000,"[""YouTube""]","[""YouTube \u306e\u518d\u751f\u5c65\u6b74""]",,,SixTONES
YouTube,Google Ads 1920x1080 iPhone 15 15sec を視聴しました,https://www.youtube.com/watch?v=H9uB9w5QJtk,,2026-01-02 12:01:30.038000,"[""YouTube""]","[""\u30a6\u30a7\u30d6\u3068\u30a2\u30d7\u30ea\u306e\u30a2\u30af\u30c6\u30a3\u30d3\u30c6\u30a3"", ""YouTube \u306e\u518d\u751f\u5c65\u6b74"", ""YouTube \u306e\u691c\u7d22\u5c65\u6b74""]",13:01 で再生済み,"[{""name"": ""Google \u5e83\u544a\u304b\u3089""}]",Simyo Nederland
YouTube,YT AD Spotta 6 sec V2 を視聴しました,https://www.youtube.com/watch?v=xF4FejuWFR4,,2026-01-02 12:01:22.439000,"[""YouTube""]","[""\u30a6\u30a7\u30d6\u3068\u30a2\u30d7\u30ea\u306e\u30a2\u30af\u30c6\u30a3\u30d3\u30c6\u30a3"", ""YouTube \u306e\u518d\u751f\u5c65\u6b74"", ""YouTube \u306e\u691c\u7d22\u5c65\u6b74""]",13:01 で再生済み,"[{""name"": ""Google \u5e83\u544a\u304b\u3089""}]",Mark van der Eng
YouTube,ショート動画作成ツールを使用しました,,,2026-01-01 19:30:00.825000,"[""YouTube""]","[""YouTube \u306e\u518d\u751f\u5c65\u6b74""]",,,error
YouTube,【MV Teaser】MORE STAR『ハグ！』 を視聴しました,https://www.youtube.com/watch?v=27MkBOkGHj8,"[{""name"": ""KAWAII LAB."", ""url"": ""https://www.youtube.com/channel/UCW8Q9LBGGBgK6a-u0C0h95A""}]",2026-01-01 17:24:53.339000,"[""YouTube""]","[""YouTube \u306e\u518d\u751f\u5c65\u6b74""]",,,KAWAII LAB.
YouTube,【MV Teaser】CUTIE STREET『ぷりきゅきゅ』 を視聴しました,https://www.youtube.com/watch?v=JX09D7g2_fc,"[{""name"": ""KAWAII LAB."", ""url"": ""https://www.youtube.com/channel/UCW8Q9LBGGBgK6a-u0C0h95A""}]",2026-01-01 17:24:23.554000,"[""YouTube""]","[""YouTube \u306e\u518d\u751f\u5c65\u6b74""]",,,KAWAII LAB.
YouTube,"【#1】12,000人【CUTIE STREET SHORT DOCUMENTARY】 を視聴しました",https://www.youtube.com/watch?v=BnFKHsEn-eQ,"[{""name"": ""CUTIE STREET"", ""url"": ""https://www.youtube.com/channel/UCEz-AFAg3EUKsxraad1puQA""}]",2026-01-01 17:05:50.928000,"[""YouTube""]","[""YouTube \u306e\u518d\u751f\u5c65\u6b74""]",,,CUTIE STREET
YouTube,INH CARDS METALPLAN 416783 BENELUXTravel Benefits UGCxAI 16x9 6s A 1 NL NL Jun2025 を視聴しました,https://www.youtube.com/watch?v=qWok-Ncbhro,,2026-01-01 17:05:46.093000,"[""YouTube""]","[""\u30a6\u30a7\u30d6\u3068\u30a2\u30d7\u30ea\u306e\u30a2\u30af\u30c6\u30a3\u30d3\u30c6\u30a3"", ""YouTube \u306e\u518d\u751f\u5c65\u6b74"", ""YouTube \u306e\u691c\u7d22\u5c65\u6b74""]",18:05 で再生済み,"[{""name"": ""Google \u5e83\u544a\u304b\u3089""}]",Revolut
YouTube,【2025年まとめ】CUTIE STREET『かわいいだけじゃだめですか？』 を視聴しました,https://www.youtube.com/watch?v=4d5q-JY0mjg,"[{""name"": ""CUTIE STREET"", ""url"": ""https://www.youtube.com/channel/UCEz-AFAg3EUKsxraad1puQA""}]",2026-01-01 17:01:48.252000,"[""YouTube""]","[""YouTube \u306e\u518d\u751f\u5c65\u6b74""]",,,CUTIE STREET
YouTube,Shortened: en us language learning journey variants language selector novo 30s vid 1080x1920 12 13 2 を視聴しました,https://www.youtube.com/watch?v=ZUj68p1zDvw,,2026-01-01 17:01:41.049000,"[""YouTube""]","[""\u30a6\u30a7\u30d6\u3068\u30a2\u30d7\u30ea\u306e\u30a2\u30af\u30c6\u30a3\u30d3\u30c6\u30a3"", ""YouTube \u306e\u518d\u751f\u5c65\u6b74"", ""YouTube \u306e\u691c\u7d22\u5c65\u6b74""]",18:01 で再生済み,"[{""name"": ""Google \u5e83\u544a\u304b\u3089""}]",Video ad upload channel for 110-014-9090
YouTube,"💎2026年の #きゅーてすと へ💎

🩷桜庭遥花
あけましておめでとう！！
2026年もずっといっしょだよ！
今年もだいすきー♡

🧡川本笑瑠
2026年は年女です！
全部""うま""くいくと信じて
全部の目標を絶対にきゅーてすとと一緒に達成したいです。！！
2026年も太陽頑張ります🔅🧡

💙増田彩乃
はっぴーにゅーいやー！🐴⭐︎
今年も！うま~！い！ご飯を！
いっぱい食べて、パカラッと♩
幸せな時間を過ごそうだよ〜！
今年も宜しくお願い致します！

💜真鍋凪咲
2026年も沢山思い出作ろうね〜！！
いっぱい食べて寝て健康に過ごしましょう☺️

❤️佐野愛花
2026年も、きゅーてすとが私の原動力です⸝·⸝⋆꙳
一緒に最高の景色を見にいこうね♡♡

🩵梅田みゆ
明けましておめでとう！！
2026年もたくさん思い出つくろうね~♡
今年もよろしくお願いします☺️

💛古澤里紗
ステージに立って黄色が見えた時
アイドルとしてキラキラできますっ
いつもほんとにありがとう(ᐢ∩ ̫ ‹ᐢ)︎ ◝✩
2026年ももっーーーともっと
メロメロにさせちゃうぞーーと⋆⸜💛⸝‍⋆

💚板倉可奈
あけましておめでとうございます！🐴⟡.*
今年もみなさんが過ごす日常をより楽しくはっぴーにできるようにっ！頑張ります！✊🏻
今年もよろしくお願いいたします💎

#CUTIESTREET #きゅーすと 
#KAWAIIMAKER #きゅーてすと を表示しました",https://www.youtube.com/post/UgkxpjeObkDnaTriPACzy9Fm2ekNrFwiIBe8,"[{""name"": ""CUTIE STREET"", ""url"": ""https://www.youtube.com/channel/UCEz-AFAg3EUKsxraad1puQA""}]",2026-01-01 17:01:32.231000,"[""YouTube""]","[""YouTube \u306e\u518d\u751f\u5c65\u6b74""]",,,error
YouTube,【#ジェシー & #京本大我 & #森本慎太郎】14th Single「バリア」 #SixTONES_バリア  #SixTONES_MILESixTONES #Shorts を視聴しました,https://www.youtube.com/watch?v=ixSWlSJk9Sk,"[{""name"": ""SixTONES"", ""url"": ""https://www.youtube.com/channel/UCwjAKjycHHT1QzHrQN5Stww""}]",2026-01-01 17:01:24.483000,"[""YouTube""]","[""YouTube \u306e\u518d\u751f\u5c65\u6b74""]",,,SixTONES
YouTube,【#森本慎太郎 & #田中樹】9th Single「こっから」 #SixTONES_こっから #SixTONES_MILESixTONES #Shorts を視聴しました,https://www.youtube.com/watch?v=HTsv9ksJyww,"[{""name"": ""SixTONES"", ""url"": ""https://www.youtube.com/channel/UCwjAKjycHHT1QzHrQN5Stww""}]",2026-01-01 17:01:23.626000,"[""YouTube""]","[""YouTube \u306e\u518d\u751f\u5c65\u6b74""]",,,SixTONES
YouTube,【#ジェシー & #髙地優吾】9th Single「こっから」  #SixTONES_こっから  #SixTONES_MILESixTONES #Shorts を視聴しました,https://www.youtube.com/watch?v=Pt6D0cnKMHk,"[{""name"": ""SixTONES"", ""url"": ""https://www.youtube.com/channel/UCwjAKjycHHT1QzHrQN5Stww""}]",2026-01-01 17:01:21.859000,"[""YouTube""]","[""YouTube \u306e\u518d\u751f\u5c65\u6b74""]",,,SixTONES
YouTube,【#京本大我 & #松村北斗】9th Single「こっから」  #SixTONES_こっから  #SixTONES_MILESixTONES #Shorts を視聴しました,https://www.youtube.com/watch?v=gY0VSLhFB0A,"[{""name"": ""SixTONES"", ""url"": ""https://www.youtube.com/channel/UCwjAKjycHHT1QzHrQN5Stww""}]",2026-01-01 17:01:19.406000,"[""YouTube""]","[""YouTube \u306e\u518d\u751f\u5c65\u6b74""]",,,SixTONES
YouTube,2026年 SixTONES【リーダー京本大我】からのご挨拶🎠 を視聴しました,https://www.youtube.com/watch?v=3XC4fmu03oU,"[{""name"": ""SixTONES"", ""url"": ""https://www.youtube.com/channel/UCwjAKjycHHT1QzHrQN5Stww""}]",2026-01-01 17:00:23.382000,"[""YouTube""]","[""YouTube \u306e\u518d\u751f\u5c65\u6b74""]",,,SixTONES
